Pathway,Pathway_ID,Community_ID,Community_Size,Overlap_Size,Pathway_Coverage_%,Community_Coverage_%,P_Value,Overlapping_Genes
C0036095,0,410,236,4,8.88888888888889,1.694915254237288,0.0014673146234486956,"5176, 2195, 6484, 81831"
C0036095,0,326,97,2,4.444444444444445,2.0618556701030926,0.017496874991379658,"4082, 5587"
C0036095,0,178,19,1,2.2222222222222223,5.263157894736842,0.03894183729526211,2621
C0036095,0,227,20,1,2.2222222222222223,5.0,0.04094980541308704,6659
C0036095,0,449,20,1,2.2222222222222223,5.0,0.04094980541308704,358
C0036095,0,87,22,1,2.2222222222222223,4.545454545454546,0.04495344302842135,2019
C0036095,0,413,23,1,2.2222222222222223,4.3478260869565215,0.04694912889160782,6651
C0033941,1,202,139,2,11.76470588235294,1.4388489208633095,0.005268797904283531,"8787, 3350"
C0033941,1,381,11,1,5.88235294117647,9.090909090909092,0.008642549551200059,2099
C0033941,1,393,14,1,5.88235294117647,7.142857142857142,0.010987378837375168,5245
C0033941,1,313,27,1,5.88235294117647,3.7037037037037033,0.02108811812970924,2950
C0033941,1,179,31,1,5.88235294117647,3.225806451612903,0.024176452374100172,135
C0033941,1,158,34,1,5.88235294117647,2.941176470588235,0.0264866826365572,3362
C0033941,1,38,35,1,5.88235294117647,2.857142857142857,0.02725561477404633,4886
C0033941,1,94,35,1,5.88235294117647,2.857142857142857,0.02725561477404633,207
C0033941,1,157,35,1,5.88235294117647,2.857142857142857,0.02725561477404633,9463
C0033941,1,218,56,1,5.88235294117647,1.7857142857142856,0.043271751676124785,1636
C0033941,1,255,58,1,5.88235294117647,1.7241379310344827,0.044784083973143346,6648
C0033941,1,5,437,2,11.76470588235294,0.4576659038901602,0.04562071741222206,"2912, 4988"
C0043459,2,101,21,5,33.33333333333333,23.809523809523807,1.566215867188453e-12,"5824, 5825, 5192, 5193, 8504"
C0043459,2,109,9,3,20.0,33.33333333333333,2.2837528560797963e-08,"55670, 5189, 5190"
C0043459,2,255,58,2,13.333333333333334,3.4482758620689653,0.0007303975477935647,"5830, 3295"
C0043459,2,428,85,2,13.333333333333334,2.3529411764705883,0.0015604296497625952,"5194, 5195"
C0043459,2,411,30,1,6.666666666666667,3.3333333333333335,0.020679406503212722,5828
C0043459,2,513,32,1,6.666666666666667,3.125,0.02204374263465239,8799
C0033860,3,208,33,4,5.0,12.121212121212121,6.6292859519941335e-06,"51561, 3593, 149233, 6774"
C0033860,3,274,211,5,6.25,2.3696682464454977,0.0011358701777444311,"7297, 8651, 3596, 3565, 1437"
C0033860,3,255,58,2,2.5,3.4482758620689653,0.0196575449345336,"6648, 847"
C0033860,3,375,309,4,5.0,1.2944983818770228,0.027996301643100574,"84648, 29785, 353144, 353143"
C0033860,3,17,11,1,1.25,9.090909090909092,0.04008203236359115,4288
C0027726,4,372,176,5,23.809523809523807,2.840909090909091,6.272392923241493e-07,"1282, 1284, 462, 1277, 5054"
C0027726,4,450,32,1,4.761904761904762,3.125,0.03072879073607239,7827
C0027726,4,135,36,1,4.761904761904762,2.7777777777777777,0.0345060435780664,2
C0027726,4,47,39,1,4.761904761904762,2.564102564102564,0.037329778815345084,7018
C0027726,4,351,50,1,4.761904761904762,2.0,0.047616332436731496,2262
C0338480,5,126,17,1,8.333333333333332,5.88235294117647,0.009424740057912653,79054
C0338480,5,316,17,1,8.333333333333332,5.88235294117647,0.009424740057912653,9457
C0338480,5,215,25,1,8.333333333333332,4.0,0.013831676188246904,79783
C0338480,5,310,31,1,8.333333333333332,3.225806451612903,0.017125076104516183,221692
C0338480,5,180,35,1,8.333333333333332,2.857142857142857,0.019315071608989536,6863
C0338480,5,331,35,1,8.333333333333332,2.857142857142857,0.019315071608989536,23063
C0338480,5,135,36,1,8.333333333333332,2.7777777777777777,0.019861871123007375,23245
C0338480,5,492,39,1,8.333333333333332,2.564102564102564,0.021500593275061448,4035
C0338480,5,210,68,1,8.333333333333332,1.4705882352941175,0.037212593906081566,4209
C0026636,6,63,79,2,16.666666666666664,2.5316455696202533,0.0008546068659761523,"8208, 10036"
C0026636,6,34,17,1,8.333333333333332,5.88235294117647,0.009424740057912653,672
C0026636,6,209,18,1,8.333333333333332,5.555555555555555,0.009976592570415204,9518
C0026636,6,275,19,1,8.333333333333332,5.263157894736842,0.010528163251001811,3301
C0026636,6,361,29,1,8.333333333333332,3.4482758620689653,0.016028398062173627,6283
C0026636,6,411,30,1,8.333333333333332,3.3333333333333335,0.01657687721598512,51182
C0026636,6,260,43,1,8.333333333333332,2.3255813953488373,0.023681649412814854,2189
C0026636,6,351,50,1,8.333333333333332,2.0,0.027487777421919688,2937
C0026636,6,347,66,1,8.333333333333332,1.5151515151515151,0.03613647813215641,5743
C0026636,6,234,70,1,8.333333333333332,1.4285714285714286,0.03828760825660259,56603
C0026636,6,45,78,1,8.333333333333332,1.282051282051282,0.04257667191051981,54541
C1838979,7,499,105,23,82.14285714285714,21.904761904761905,4.721191621246406e-50,"374291, 29078, 79133, 51103, 4535, 4536, 4537, 4538, 25915, 4540, 4541, 126328, 4694, 4709, 4715, 4719, 4720, 4722, 4723, 4724, 4726, 4728, 4729"
C1838979,7,148,36,1,3.571428571428571,2.7777777777777777,0.045748674243139095,91942
C0236969,8,326,97,5,4.385964912280701,5.154639175257731,0.0001656822022449452,"2915, 5581, 2893, 5583, 4985"
C0236969,8,425,137,5,4.385964912280701,3.64963503649635,0.0008124611284800999,"4646, 3983, 10160, 22998, 55930"
C0236969,8,269,45,3,2.631578947368421,6.666666666666667,0.0017386715134236513,"4897, 23034, 9748"
C0236969,8,196,86,3,2.631578947368421,3.488372093023256,0.01072401904118228,"5768, 29126, 23214"
C0236969,8,138,39,2,1.7543859649122806,5.128205128205128,0.018083889871683193,"80034, 64478"
C0236969,8,43,42,2,1.7543859649122806,4.761904761904762,0.020798199069759268,"9547, 143379"
C0236969,8,90,65,2,1.7543859649122806,3.076923076923077,0.046467465506574504,"10257, 81035"
C0002878,9,500,58,2,16.666666666666664,3.4482758620689653,0.00046149601587875804,"2729, 3043"
C0002878,9,267,68,2,16.666666666666664,2.941176470588235,0.0006340240498269189,"2821, 7167"
C0002878,9,268,77,2,16.666666666666664,2.5974025974025974,0.0008121151304010506,"2936, 2539"
C0002878,9,175,20,1,8.333333333333332,5.0,0.01107945223052582,6710
C0002878,9,338,24,1,8.333333333333332,4.166666666666666,0.013281793753149045,3440
C0002878,9,107,34,1,8.333333333333332,2.941176470588235,0.01876799248013954,3162
C0002878,9,395,37,1,8.333333333333332,2.7027027027027026,0.020408391152119586,6521
C0002878,9,23,47,1,8.333333333333332,2.127659574468085,0.025858248318437704,3704
C0003873,10,285,96,11,5.0228310502283104,11.458333333333332,3.830520617774559e-09,"3553, 6372, 2920, 1803, 176, 6355, 3576, 4313, 1404, 6366, 4319"
C0003873,10,274,211,14,6.392694063926941,6.6350710900473935,3.6171269835843705e-08,"51744, 7297, 3560, 5771, 7852, 940, 26191, 914, 916, 1493, 3572, 921, 5788, 1437"
C0003873,10,326,97,8,3.65296803652968,8.24742268041237,6.643140383421563e-06,"3559, 10666, 5583, 624, 4082, 5588, 5243, 5341"
C0003873,10,301,70,6,2.73972602739726,8.571428571428571,7.828937974758137e-05,"3557, 3654, 1235, 7189, 7097, 23643"
C0003873,10,184,82,6,2.73972602739726,7.317073170731707,0.0001889897340037402,"3491, 8200, 285704, 652, 654, 1490"
C0003873,10,16,41,4,1.82648401826484,9.75609756097561,0.0007816650504159835,"4204, 7090, 8013, 3237"
C0003873,10,324,24,3,1.36986301369863,12.5,0.001788081387675237,"356, 4261, 639"
C0003873,10,397,25,3,1.36986301369863,12.0,0.002016791866423073,"81849, 8604, 81567"
C0003873,10,113,14,2,0.91324200913242,14.285714285714285,0.008626765626372535,"84709, 57719"
C0003873,10,108,84,4,1.82648401826484,4.761904761904762,0.01061968632131084,"10745, 50943, 3516, 3239"
C0003873,10,249,16,2,0.91324200913242,12.5,0.01122531675199626,"1401, 2212"
C0003873,10,353,61,3,1.36986301369863,4.918032786885246,0.02417909557949682,"640, 8714, 57007"
C0003873,10,153,65,3,1.36986301369863,4.615384615384616,0.028498540314729558,"10586, 3236, 5453"
C0003873,10,208,33,2,0.91324200913242,6.0606060606060606,0.04414048355377425,"51561, 6775"
C0003873,10,45,78,3,1.36986301369863,3.8461538461538463,0.04514871103866557,"5673, 306, 54541"
C0003873,10,363,34,2,0.91324200913242,5.88235294117647,0.04659258366403271,"4795, 3798"
C0003872,11,423,99,2,11.76470588235294,2.0202020202020203,0.0027146732672214706,"7124, 64127"
C0003872,11,76,20,1,5.88235294117647,5.0,0.015661386390433164,54620
C0003872,11,167,20,1,5.88235294117647,5.0,0.015661386390433164,4049
C0003872,11,208,33,1,5.88235294117647,3.0303030303030303,0.025717178456746967,3593
C0003872,11,43,42,1,5.88235294117647,2.380952380952381,0.03262215600889169,5966
C0003872,11,124,57,1,5.88235294117647,1.7543859649122806,0.044028199293514966,3107
C0002871,12,36,43,2,7.4074074074074066,4.651162790697675,0.0013216372629016818,"57817, 30061"
C0002871,12,479,3,1,3.7037037037037033,33.33333333333333,0.0037529497961078396,51312
C0002871,12,423,99,2,7.4074074074074066,2.0202020202020203,0.006800247265364901,"7124, 8797"
C0002871,12,274,211,2,7.4074074074074066,0.9478672985781991,0.028504223184255474,"3562, 1437"
C0002871,12,80,24,1,3.7037037037037033,4.166666666666666,0.029646411579114938,5741
C0002871,12,338,24,1,3.7037037037037033,4.166666666666666,0.029646411579114938,3440
C0002871,12,362,30,1,3.7037037037037033,3.3333333333333335,0.036924704156704125,1440
C0002871,12,465,30,1,3.7037037037037033,3.3333333333333335,0.036924704156704125,5617
C0002871,12,38,35,1,3.7037037037037033,2.857142857142857,0.04294976357255134,5972
C0002871,12,47,39,1,3.7037037037037033,2.564102564102564,0.047743661012177196,3481
C0206698,13,288,25,2,8.333333333333332,8.0,0.00035083962636545373,"3417, 3418"
C0206698,13,505,57,2,8.333333333333332,3.508771929824561,0.0018263303399941126,"55193, 8289"
C0206698,13,206,82,2,8.333333333333332,2.4390243902439024,0.003736374902843354,"3845, 2263"
C0206698,13,143,96,2,8.333333333333332,2.083333333333333,0.005081902014467447,"5566, 5567"
C0206698,13,448,10,1,4.166666666666666,10.0,0.01107996398620278,1956
C0206698,13,9,16,1,4.166666666666666,6.25,0.0176713672497525,5178
C0206698,13,305,16,1,4.166666666666666,6.25,0.0176713672497525,6092
C0206698,13,274,211,2,8.333333333333332,0.9478672985781991,0.02284578951133502,"2064, 5774"
C0206698,13,177,26,1,4.166666666666666,3.8461538461538463,0.028563578728317468,7157
C0206754,14,125,40,3,30.0,7.5,7.038319876696118e-07,"6752, 6753, 6751"
C0206754,14,10,15,1,10.0,6.666666666666667,0.00693799282614819,1616
C0206754,14,465,30,1,10.0,3.3333333333333335,0.01383263338545757,5744
C0206754,14,23,47,1,10.0,2.127659574468085,0.02159445546573483,7298
C0206754,14,458,64,1,10.0,1.5625,0.029301252368808546,1027
C0206754,14,11,65,1,10.0,1.5384615384615385,0.029752887202303725,546
C0206754,14,32,65,1,10.0,1.5384615384615385,0.029752887202303725,673
C0206754,14,210,68,1,10.0,1.4705882352941175,0.03110665722348711,4221
C0024530,15,423,99,2,9.523809523809524,2.0202020202020203,0.004141980861685542,"7124, 4055"
C0024530,15,372,176,2,9.523809523809524,1.1363636363636365,0.012570329779483816,"1378, 948"
C0024530,15,249,16,1,4.761904761904762,6.25,0.015478568242388472,1401
C0024530,15,477,25,1,4.761904761904762,4.0,0.024084709395797873,3383
C0024530,15,56,32,1,4.761904761904762,3.125,0.03072879073607239,2995
C0024530,15,395,37,1,4.761904761904762,2.7027027027027026,0.03544816397604329,6521
C0024530,15,494,40,1,4.761904761904762,2.5,0.03826927480218758,2993
C0024530,15,60,44,1,4.761904761904762,2.272727272727273,0.04201853386505742,91752
C0024530,15,376,49,1,4.761904761904762,2.0408163265306123,0.04668553441844935,2213
C0598608,16,423,99,3,27.27272727272727,3.0303030303030303,1.509366501488195e-05,"834, 7124, 29108"
C0598608,16,384,15,1,9.090909090909092,6.666666666666667,0.007629315521075923,1674
C0598608,16,159,20,1,9.090909090909092,5.0,0.01016063726465248,875
C0598608,16,359,28,1,9.090909090909092,3.571428571428571,0.014198545004062093,4552
C0598608,16,450,32,1,9.090909090909092,3.125,0.016211878182100983,4868
C0598608,16,48,71,1,9.090909090909092,1.4084507042253522,0.03564689381936796,4524
C0598608,16,30,89,1,9.090909090909092,1.1235955056179776,0.044498619908747206,27232
C0598608,16,98,91,1,9.090909090909092,1.098901098901099,0.04547757156867407,5444
C0019693,17,200,111,14,14.000000000000002,12.612612612612612,1.2093072370714744e-16,"5699, 9861, 5702, 5719, 5705, 5709, 5714, 5685, 5686, 5687, 5720, 5721, 5692, 23198"
C0019693,17,285,96,7,7.000000000000001,7.291666666666667,3.1783950582978725e-07,"6347, 6348, 6349, 1232, 6387, 6356, 3577"
C0019693,17,280,98,4,4.0,4.081632653061225,0.0011278044218872242,"3837, 5901, 5902, 4927"
C0019693,17,471,22,2,2.0,9.090909090909092,0.004632450334225029,"3586, 23411"
C0019693,17,105,74,3,3.0,4.054054054054054,0.004947075507677015,"396, 397, 998"
C0019693,17,50,25,2,2.0,8.0,0.005962027362198599,"80273, 7266"
C0019693,17,428,85,3,3.0,3.5294117647058822,0.007266543580718216,"7203, 22948, 10574"
C0019693,17,404,2,1,1.0,50.0,0.009256423951335807,6426
C0019693,17,203,3,1,1.0,33.33333333333333,0.0138527754987664,7307
C0019693,17,144,111,3,3.0,2.7027027027027026,0.01497045163926362,"10946, 8683, 10189"
C0019693,17,468,41,2,2.0,4.878048780487805,0.015531674400787262,"1026, 1647"
C0019693,17,33,5,1,1.0,20.0,0.02298223987322174,3608
C0019693,17,124,57,2,2.0,3.508771929824561,0.02881969741795609,"3106, 3107"
C0019693,17,129,59,2,2.0,3.389830508474576,0.030712954256264354,"10204, 5479"
C0019693,17,277,8,1,1.0,12.5,0.036519773057641314,3692
C0019693,17,230,10,1,1.0,10.0,0.0454414578049448,393
C0019693,17,262,10,1,1.0,10.0,0.0454414578049448,4193
C0038013,18,208,33,2,13.333333333333334,6.0606060606060606,0.0002356588467143274,"3593, 149233"
C0038013,18,124,57,2,13.333333333333334,3.508771929824561,0.0007054948395040368,"3105, 3106"
C0038013,18,107,34,1,6.666666666666667,2.941176470588235,0.023406304597069542,23046
C0038013,18,377,35,1,6.666666666666667,2.857142857142857,0.024086920934524515,9755
C0038013,18,81,63,1,6.666666666666667,1.5873015873015872,0.04296540004790609,100507436
C0038013,18,301,70,1,6.666666666666667,1.4285714285714286,0.04763146795234633,7850
C0010606,19,210,68,4,4.0,5.88235294117647,0.0002827265672193324,"4602, 7403, 58508, 23135"
C0010606,19,332,68,4,4.0,5.88235294117647,0.0002827265672193324,"54880, 23269, 63035, 4613"
C0010606,19,165,50,3,3.0,6.0,0.0016207139566379884,"4851, 55534, 182"
C0010606,19,505,57,3,3.0,5.263157894736842,0.002363448310165171,"8289, 6595, 6605"
C0010606,19,87,22,2,2.0,9.090909090909092,0.004632450334225029,"9874, 2019"
C0010606,19,206,82,3,3.0,3.6585365853658534,0.006580757409063982,"2264, 5290, 54756"
C0010606,19,211,31,2,2.0,6.451612903225806,0.009075823576137114,"7994, 23774"
C0010606,19,97,43,2,2.0,4.651162790697675,0.017001689229855656,"4603, 2309"
C0010606,19,410,236,4,4.0,1.694915254237288,0.02427351877589267,"5176, 2195, 6484, 81831"
C0010606,19,11,65,2,2.0,3.076923076923077,0.03667680844552145,"472, 546"
C0010606,19,32,65,2,2.0,3.076923076923077,0.03667680844552145,"3265, 5605"
C0010606,19,85,9,1,1.0,11.11111111111111,0.040990886459387844,8823
C0010606,19,445,71,2,2.0,2.8169014084507045,0.04304556989764334,"10933, 10847"
C3495559,20,496,87,7,5.46875,8.045977011494253,8.691579353920149e-07,"1958, 3725, 2353, 2354, 2355, 1649, 23764"
C3495559,20,13,92,4,3.125,4.3478260869565215,0.002214312804774587,"5594, 1843, 1844, 1846"
C3495559,20,372,176,5,3.90625,2.840909090909091,0.004042271305484798,"5008, 7057, 3674, 5627, 2812"
C3495559,20,274,211,5,3.90625,2.3696682464454977,0.008584247504930675,"2209, 7852, 340205, 1493, 3480"
C3495559,20,190,28,2,1.5625,7.142857142857142,0.011953972109851083,"55500, 9468"
C3495559,20,6,54,2,1.5625,3.7037037037037033,0.04095982485639583,"85413, 1998"
C3495559,20,188,8,1,0.78125,12.5,0.04653381619958567,9690
C0027659,21,173,15,2,5.714285714285714,13.333333333333334,0.0002653491235995421,"196, 405"
C0027659,21,208,33,2,5.714285714285714,6.0606060606060606,0.0013100731943290612,"3592, 3593"
C0027659,21,458,64,2,5.714285714285714,3.125,0.004846894192416723,"595, 1019"
C0027659,21,32,65,2,5.714285714285714,3.076923076923077,0.004995689686033128,"3265, 4893"
C0027659,21,423,99,2,5.714285714285714,2.0202020202020203,0.011256372121107824,"7124, 8743"
C0027659,21,151,7,1,2.857142857142857,14.285714285714285,0.011311576180249578,22827
C0027659,21,372,176,2,5.714285714285714,1.1363636363636365,0.03306604455866191,"3082, 6678"
C0027659,21,480,22,1,2.857142857142857,4.545454545454546,0.035133686380346626,30834
C0027659,21,274,211,2,5.714285714285714,0.9478672985781991,0.04593032594020004,"2064, 613"
C0027659,21,136,29,1,2.857142857142857,3.4482758620689653,0.04605894222030006,7422
C0027659,21,345,31,1,2.857142857142857,3.225806451612903,0.0491583077321676,1728
C0027658,22,254,21,1,7.6923076923076925,4.761904761904762,0.012593827490682342,79923
C0027658,22,488,21,1,7.6923076923076925,4.761904761904762,0.012593827490682342,4254
C0027658,22,480,22,1,7.6923076923076925,4.545454545454546,0.013189865763463786,1761
C0027658,22,374,28,1,7.6923076923076925,3.571428571428571,0.016759126566745698,2072
C0027658,22,157,35,1,7.6923076923076925,2.857142857142857,0.020908200989063118,9573
C0027658,22,395,37,1,7.6923076923076925,2.7027027027027026,0.022090678899966954,6515
C0027658,22,150,54,1,7.6923076923076925,1.8518518518518516,0.03208864732511305,5460
C0027658,22,149,56,1,7.6923076923076925,1.7857142857142856,0.033258654897920965,928
C0027658,22,332,68,1,7.6923076923076925,1.4705882352941175,0.04025132881508071,1911
C0027658,22,234,70,1,7.6923076923076925,1.4285714285714286,0.041412224985404526,6337
C0027658,22,205,73,1,7.6923076923076925,1.36986301369863,0.043151139081799454,2067
C0027658,22,95,78,1,7.6923076923076925,1.282051282051282,0.04604285987018466,55729
C0002171,23,285,96,2,18.181818181818183,2.083333333333333,0.0010515645930570861,"2833, 3627"
C0002171,23,185,22,1,9.090909090909092,4.545454545454546,0.011171521331669128,64375
C0002171,23,5,437,2,18.181818181818183,0.4576659038901602,0.019979693751511957,"4283, 55014"
C0002171,23,253,61,1,9.090909090909092,1.639344262295082,0.03069711949191655,25824
C0002171,23,81,63,1,9.090909090909092,1.5873015873015872,0.03168891810531262,79465
C0002171,23,326,97,1,9.090909090909092,1.0309278350515463,0.048408958310231995,3559
C0002170,24,261,15,1,6.666666666666667,6.666666666666667,0.010390116985159209,367
C0002170,24,471,22,1,6.666666666666667,4.545454545454546,0.01520427735315438,1392
C0002170,24,438,32,1,6.666666666666667,3.125,0.02204374263465239,1244
C0002170,24,350,35,1,6.666666666666667,2.857142857142857,0.024086920934524515,6832
C0002170,24,118,51,1,6.666666666666667,1.9607843137254901,0.03491675133572806,23476
C0002170,24,82,58,1,6.666666666666667,1.7241379310344827,0.039619440452442166,142
C0002170,24,49,64,1,6.666666666666667,1.5625,0.043633284992508334,54503
C0002170,24,347,66,1,6.666666666666667,1.5151515151515151,0.044967750014461016,6716
C0002170,24,301,70,1,6.666666666666667,1.4285714285714286,0.04763146795234633,23328
C0002170,24,48,71,1,6.666666666666667,1.4084507042253522,0.04829631311363987,4524
C0428977,25,252,52,5,20.833333333333336,9.615384615384617,2.7520913266124734e-09,"5443, 1129, 1906, 1907, 1908"
C0428977,25,202,139,5,20.833333333333336,3.597122302158273,3.9935077583139983e-07,"3972, 134, 2771, 1813, 3350"
C0428977,25,180,35,2,8.333333333333332,5.714285714285714,0.00069111830104215,"6869, 6863"
C0428977,25,312,56,2,8.333333333333332,3.571428571428571,0.0017634451736663833,"7200, 4922"
C0428977,25,273,4,1,4.166666666666666,25.0,0.004446187234008148,10911
C0428977,25,261,15,1,4.166666666666666,6.666666666666667,0.016575731633709834,11188
C0428977,25,471,22,1,4.166666666666666,4.545454545454546,0.02422065599088576,1392
C0428977,25,465,30,1,4.166666666666666,3.3333333333333335,0.03288797426721723,5617
C0009447,26,149,56,4,33.33333333333333,7.142857142857142,1.9901311941042177e-08,"930, 931, 1380, 975"
C0009447,26,201,89,3,25.0,3.3707865168539324,1.456812459471278e-05,"115650, 8742, 23495"
C0009447,26,226,58,2,16.666666666666664,3.4482758620689653,0.00046149601587875804,"4790, 4791"
C0009447,26,316,17,1,8.333333333333332,5.88235294117647,0.009424740057912653,987
C0009447,26,31,21,1,8.333333333333332,4.761904761904762,0.011630459639785873,29851
C0017658,27,285,96,9,30.0,9.375,6.2134257978524804e-15,"3553, 6346, 6347, 6348, 6351, 6352, 2833, 6354, 3576"
C0017658,27,496,87,3,10.0,3.4482758620689653,0.0002382350357876718,"3569, 3558, 3727"
C0017658,27,381,11,1,3.3333333333333335,9.090909090909092,0.015205679331456378,2099
C0017658,27,384,15,1,3.3333333333333335,6.666666666666667,0.020679406503212722,1674
C0017658,27,471,22,1,3.3333333333333335,4.545454545454546,0.030187739578524005,3586
C0017658,27,427,27,1,3.3333333333333335,3.7037037037037033,0.036924704156704125,4803
C0017658,27,450,32,1,3.3333333333333335,3.125,0.04361641877134895,4868
C0017658,27,401,33,1,3.3333333333333335,3.0303030303030303,0.044949357560517815,3458
C0001973,28,119,87,4,9.75609756097561,4.597701149425287,2.2359644928363478e-05,"1312, 217, 125, 126"
C0001973,28,38,35,2,4.878048780487805,5.714285714285714,0.002018083210691745,"4852, 4887"
C0001973,28,180,35,2,4.878048780487805,5.714285714285714,0.002018083210691745,"6869, 6870"
C0001973,28,202,139,3,7.317073170731707,2.158273381294964,0.0023377436271646125,"2488, 3972, 3356"
C0001973,28,417,3,1,2.4390243902439024,33.33333333333333,0.005695221734862832,10150
C0001973,28,326,97,2,4.878048780487805,2.0618556701030926,0.014661573655291022,"2555, 2566"
C0001973,28,19,130,2,4.878048780487805,1.5384615384615385,0.025386484451029652,"886, 2550"
C0273115,29,285,96,3,15.0,3.125,9.234789882074802e-05,"6347, 6348, 6351"
C0273115,29,347,66,2,10.0,3.0303030303030303,0.0016927523705650993,"1544, 1543"
C0273115,29,423,99,2,10.0,2.0202020202020203,0.003758713137962309,"7132, 7124"
C0273115,29,344,5,1,5.0,20.0,0.004630693608933554,1999
C0273115,29,155,7,1,5.0,14.285714285714285,0.0064772610418548935,4914
C0273115,29,173,15,1,5.0,6.666666666666667,0.013831038155078046,196
C0273115,29,471,22,1,5.0,4.545454545454546,0.02022314801178857,23411
C0273115,29,427,27,1,5.0,3.7037037037037033,0.02476482125190343,4803
C0273115,29,107,34,1,5.0,2.941176470588235,0.03108957484866707,3162
C0273115,29,319,47,1,5.0,2.127659574468085,0.042732301963703805,4311
C1136249,30,473,120,2,9.090909090909092,1.6666666666666667,0.006600160488906701,"2664, 116442"
C1136249,30,141,147,2,9.090909090909092,1.3605442176870748,0.009756243019682323,"8573, 1741"
C1136249,30,257,28,1,4.545454545454546,3.571428571428571,0.02820259253293435,2245
C1136249,30,120,34,1,4.545454545454546,2.941176470588235,0.0341464272342775,282808
C1136249,30,148,36,1,4.545454545454546,2.7777777777777777,0.03611998221250125,10084
C1136249,30,435,41,1,4.545454545454546,2.4390243902439024,0.041037042970011615,23229
C0038454,31,372,176,6,15.789473684210526,3.4090909090909087,6.044020857693162e-07,"2147, 2153, 3690, 5327, 5328, 3674"
C0038454,31,255,58,2,5.263157894736842,3.4482758620689653,0.004699872211413171,"6647, 196743"
C0038454,31,184,82,2,5.263157894736842,2.4390243902439024,0.009195039521813022,"7040, 3685"
C0038454,31,285,96,2,5.263157894736842,2.083333333333333,0.012431931026156478,"2833, 3553"
C0038454,31,227,20,1,2.631578947368421,5.0,0.03468620388252993,9734
C0038454,31,339,23,1,2.631578947368421,4.3478260869565215,0.039787044927528104,463
C0038454,31,324,24,1,2.631578947368421,4.166666666666666,0.041481485918182626,3659
C0038454,31,477,25,1,2.631578947368421,4.0,0.0431730153629933,3383
C0019284,32,252,52,3,7.317073170731707,5.769230769230769,0.00013227395382955123,"1906, 1909, 1910"
C0019284,32,206,82,3,7.317073170731707,3.6585365853658534,0.0005094929633011956,"8817, 7490, 2247"
C0019284,32,254,21,2,4.878048780487805,9.523809523809524,0.0007243656993311564,"2627, 3213"
C0019284,32,47,39,2,4.878048780487805,5.128205128205128,0.0025012212787504733,"3481, 3479"
C0019284,32,184,82,2,4.878048780487805,2.4390243902439024,0.010646767549618817,"7040, 652"
C0019284,32,348,7,1,2.4390243902439024,14.285714285714285,0.013239648857729004,7412
C0019284,32,240,120,2,4.878048780487805,1.6666666666666667,0.021875725181082974,"7026, 7068"
C0019284,32,305,16,1,2.4390243902439024,6.25,0.030010991246609473,6586
C0019284,32,388,21,1,2.4390243902439024,4.761904761904762,0.03920789752975901,3778
C0019284,32,477,25,1,2.4390243902439024,4.0,0.04650411871031217,3383
C0282612,33,381,11,1,9.090909090909092,9.090909090909092,0.005600022590609272,2099
C0282612,33,261,15,1,9.090909090909092,6.666666666666667,0.007629315521075923,367
C0282612,33,37,20,1,9.090909090909092,5.0,0.01016063726465248,5728
C0282612,33,313,27,1,9.090909090909092,3.7037037037037033,0.013694626792018995,2950
C0282612,33,264,35,1,9.090909090909092,2.857142857142857,0.01771942414984372,7155
C0282612,33,138,39,1,9.090909090909092,2.564102564102564,0.019726218566256292,5292
C0282612,33,182,44,1,9.090909090909092,2.272727272727273,0.022229470031073187,1786
C0282612,33,500,58,1,9.090909090909092,1.7241379310344827,0.029207689918775873,4502
C0282612,33,35,59,1,9.090909090909092,1.694915254237288,0.029704397459168124,999
C0282612,33,458,64,1,9.090909090909092,1.5625,0.03218447137137948,1027
C0282612,33,487,68,1,9.090909090909092,1.4705882352941175,0.03416437975139368,2100
C0751617,34,164,36,2,14.285714285714285,5.555555555555555,0.00024365491267610895,"2736, 7546"
C0751617,34,16,41,1,7.142857142857142,2.4390243902439024,0.026308229435767525,6496
C0751617,34,386,42,1,7.142857142857142,2.380952380952381,0.026941789799585118,6997
C0751617,34,165,50,1,7.142857142857142,2.0,0.03199650925905867,28514
C0751617,34,35,59,1,7.142857142857142,1.694915254237288,0.03765391905051218,50937
C0751617,34,49,64,1,7.142857142857142,1.5625,0.040783642562205305,6469
C0751617,34,239,75,1,7.142857142857142,1.3333333333333335,0.04763579475730502,84976
C0751617,34,45,78,1,7.142857142857142,1.282051282051282,0.04949665939349165,7050
C0035258,35,242,16,1,7.142857142857142,6.25,0.01034417835907923,114781
C0035258,35,69,35,1,7.142857142857142,2.857142857142857,0.022498816147129532,5607
C0035258,35,47,39,1,7.142857142857142,2.564102564102564,0.025039959405694093,7018
C0035258,35,309,46,1,7.142857142857142,2.1739130434782608,0.02947220523026828,5789
C0035258,35,252,52,1,7.142857142857142,1.9230769230769231,0.03325637375735092,5443
C0035258,35,153,65,1,7.142857142857142,1.5384615384615385,0.04140845198872227,4211
C1142166,36,143,96,2,13.333333333333334,2.083333333333333,0.0019843685306085786,"783, 775"
C1142166,36,145,16,1,6.666666666666667,6.25,0.011079196376358846,10008
C1142166,36,420,24,1,6.666666666666667,4.166666666666666,0.016575731633709834,6336
C1142166,36,177,26,1,6.666666666666667,3.8461538461538463,0.01794540315124074,55800
C1142166,36,359,28,1,6.666666666666667,3.571428571428571,0.019313294057842635,3752
C1142166,36,460,31,1,6.666666666666667,3.225806451612903,0.02136179647406104,23171
C1142166,36,12,44,1,6.666666666666667,2.272727272727273,0.03019257677836294,6324
C1142166,36,308,61,1,6.666666666666667,1.639344262295082,0.04162832397497725,54795
C1142166,36,49,64,1,6.666666666666667,1.5625,0.043633284992508334,23493
C0013990,37,281,86,3,27.27272727272727,3.488372093023256,9.88400148154643e-06,"5520, 5522, 5525"
C0013990,37,177,26,1,9.090909090909092,3.8461538461538463,0.013190474417237962,7157
C0013990,37,474,28,1,9.090909090909092,3.571428571428571,0.014198545004062093,636
C0013990,37,135,36,1,9.090909090909092,2.7777777777777777,0.01822147258095384,348
C0013990,37,219,49,1,9.090909090909092,2.0408163265306123,0.02472690890522152,10516
C0013990,37,49,64,1,9.090909090909092,1.5625,0.03218447137137948,5265
C0013990,37,496,87,1,9.090909090909092,1.1494252873563218,0.04351875560107638,4780
C0018671,38,430,39,2,8.695652173913043,5.128205128205128,0.0007877362824544304,"596, 598"
C0018671,38,429,43,2,8.695652173913043,4.651162790697675,0.0009574668853787584,"5888, 7517"
C0018671,38,13,92,2,8.695652173913043,2.1739130434782608,0.00429983205718074,"5594, 5595"
C0018671,38,279,5,1,4.3478260869565215,20.0,0.005323815519748127,2922
C0018671,38,448,10,1,4.3478260869565215,10.0,0.010620514053098431,1956
C0018671,38,245,27,1,4.3478260869565215,3.7037037037037033,0.02842822462196778,1806
C0018671,38,136,29,1,4.3478260869565215,3.4482758620689653,0.03050297922667587,7422
C0018671,38,362,30,1,4.3478260869565215,3.3333333333333335,0.03153876664203199,1440
C0018671,38,465,30,1,4.3478260869565215,3.3333333333333335,0.03153876664203199,374
C0018671,38,311,33,1,4.3478260869565215,3.0303030303030303,0.034639781740914276,9582
C0018671,38,333,33,1,4.3478260869565215,3.0303030303030303,0.034639781740914276,6778
C0018671,38,23,47,1,4.3478260869565215,2.127659574468085,0.04898603487893911,7298
C0006118,39,458,64,2,8.695652173913043,3.125,0.0021087022091779897,"595, 1019"
C0006118,39,290,14,1,4.3478260869565215,7.142857142857142,0.014838437289018095,441478
C0006118,39,517,16,1,4.3478260869565215,6.25,0.016940943505724074,4255
C0006118,39,471,22,1,4.3478260869565215,4.545454545454546,0.02322274107975706,23411
C0006118,39,410,236,2,8.695652173913043,0.847457627118644,0.02595895876874798,"6608, 5727"
C0006118,39,286,25,1,4.3478260869565215,4.0,0.026349223416443694,1612
C0006118,39,136,29,1,4.3478260869565215,3.4482758620689653,0.03050297922667587,7422
C0006118,39,208,33,1,4.3478260869565215,3.0303030303030303,0.034639781740914276,388585
C0006118,39,264,35,1,4.3478260869565215,2.857142857142857,0.03670184616565834,5111
C0006118,39,135,36,1,4.3478260869565215,2.7777777777777777,0.03773129777509009,1559
C0006118,39,408,39,1,4.3478260869565215,2.564102564102564,0.04081334252345107,27436
C0018772,40,86,7,1,3.7037037037037033,14.285714285714285,0.008735790110207125,64374
C0018772,40,359,28,1,3.7037037037037033,3.571428571428571,0.034504467489623124,30820
C0018772,40,138,39,1,3.7037037037037033,2.564102564102564,0.047743661012177196,64478
C0008625,41,341,18,1,6.666666666666667,5.555555555555555,0.01245601188258128,2944
C0008625,41,313,27,1,6.666666666666667,3.7037037037037033,0.018629571046495555,2950
C0008625,41,22,57,1,6.666666666666667,1.7543859649122806,0.038948939712706826,6817
C0008625,41,82,58,1,6.666666666666667,1.7241379310344827,0.039619440452442166,7518
C0008625,41,129,59,1,6.666666666666667,1.694915254237288,0.040289504566736495,2952
C0008625,41,458,64,1,6.666666666666667,1.5625,0.043633284992508334,1021
C0008625,41,11,65,1,6.666666666666667,1.5384615384615385,0.044300734893644195,7508
C0008625,41,210,68,1,6.666666666666667,1.4705882352941175,0.04630047696699293,4297
C0008625,41,332,68,1,6.666666666666667,1.4705882352941175,0.04630047696699293,4613
C0008625,41,487,68,1,6.666666666666667,1.4705882352941175,0.04630047696699293,2034
C0008625,41,205,73,1,6.666666666666667,1.36986301369863,0.04962470408479567,2067
C0023434,42,430,39,4,6.451612903225806,10.256410256410255,4.730461359296381e-06,"578, 90427, 596, 5366"
C0023434,42,11,65,2,3.225806451612903,3.076923076923077,0.015070347931378989,"472, 11073"
C0023434,42,17,11,1,1.6129032258064515,9.090909090909092,0.031193134177699432,25865
C0023434,42,423,99,2,3.225806451612903,2.0202020202020203,0.0330298110325739,"841, 355"
C0023434,42,228,14,1,1.6129032258064515,7.142857142857142,0.03953288906740486,115761
C0023434,42,249,16,1,1.6129032258064515,6.25,0.045053443228564735,3676
C0034951,43,85,9,1,5.263157894736842,11.11111111111111,0.007906011339005623,776
C0034951,43,163,15,1,5.263157894736842,6.666666666666667,0.013143748538032372,3908
C0034951,43,101,21,1,5.263157894736842,4.761904761904762,0.018355281335766912,4642
C0034951,43,272,24,1,5.263157894736842,4.166666666666666,0.020951259809360114,79698
C0034951,43,288,25,1,5.263157894736842,4.0,0.02181513971757643,5095
C0034951,43,310,31,1,5.263157894736842,3.225806451612903,0.026983273466922527,70
C0034951,43,450,32,1,5.263157894736842,3.125,0.02784211012046374,9414
C0034951,43,193,42,1,5.263157894736842,2.380952380952381,0.03639106961010451,388336
C0019196,44,347,66,2,13.333333333333334,3.0303030303030303,0.0009447520405501772,"1576, 1548"
C0019196,44,410,236,2,13.333333333333334,0.847457627118644,0.011408310317502467,"4017, 949"
C0019196,44,471,22,1,6.666666666666667,4.545454545454546,0.01520427735315438,282617
C0019196,44,338,24,1,6.666666666666667,4.166666666666666,0.016575731633709834,3440
C0019196,44,401,33,1,6.666666666666667,3.0303030303030303,0.02272524525302546,3458
C0019196,44,377,35,1,6.666666666666667,2.857142857142857,0.024086920934524515,23586
C0019196,44,47,39,1,6.666666666666667,2.564102564102564,0.026804961568028852,3077
C0019196,44,161,39,1,6.666666666666667,2.564102564102564,0.026804961568028852,4023
C0019196,44,100,40,1,6.666666666666667,2.5,0.027483366883415024,4015
C0019196,44,149,56,1,6.666666666666667,1.7857142857142856,0.038278002083352414,975
C0025500,45,255,58,2,4.878048780487805,3.4482758620689653,0.005453827742491543,"6648, 847"
C0025500,45,206,82,2,4.878048780487805,2.4390243902439024,0.010646767549618817,"7490, 2247"
C0025500,45,151,7,1,2.4390243902439024,14.285714285714285,0.013239648857729004,22827
C0025500,45,448,10,1,2.4390243902439024,10.0,0.018861289929057803,1956
C0025500,45,381,11,1,2.4390243902439024,9.090909090909092,0.02072821744160751,2099
C0025500,45,341,18,1,2.4390243902439024,5.555555555555555,0.03370001433088735,2944
C0025500,45,275,19,1,2.4390243902439024,5.263157894736842,0.03553938939065959,55600
C0025500,45,0,20,1,2.4390243902439024,5.0,0.03737534839497673,324
C0025500,45,372,176,2,4.878048780487805,1.1363636363636365,0.044151590372326945,"56034, 5154"
C0025500,45,420,24,1,2.4390243902439024,4.166666666666666,0.044685147412486144,7296
C0025500,45,110,26,1,2.4390243902439024,3.8461538461538463,0.04831971090485409,5241
C0025500,45,337,26,1,2.4390243902439024,3.8461538461538463,0.04831971090485409,2272
C0242379,46,70,160,2,12.5,1.25,0.0061357841783471435,"1136, 7917"
C0242379,46,186,12,1,6.25,8.333333333333332,0.008872605582586117,5893
C0242379,46,454,28,1,6.25,3.571428571428571,0.020587977363310105,8626
C0242379,46,310,31,1,6.25,3.225806451612903,0.022770105094862464,59
C0242379,46,389,31,1,6.25,3.225806451612903,0.022770105094862464,7015
C0242379,46,363,34,1,6.25,2.941176470588235,0.024947674276936744,147700
C0242379,46,180,35,1,6.25,2.857142857142857,0.025672519196862816,55937
C0242379,46,408,39,1,6.25,2.564102564102564,0.028566850273759374,9333
C0242379,46,62,51,1,6.25,1.9607843137254901,0.037201555238888274,8897
C0242379,46,156,57,1,6.25,1.7543859649122806,0.04149187492932441,123688
C0242379,46,308,61,1,6.25,1.639344262295082,0.04434212363320425,675
C3875321,47,377,35,2,5.0,5.714285714285714,0.0019215944048462798,"23586, 9927"
C3875321,47,410,236,3,7.5,1.2711864406779663,0.009498796307191427,"51752, 64377, 686"
C3875321,47,305,16,1,2.5,6.25,0.02928917253398894,6586
C3875321,47,517,16,1,2.5,6.25,0.02928917253398894,4255
C3875321,47,126,17,1,2.5,5.88235294117647,0.031091708771797764,5980
C3875321,47,388,21,1,2.5,4.761904761904762,0.03826927480218758,90134
C3875321,47,272,24,1,2.5,4.166666666666666,0.04361840212508553,8575
C3875321,47,288,25,1,2.5,4.0,0.04539498987017434,48
C3875321,47,337,26,1,2.5,3.8461538461538463,0.0471683597570958,81890
C0162809,48,206,82,4,20.0,4.878048780487805,8.993792167606261e-07,"54756, 2260, 2253, 8822"
C0162809,48,349,8,1,5.0,12.5,0.007399323908637393,23767
C0162809,48,449,20,1,5.0,5.0,0.018400858674362145,81848
C0162809,48,454,28,1,5.0,3.571428571428571,0.02567075267665783,60675
C0162809,48,136,29,1,5.0,3.4482758620689653,0.026575884589262532,10371
C0162809,48,502,31,1,5.0,3.225806451612903,0.02838375255144871,1848
C0162809,48,180,35,1,5.0,2.857142857142857,0.031989923708167466,6870
C0162809,48,212,39,1,5.0,2.564102564102564,0.03558337735352529,6663
C0162809,48,16,41,1,5.0,2.4390243902439024,0.03737534839497673,8820
C0162809,48,323,50,1,5.0,2.0,0.045400146678916856,3730
C0162809,48,198,52,1,5.0,1.9230769230769231,0.047174784091972434,55717
C0023794,49,240,120,3,15.789473684210526,2.5,0.00015273296828478212,"2168, 5468, 8431"
C0023794,49,161,39,2,10.526315789473683,5.128205128205128,0.0005348617275051385,"9415, 6319"
C0023794,49,265,19,1,5.263157894736842,5.263157894736842,0.016621007680137505,55062
C0023794,49,488,21,1,5.263157894736842,4.761904761904762,0.018355281335766912,79153
C0023794,49,38,35,1,5.263157894736842,2.857142857142857,0.030414313204041796,26471
C0023794,49,395,37,1,5.263157894736842,2.7027027027027026,0.03212553186267359,6515
C0023794,49,424,49,1,5.263157894736842,2.0408163265306123,0.042332911597360565,427
C0023794,49,351,50,1,5.263157894736842,2.0,0.043178907258493625,440
C0011849,50,105,74,3,10.344827586206897,4.054054054054054,0.0001330654125998619,"1536, 653361, 5879"
C0011849,50,255,58,2,6.896551724137931,3.4482758620689653,0.0027567272198264466,"847, 6647"
C0011849,50,240,120,2,6.896551724137931,1.6666666666666667,0.01131000592523341,"8856, 5468"
C0011849,50,109,9,1,3.4482758620689653,11.11111111111111,0.012044712187349416,7058
C0011849,50,372,176,2,6.896551724137931,1.1363636363636365,0.023290594458821562,"1356, 2335"
C0011849,50,191,22,1,3.4482758620689653,4.545454545454546,0.029195650406698803,23671
C0011849,50,471,22,1,3.4482758620689653,4.545454545454546,0.029195650406698803,23411
C0011849,50,363,34,1,3.4482758620689653,2.941176470588235,0.04477187184365489,3799
C0016059,51,372,176,7,17.073170731707318,3.977272727272727,3.8168344482925087e-08,"1281, 1634, 5155, 3816, 7057, 1277, 1278"
C0016059,51,369,59,2,4.878048780487805,3.389830508474576,0.005638425718799812,"4881, 111"
C0016059,51,347,66,2,4.878048780487805,3.0303030303030303,0.0070095791040255696,"1588, 5743"
C0016059,51,498,13,1,2.4390243902439024,7.6923076923076925,0.024451680926576545,8877
C0016059,51,37,20,1,2.4390243902439024,5.0,0.03737534839497673,5294
C0016059,51,471,22,1,2.4390243902439024,4.545454545454546,0.041037042970011615,23411
C0020443,52,49,64,2,9.090909090909092,3.125,0.0019290205554693427,"338, 3156"
C0020443,52,105,74,2,9.090909090909092,2.7027027027027026,0.0025685698651702997,"653361, 27035"
C0020443,52,348,7,1,4.545454545454546,14.285714285714285,0.007123004680924127,7412
C0020443,52,0,20,1,4.545454545454546,5.0,0.02022314801178857,1489
C0020443,52,510,23,1,4.545454545454546,4.3478260869565215,0.02322274107975706,6401
C0020443,52,477,25,1,4.545454545454546,4.0,0.025217597688196872,3383
C0020443,52,389,31,1,4.545454545454546,3.225806451612903,0.031178860948397766,255738
C0020443,52,135,36,1,4.545454545454546,2.7777777777777777,0.03611998221250125,348
C0020443,52,161,39,1,4.545454545454546,2.564102564102564,0.03907309877384252,4023
C0020443,52,492,39,1,4.545454545454546,2.564102564102564,0.03907309877384252,3949
C0020443,52,16,41,1,4.545454545454546,2.4390243902439024,0.041037042970011615,8013
C0020443,52,219,49,1,4.545454545454546,2.0408163265306123,0.04885457271773875,4018
C0025958,53,293,39,3,12.0,7.6923076923076925,1.2249067652375476e-05,"79042, 283989, 80746"
C0025958,53,363,34,2,8.0,5.88235294117647,0.000708070328127272,"3800, 3796"
C0025958,53,370,158,2,8.0,1.2658227848101267,0.014338945961206781,"10733, 80254"
C0025958,53,148,36,1,4.0,2.7777777777777777,0.04094607624463904,10084
C0025958,53,292,42,1,4.0,2.380952380952381,0.04761201037382968,10617
C0040411,54,356,47,2,20.0,4.25531914893617,0.00020704995291661614,"1410, 3315"
C0040411,54,23,47,1,10.0,2.127659574468085,0.02159445546573483,7298
C0040411,54,150,54,1,10.0,1.8518518518518516,0.024774486554146418,3861
C0040411,54,255,58,1,10.0,1.7241379310344827,0.02658746775931236,6648
C0040411,54,32,65,1,10.0,1.5384615384615385,0.029752887202303725,3265
C0040411,54,347,66,1,10.0,1.5151515151515151,0.030204332908984208,5743
C0040411,54,445,71,1,10.0,1.4084507042253522,0.03245872700344205,7012
C0027720,55,252,52,2,13.333333333333334,3.8461538461538463,0.0005873230260392106,"1906, 1910"
C0027720,55,384,15,1,6.666666666666667,6.666666666666667,0.010390116985159209,1674
C0027720,55,477,25,1,6.666666666666667,4.0,0.017260790103291155,3383
C0027720,55,431,29,1,6.666666666666667,3.4482758620689653,0.019996572453919205,7431
C0027720,55,450,32,1,6.666666666666667,3.125,0.02204374263465239,7827
C0027720,55,38,35,1,6.666666666666667,2.857142857142857,0.024086920934524515,5972
C0027720,55,293,39,1,6.666666666666667,2.564102564102564,0.026804961568028852,10855
C0027720,55,150,54,1,6.666666666666667,1.8518518518518516,0.03693481509833602,213
C0027720,55,218,56,1,6.666666666666667,1.7857142857142856,0.038278002083352414,183
C0027720,55,255,58,1,6.666666666666667,1.7241379310344827,0.039619440452442166,6647
C0027720,55,458,64,1,6.666666666666667,1.5625,0.043633284992508334,10763
C0007273,56,324,24,1,9.090909090909092,4.166666666666666,0.012181466787721838,356
C0007273,56,177,26,1,9.090909090909092,3.8461538461538463,0.013190474417237962,7157
C0007273,56,313,27,1,9.090909090909092,3.7037037037037033,0.013694626792018995,2950
C0007273,56,107,34,1,9.090909090909092,2.941176470588235,0.017217142338094387,3162
C0007273,56,135,36,1,9.090909090909092,2.7777777777777777,0.01822147258095384,348
C0007273,56,218,56,1,9.090909090909092,1.7857142857142856,0.02821358130611824,183
C0007273,56,500,58,1,9.090909090909092,1.7241379310344827,0.029207689918775873,9332
C0007273,56,32,65,1,9.090909090909092,1.5384615384615385,0.03267979407248751,22808
C0007273,56,90,65,1,9.090909090909092,1.5384615384615385,0.03267979407248751,5420
C0007273,56,285,96,1,9.090909090909092,1.0416666666666665,0.047920962904237245,6347
C0018273,57,47,39,2,6.0606060606060606,5.128205128205128,0.0016253068201768158,"3481, 3483"
C0018273,57,173,15,1,3.0303030303030303,6.666666666666667,0.02272524525302546,196
C0018273,57,256,18,1,3.0303030303030303,5.555555555555555,0.02720981230590794,43
C0018273,57,324,24,1,3.0303030303030303,4.166666666666666,0.03611915794610371,285590
C0018273,57,274,211,2,6.0606060606060606,0.9478672985781991,0.0412769512185971,"3480, 867"
C0018273,57,257,28,1,3.0303030303030303,3.571428571428571,0.04201470951847647,2245
C0018273,57,465,30,1,3.0303030303030303,3.3333333333333335,0.044949357560517815,5744
C0018273,57,220,31,1,3.0303030303030303,3.225806451612903,0.04641341066594369,79048
C0014553,58,326,97,2,20.0,2.0618556701030926,0.0008808206958921872,"2562, 2566"
C0014553,58,120,34,1,10.0,2.941176470588235,0.01566391325983915,1181
C0014553,58,408,39,1,10.0,2.564102564102564,0.017948708919803068,8912
C0014553,58,43,42,1,10.0,2.380952380952381,0.019317294163149153,114327
C0014553,58,269,45,1,10.0,2.2222222222222223,0.020684162634664337,51305
C0014553,58,219,49,1,10.0,2.0408163265306123,0.022503986704847337,773
C0014553,58,14,90,1,10.0,1.1111111111111112,0.04098247452831077,8629
C0014556,59,326,97,4,17.391304347826086,4.123711340206185,3.194070931434879e-06,"624, 2915, 3749, 2911"
C0014556,59,136,29,2,8.695652173913043,6.896551724137931,0.00043441636720376454,"7422, 3791"
C0014556,59,38,35,2,8.695652173913043,5.714285714285714,0.0006341711034888029,"4852, 4887"
C0014556,59,305,16,1,4.3478260869565215,6.25,0.016940943505724074,9353
C0014556,59,157,35,1,4.3478260869565215,2.857142857142857,0.03670184616565834,2913
C0014556,59,484,318,2,8.695652173913043,0.628930817610063,0.044768264766964584,"7442, 2914"
C0025261,60,180,35,2,5.405405405405405,5.714285714285714,0.001645763102549181,"1128, 5368"
C0025261,60,279,5,1,2.7027027027027026,20.0,0.008553280937218622,2925
C0025261,60,225,11,1,2.7027027027027026,9.090909090909092,0.0187232877290236,5071
C0025261,60,202,139,2,5.405405405405405,1.4388489208633095,0.023725796611577435,"1813, 3350"
C0025261,60,256,18,1,2.7027027027027026,5.555555555555555,0.03046004235839117,43
C0025261,60,215,25,1,2.7027027027027026,4.0,0.04206016704403889,57030
C0025261,60,136,29,1,2.7027027027027026,3.4482758620689653,0.0486280616605705,7422
C0025261,60,303,29,1,2.7027027027027026,3.4482758620689653,0.0486280616605705,4137
C0007370,61,202,139,3,20.0,2.158273381294964,0.00011278168325435737,"1268, 1813, 134"
C0007370,61,312,56,2,13.333333333333334,3.571428571428571,0.0006810142185977272,"7200, 4922"
C0007370,61,19,130,2,13.333333333333334,1.5384615384615385,0.0035994229654358247,"885, 2534"
C0007370,61,465,30,1,6.666666666666667,3.3333333333333335,0.020679406503212722,5617
C0007370,61,123,32,1,6.666666666666667,3.125,0.02204374263465239,1812
C0007370,61,252,52,1,6.666666666666667,1.9230769230769231,0.03558987738101605,5443
C0007370,61,154,55,1,6.666666666666667,1.8181818181818181,0.03760662730005322,2641
C0007370,61,218,56,1,6.666666666666667,1.7857142857142856,0.038278002083352414,183
C0007370,61,458,64,1,6.666666666666667,1.5625,0.043633284992508334,84152
C1333990,62,11,65,5,38.46153846153847,7.6923076923076925,2.6910688569390134e-10,"5378, 4292, 2956, 5395, 4436"
C1333990,62,206,82,2,15.384615384615385,2.4390243902439024,0.0010849716703458287,"5290, 3845"
C1333990,62,302,12,1,7.6923076923076925,8.333333333333332,0.007214509069761257,27030
C1333990,62,450,32,1,7.6923076923076925,3.125,0.01913200920767731,4072
C1333990,62,54,61,1,7.6923076923076925,1.639344262295082,0.03617796462117392,6224
C1333990,62,184,82,1,7.6923076923076925,1.2195121951219512,0.048350425982539504,7048
C0023487,63,164,36,2,6.451612903225806,5.555555555555555,0.0012230212294913811,"2736, 2735"
C0023487,63,372,176,3,9.67741935483871,1.7045454545454544,0.0020326938936605526,"7056, 1668, 3684"
C0023487,63,496,87,2,6.451612903225806,2.2988505747126435,0.006939022102377634,"1050, 1053"
C0023487,63,326,97,2,6.451612903225806,2.0618556701030926,0.00855961141583786,"2152, 3689"
C0023487,63,240,120,2,6.451612903225806,1.6666666666666667,0.012860310651566955,"5914, 79718"
C0023487,63,365,16,1,3.225806451612903,6.25,0.022770105094862464,3683
C0023487,63,453,16,1,3.225806451612903,6.25,0.022770105094862464,3605
C0023487,63,147,17,1,3.225806451612903,5.88235294117647,0.024176452374100172,4869
C0023487,63,178,19,1,3.225806451612903,5.263157894736842,0.026983273466922527,7704
C0023487,63,510,23,1,3.225806451612903,4.3478260869565215,0.03257349551123034,960
C0023487,63,274,211,2,6.451612903225806,0.9478672985781991,0.03681518244265545,"6777, 2322"
C0023487,63,362,30,1,3.225806451612903,3.3333333333333335,0.042281681730185046,5371
C0023487,63,450,32,1,3.225806451612903,3.125,0.04503808805175578,3687
C0023487,63,401,33,1,3.225806451612903,3.0303030303030303,0.04641341066594369,3458
C0023487,63,107,34,1,3.225806451612903,2.941176470588235,0.047786816365133246,81608
C0023487,63,94,35,1,3.225806451612903,2.857142857142857,0.0491583077321676,207
C0023487,63,331,35,1,3.225806451612903,2.857142857142857,0.0491583077321676,4926
C0023485,64,418,94,2,18.181818181818183,2.127659574468085,0.001008541387287616,"6929, 861"
C0023485,64,185,22,1,9.090909090909092,4.545454545454546,0.011171521331669128,10320
C0023485,64,421,24,1,9.090909090909092,4.166666666666666,0.012181466787721838,64109
C0023485,64,208,33,1,9.090909090909092,3.0303030303030303,0.016714627048070637,6774
C0023485,64,501,53,1,9.090909090909092,1.8867924528301887,0.0267206831048575,2625
C0023485,64,336,56,1,9.090909090909092,1.7857142857142856,0.02821358130611824,5079
C0023485,64,81,63,1,9.090909090909092,1.5873015873015872,0.03168891810531262,2120
C0023485,64,332,68,1,9.090909090909092,1.4705882352941175,0.03416437975139368,23269
C0023485,64,95,78,1,9.090909090909092,1.282051282051282,0.03909805165753958,55729
C0023485,64,184,82,1,9.090909090909092,1.2195121951219512,0.041065096971841304,1490
C0018099,65,232,10,1,10.0,10.0,0.004630157402276101,126133
C0018099,65,468,41,1,10.0,2.4390243902439024,0.018861289929057803,2646
C0018099,65,267,68,1,10.0,1.4705882352941175,0.03110665722348711,56606
C0018099,65,301,70,1,10.0,1.4285714285714286,0.03200822587526001,929
C0018099,65,445,71,1,10.0,1.4084507042253522,0.03245872700344205,22900
C0018099,65,271,73,1,10.0,1.36986301369863,0.033359163215835506,9429
C0018099,65,206,82,1,10.0,1.2195121951219512,0.037401800347182136,2263
C0018099,65,13,92,1,10.0,1.0869565217391304,0.04187576793954252,4296
C0018099,65,285,96,1,10.0,1.0416666666666665,0.043660108512311765,3553
C1956346,66,389,31,3,4.477611940298507,9.67741935483871,0.00012119588433072813,"255738, 23293, 7015"
C1956346,66,301,70,3,4.477611940298507,4.285714285714286,0.0013536440480246454,"7099, 7189, 3654"
C1956346,66,285,96,3,4.477611940298507,3.125,0.003336020008571545,"4314, 6347, 6387"
C1956346,66,38,35,2,2.9850746268656714,5.714285714285714,0.005299552557347054,"64240, 64241"
C1956346,66,369,59,2,2.9850746268656714,3.389830508474576,0.01452789617438162,"2982, 4879"
C1956346,66,274,211,3,4.477611940298507,1.4218009478672986,0.02801593639172057,"3667, 10019, 80310"
C1956346,66,381,11,1,1.4925373134328357,9.090909090909092,0.033669748165997014,2099
C1956346,66,259,94,2,2.9850746268656714,2.127659574468085,0.03462965596414039,"3988, 28"
C1956346,66,3,12,1,1.4925373134328357,8.333333333333332,0.03667467376113663,375056
C1956346,66,228,14,1,1.4925373134328357,7.142857142857142,0.042656937255666764,51530
C1956346,66,249,16,1,1.4925373134328357,6.25,0.04860260189493444,1401
C1861172,67,372,176,8,22.22222222222222,4.545454545454546,4.1901324096336633e-10,"2147, 2243, 2153, 462, 5327, 2160, 5624, 2266"
C1861172,67,302,12,1,2.7777777777777777,8.333333333333332,0.019861871123007375,60676
C0032927,68,47,39,3,3.296703296703297,7.6923076923076925,0.000595748356627488,"64081, 3481, 3484"
C0032927,68,255,58,3,3.296703296703297,5.172413793103448,0.0018984262749892125,"6648, 3033, 847"
C0032927,68,119,87,3,3.296703296703297,3.4482758620689653,0.005972809422603547,"4353, 8659, 217"
C0032927,68,13,92,3,3.296703296703297,3.260869565217391,0.006970353720390551,"5601, 5609, 5599"
C0032927,68,378,55,2,2.197802197802198,3.6363636363636362,0.022642609947519272,"1373, 383"
C0032927,68,262,10,1,1.098901098901099,10.0,0.041429214885823074,4193
C0010346,69,208,33,3,2.857142857142857,9.090909090909092,0.0005508602750622425,"3593, 149233, 6774"
C0010346,69,274,211,6,5.714285714285714,2.843601895734597,0.0005894010220894803,"51744, 7297, 5771, 8651, 1997, 26191"
C0010346,69,401,33,2,1.9047619047619049,6.0606060606060606,0.011245536269764132,"3458, 3460"
C0010346,69,240,120,3,2.857142857142857,2.5,0.02090956230065603,"5465, 9971, 5468"
C0010346,69,149,56,2,1.9047619047619049,3.571428571428571,0.030513591798904716,"3123, 9635"
C0010346,69,22,57,2,1.9047619047619049,3.508771929824561,0.031524466033568135,"7332, 63892"
C0010346,69,223,143,3,2.857142857142857,2.097902097902098,0.032812732544097445,"200728, 1201, 64167"
C0010346,69,188,8,1,0.9523809523809524,12.5,0.038314715004195816,80315
C0010346,69,301,70,2,1.9047619047619049,2.857142857142857,0.045806747764433005,"54106, 7099"
C0007873,70,165,50,2,9.090909090909092,4.0,0.0011823218989607167,"4851, 4853"
C0007873,70,448,10,1,4.545454545454546,10.0,0.010160872015492435,1956
C0007873,70,389,31,1,4.545454545454546,3.225806451612903,0.031178860948397766,7015
C0007873,70,208,33,1,4.545454545454546,3.0303030303030303,0.033158203878271265,6774
C0007873,70,311,33,1,4.545454545454546,3.0303030303030303,0.033158203878271265,9582
C0007873,70,158,34,1,4.545454545454546,2.941176470588235,0.0341464272342775,2475
C0007873,70,386,42,1,4.545454545454546,2.380952380952381,0.04201757769090117,3115
C0013386,71,123,32,2,13.333333333333334,6.25,0.00022146549572966203,"1812, 1814"
C0013386,71,243,74,2,13.333333333333334,2.7027027027027026,0.001185821705948695,"5179, 5173"
C0013386,71,202,139,2,13.333333333333334,1.4388489208633095,0.004102278879967235,"8787, 1813"
C0013386,71,386,42,1,6.666666666666667,2.380952380952381,0.028838853571038364,2668
C0013386,71,405,52,1,6.666666666666667,1.9230769230769231,0.03558987738101605,9456
C0013386,71,255,58,1,6.666666666666667,1.7241379310344827,0.039619440452442166,847
C0013386,71,253,61,1,6.666666666666667,1.639344262295082,0.04162832397497725,2643
C0013386,71,32,65,1,6.666666666666667,1.5384615384615385,0.044300734893644195,5923
C0022336,72,167,20,1,7.142857142857142,5.0,0.012914651999017155,7280
C0022336,72,233,25,1,7.142857142857142,4.0,0.016119025987322302,22926
C0022336,72,411,30,1,7.142857142857142,3.3333333333333335,0.01931373840462566,151507
C0022336,72,208,33,1,7.142857142857142,3.0303030303030303,0.021225939492604706,9108
C0022336,72,492,39,1,7.142857142857142,2.564102564102564,0.025039959405694093,3119
C0022336,72,378,55,1,7.142857142857142,1.8181818181818181,0.03514331589375682,79644
C0022336,72,124,57,1,7.142857142857142,1.7543859649122806,0.03639937672116,3822
C0022336,72,169,73,1,7.142857142857142,1.36986301369863,0.04639333954814871,5621
C0087012,73,60,44,2,12.5,4.545454545454546,0.0004797878392542187,"342371, 6310"
C0087012,73,215,25,1,6.25,4.0,0.01840128217679489,6311
C0087012,73,39,31,1,6.25,3.225806451612903,0.022770105094862464,146057
C0087012,73,415,40,1,6.25,2.5,0.02928917253398894,23152
C0087012,73,193,42,1,6.25,2.380952380952381,0.030732306739268626,25894
C0087012,73,219,49,1,6.25,2.0408163265306123,0.03576745250981829,773
C0087012,73,150,54,1,6.25,1.8518518518518516,0.039348960488025456,5521
C0917796,74,499,105,9,56.25,8.571428571428571,1.2085281132076025e-17,"4514, 4519, 4535, 4536, 4537, 4538, 4539, 4540, 4541"
C0917796,74,431,29,1,6.25,3.4482758620689653,0.02131586032871432,6121
C0917796,74,493,47,1,6.25,2.127659574468085,0.03433134735695871,9227
C0917796,74,353,61,1,6.25,1.639344262295082,0.04434212363320425,4508
C0023891,75,255,58,2,12.5,3.4482758620689653,0.000833297717024136,"6648, 847"
C0023891,75,285,96,2,12.5,2.083333333333333,0.0022612848494406768,"4313, 7076"
C0023891,75,94,35,1,6.25,2.857142857142857,0.025672519196862816,80339
C0023891,75,430,39,1,6.25,2.564102564102564,0.028566850273759374,596
C0023891,75,226,58,1,6.25,1.7241379310344827,0.04220518330147003,5970
C0023891,75,347,66,1,6.25,1.5151515151515151,0.047893760992970255,1571
C0242488,76,324,24,1,6.25,4.166666666666666,0.0176713672497525,356
C0242488,76,477,25,1,6.25,4.0,0.01840128217679489,3383
C0242488,76,429,43,1,6.25,2.3255813953488373,0.03145311933941605,7031
C0242488,76,314,46,1,6.25,2.1739130434782608,0.03361254305631722,7032
C0242488,76,252,52,1,6.25,1.9230769230769231,0.03791785650905371,1906
C0242488,76,255,58,1,6.25,1.7241379310344827,0.04220518330147003,847
C0242488,76,129,59,1,6.25,1.694915254237288,0.04291799399346388,7295
C0023893,77,285,96,7,6.422018348623854,7.291666666666667,5.727000861335317e-07,"3553, 4322, 7076, 6347, 4312, 4313, 4317"
C0023893,77,253,61,5,4.587155963302752,8.19672131147541,1.4310567049723292e-05,"5091, 5168, 5105, 51380, 2805"
C0023893,77,372,176,7,6.422018348623854,3.977272727272727,3.174781369426802e-05,"1281, 3082, 5008, 3827, 6678, 5340, 4318"
C0023893,77,347,66,4,3.669724770642202,6.0606060606060606,0.0003502175921904002,"1544, 1586, 3294, 5743"
C0023893,77,119,87,4,3.669724770642202,4.597701149425287,0.000997233796241421,"216, 217, 219, 127"
C0023893,77,47,39,3,2.7522935779816518,7.6923076923076925,0.0010066303250063577,"3484, 3485, 3479"
C0023893,77,276,21,2,1.834862385321101,9.523809523809524,0.004996368815046403,"3929, 6822"
C0023893,77,387,1,1,0.9174311926605505,100.0,0.0050563622025328195,1733
C0023893,77,184,82,3,2.7522935779816518,3.6585365853658534,0.008337902894001301,"7040, 7048, 3694"
C0023893,77,407,3,1,0.9174311926605505,33.33333333333333,0.015093212115469141,4904
C0023893,77,252,52,2,1.834862385321101,3.8461538461538463,0.028506081351977,"1906, 5443"
C0023893,77,255,58,2,1.834862385321101,3.4482758620689653,0.0348502419210383,"23600, 51179"
C0023893,77,129,59,2,1.834862385321101,3.389830508474576,0.0359562827312551,"9104, 2173"
C0023893,77,267,68,2,1.834862385321101,2.941176470588235,0.04649764311777995,"3952, 2645"
C0263454,78,500,58,4,12.121212121212121,6.896551724137931,1.820973196747945e-06,"3040, 3043, 3045, 3039"
C0263454,78,341,18,2,6.0606060606060606,11.11111111111111,0.00034240302101044037,"2944, 2947"
C0263454,78,509,45,2,6.0606060606060606,4.444444444444445,0.0021590428437981857,"7832, 10140"
C0263454,78,458,64,2,6.0606060606060606,3.125,0.004317544069928263,"1027, 1021"
C0263454,78,326,97,2,6.0606060606060606,2.0618556701030926,0.009662836734731986,"3689, 5734"
C0263454,78,448,10,1,3.0303030303030303,10.0,0.015206380450161676,1956
C0263454,78,177,26,1,3.0303030303030303,3.8461538461538463,0.03907131805817726,1524
C0263454,78,465,30,1,3.0303030303030303,3.3333333333333335,0.044949357560517815,7051
C0023895,79,274,211,7,10.44776119402985,3.3175355450236967,4.119354800643173e-06,"27040, 3589, 8651, 942, 974, 915, 9021"
C0023895,79,285,96,4,5.970149253731343,4.166666666666666,0.0002283456524103174,"6347, 7078, 1230, 729230"
C0023895,79,312,56,2,2.9850746268656714,3.571428571428571,0.01315417051076584,"2869, 6039"
C0023895,79,124,57,2,2.9850746268656714,3.508771929824561,0.013605424416603116,"7305, 54210"
C0023895,79,255,58,2,2.9850746268656714,3.4482758620689653,0.014063347810193187,"23600, 6647"
C0023895,79,129,59,2,2.9850746268656714,3.389830508474576,0.01452789617438162,"2027, 7295"
C0023895,79,347,66,2,2.9850746268656714,3.0303030303030303,0.017961537310782972,"1544, 27306"
C0023895,79,301,70,2,2.9850746268656714,2.857142857142857,0.02006264794622897,"7850, 3556"
C0023895,79,423,99,2,2.9850746268656714,2.0202020202020203,0.03805578687277592,"7124, 174"
C0023895,79,173,15,1,1.4925373134328357,6.666666666666667,0.04563433061795939,196
C0022661,80,347,66,3,6.666666666666667,4.545454545454546,0.00035479393692573296,"1557, 5742, 5743"
C0022661,80,105,74,3,6.666666666666667,4.054054054054054,0.0004967817994848988,"1536, 653361, 1535"
C0022661,80,240,120,3,6.666666666666667,2.5,0.002012995460570659,"2056, 5465, 2168"
C0022661,80,161,39,2,4.444444444444445,5.128205128205128,0.003006029158823298,"2194, 1374"
C0022661,80,226,58,2,4.444444444444445,3.4482758620689653,0.006539338872907736,"5970, 4790"
C0022661,80,249,16,1,2.2222222222222223,6.25,0.032893237170985135,1401
C0022661,80,31,21,1,2.2222222222222223,4.761904761904762,0.04295367126053148,5076
C0022661,80,392,21,1,2.2222222222222223,4.761904761904762,0.04295367126053148,51094
C1262477,81,471,22,2,11.11111111111111,9.090909090909092,0.0001506186232082081,"1392, 3586"
C1262477,81,338,24,1,5.555555555555555,4.166666666666666,0.019859130143332907,3440
C1262477,81,38,35,1,5.555555555555555,2.857142857142857,0.028836211500272352,4852
C1262477,81,492,39,1,5.555555555555555,2.564102564102564,0.0320813086978433,3630
C1262477,81,296,41,1,5.555555555555555,2.4390243902439024,0.03370001433088735,1831
C1262477,81,252,52,1,5.555555555555555,1.9230769230769231,0.042557292541918625,5443
C1262477,81,312,56,1,5.555555555555555,1.7857142857142856,0.04575906745635401,5020
C1262477,81,255,58,1,5.555555555555555,1.7241379310344827,0.04735616025585261,6647
C0023264,82,499,105,17,48.57142857142857,16.19047619047619,5.296814536868168e-31,"4514, 4695, 1355, 4728, 4720, 6834, 374291, 4722, 4723, 4724, 4535, 4536, 4537, 4538, 4540, 79133, 4541"
C0023264,82,148,36,2,5.714285714285714,5.555555555555555,0.0015583884303060002,"9997, 91942"
C0023264,82,278,67,2,5.714285714285714,2.9850746268656714,0.005299552557347054,"1738, 6389"
C0023264,82,209,18,1,2.857142857142857,5.555555555555555,0.028836211500272352,51204
C0023264,82,329,21,1,2.857142857142857,4.761904761904762,0.03356304682978209,5428
C0007570,83,274,211,6,10.909090909090908,2.843601895734597,1.5918921761197856e-05,"10019, 5771, 941, 3600, 1493, 919"
C0007570,83,31,21,2,3.6363636363636362,9.523809523809524,0.0013010765355635642,"29851, 23308"
C0007570,83,45,78,2,3.6363636363636362,2.564102564102564,0.016957336279961443,"10301, 3117"
C0007570,83,232,10,1,1.8181818181818181,10.0,0.0252280165329614,150223
C0007570,83,27,12,1,1.8181818181818181,8.333333333333332,0.030198107548693707,59067
C0007570,83,305,16,1,1.8181818181818181,6.25,0.04006376384719354,2113
C0007570,83,159,20,1,1.8181818181818181,5.0,0.04983086475003013,150962
C0007570,83,463,20,1,1.8181818181818181,5.0,0.04983086475003013,31
C0017601,84,232,10,1,4.545454545454546,10.0,0.010160872015492435,51071
C0017601,84,486,11,1,4.545454545454546,9.090909090909092,0.011171521331669128,55133
C0017601,84,229,14,1,4.545454545454546,7.142857142857142,0.014197562707077028,23424
C0017601,84,265,19,1,4.545454545454546,5.263157894736842,0.01922133118971474,100048912
C0017601,84,76,20,1,4.545454545454546,5.0,0.02022314801178857,1301
C0017601,84,420,24,1,4.545454545454546,4.166666666666666,0.02422065599088576,10587
C0017601,84,342,29,1,4.545454545454546,3.4482758620689653,0.029195650406698803,120526
C0017601,84,426,36,1,4.545454545454546,2.7777777777777777,0.03611998221250125,26610
C0017601,84,493,47,1,4.545454545454546,2.127659574468085,0.046905913119785626,196294
C0017601,84,106,48,1,4.545454545454546,2.083333333333333,0.04788071878744552,1029
C0017601,84,219,49,1,4.545454545454546,2.0408163265306123,0.04885457271773875,4016
C0017601,84,351,50,1,4.545454545454546,2.0,0.04982747579567296,2762
C0039231,85,202,139,3,17.647058823529413,2.158273381294964,0.00016696693497806646,"2778, 3972, 1813"
C0039231,85,444,13,1,5.88235294117647,7.6923076923076925,0.01020634968515867,590
C0039231,85,173,15,1,5.88235294117647,6.666666666666667,0.011767827918736385,196
C0039231,85,492,39,1,5.88235294117647,2.564102564102564,0.030325630870729037,3630
C0039231,85,154,55,1,5.88235294117647,1.8181818181818181,0.042514740727951354,2641
C0039231,85,312,56,1,5.88235294117647,1.7857142857142856,0.043271751676124785,7200
C0346153,86,11,65,2,14.285714285714285,3.076923076923077,0.0007958392651195653,"472, 83990"
C0346153,86,206,82,2,14.285714285714285,2.4390243902439024,0.0012626778437253166,"11200, 79728"
C0346153,86,381,11,1,7.142857142857142,9.090909090909092,0.0071223455447955875,2099
C0346153,86,34,17,1,7.142857142857142,5.88235294117647,0.010987378837375168,672
C0346153,86,61,17,1,7.142857142857142,5.88235294117647,0.010987378837375168,580
C0346153,86,0,20,1,7.142857142857142,5.0,0.012914651999017155,324
C0346153,86,321,35,1,7.142857142857142,2.857142857142857,0.022498816147129532,7251
C0346153,86,429,43,1,7.142857142857142,2.3255813953488373,0.027574967347472907,5888
C0346153,86,308,61,1,7.142857142857142,1.639344262295082,0.03890694457652614,675
C0022116,87,430,39,2,7.4074074074074066,5.128205128205128,0.0010878856095075042,"581, 54205"
C0022116,87,312,56,2,7.4074074074074066,3.571428571428571,0.002231469566150544,"5020, 551"
C0022116,87,255,58,2,7.4074074074074066,3.4482758620689653,0.0023915173248857586,"6648, 6647"
C0022116,87,196,86,2,7.4074074074074066,2.3255813953488373,0.005175151721591588,"968, 140"
C0022116,87,496,87,2,7.4074074074074066,2.2988505747126435,0.005292846053942146,"3569, 1958"
C0022116,87,285,96,2,7.4074074074074066,2.083333333333333,0.006407077994612813,"2833, 6387"
C0022116,87,372,176,2,7.4074074074074066,1.1363636363636365,0.02035028787627118,"5328, 1356"
C0022116,87,177,26,1,3.7037037037037033,3.8461538461538463,0.03207837450522913,7157
C0022116,87,427,27,1,3.7037037037037033,3.7037037037037033,0.03329215388790335,7498
C0022116,87,361,29,1,3.7037037037037033,3.4482758620689653,0.035715317012489,6275
C0022116,87,310,31,1,3.7037037037037033,3.225806451612903,0.03813263062057596,59
C0022116,87,107,34,1,3.7037037037037033,2.941176470588235,0.0417476628848169,3162
C0022116,87,38,35,1,3.7037037037037033,2.857142857142857,0.04294976357255134,5972
C0022116,87,264,35,1,3.7037037037037033,2.857142857142857,0.04294976357255134,5111
C0022116,87,135,36,1,3.7037037037037033,2.7777777777777777,0.04415041204311833,4846
C0022116,87,148,36,1,3.7037037037037033,2.7777777777777777,0.04415041204311833,871
C0022116,87,152,40,1,3.7037037037037033,2.5,0.04893851746503858,1158
C0032580,88,85,9,1,10.0,11.11111111111111,0.004168011500800697,4163
C0032580,88,8,19,1,10.0,5.263157894736842,0.008780792561604425,4913
C0032580,88,0,20,1,10.0,5.0,0.009241011341174665,324
C0032580,88,94,35,1,10.0,2.857142857142857,0.016121254748823116,207
C0032580,88,193,42,1,10.0,2.380952380952381,0.019317294163149153,26585
C0032580,88,255,58,1,10.0,1.7241379310344827,0.02658746775931236,6648
C0032580,88,11,65,1,10.0,1.5384615384615385,0.029752887202303725,4595
C0032580,88,347,66,1,10.0,1.5151515151515151,0.030204332908984208,5743
C0040128,89,387,1,1,8.333333333333332,100.0,0.0005566637287192095,1733
C0040128,89,418,94,2,16.666666666666664,2.127659574468085,0.0012068159893536975,"3398, 3399"
C0040128,89,110,26,1,8.333333333333332,3.8461538461538463,0.014381277706254572,687
C0040128,89,454,28,1,8.333333333333332,3.571428571428571,0.015479638512828735,163223
C0040128,89,362,30,1,8.333333333333332,3.3333333333333335,0.01657687721598512,6926
C0040128,89,88,45,1,8.333333333333332,2.2222222222222223,0.02477050550167304,51454
C0040128,89,308,61,1,8.333333333333332,1.639344262295082,0.033441363236045046,10618
C0040128,89,67,62,1,8.333333333333332,1.6129032258064515,0.033980938210048016,163882
C0040128,89,184,82,1,8.333333333333332,1.2195121951219512,0.04471462180467844,3693
C0040128,89,96,85,1,8.333333333333332,1.1764705882352942,0.04631521132842717,1734
C0030319,90,102,23,1,7.6923076923076925,4.3478260869565215,0.01378557190440063,54549
C0030319,90,179,31,1,7.6923076923076925,3.225806451612903,0.018539284628106806,135
C0030319,90,322,38,1,7.6923076923076925,2.631578947368421,0.022681423378326643,57658
C0030319,90,492,39,1,7.6923076923076925,2.564102564102564,0.023271838429959234,3630
C0009404,91,326,97,6,2.586206896551724,6.185567010309279,0.000636729514162576,"94274, 10666, 5579, 5581, 5587, 5243"
C0009404,91,423,99,6,2.586206896551724,6.0606060606060606,0.0007092868794248023,"8743, 841, 10350, 54739, 7124, 29108"
C0009404,91,347,66,5,2.1551724137931036,7.575757575757576,0.0007245451022371743,"23461, 1544, 1545, 1548, 5743"
C0009404,91,254,21,3,1.293103448275862,14.285714285714285,0.0014180886736581948,"2033, 140628, 6414"
C0009404,91,23,47,4,1.7241379310344827,8.51063829787234,0.001622263153443532,"10057, 7298, 7083, 30833"
C0009404,91,219,49,4,1.7241379310344827,8.16326530612245,0.001895041119009774,"6424, 2201, 2202, 57338"
C0009404,91,206,82,5,2.1551724137931036,6.097560975609756,0.001925393327222844,"11200, 8741, 3845, 5290, 2261"
C0009404,91,35,59,4,1.7241379310344827,6.779661016949152,0.0037443178095103898,"1499, 1003, 1005, 999"
C0009404,91,11,65,4,1.7241379310344827,6.153846153846154,0.0052983571243484,"9156, 4292, 4436, 2237"
C0009404,91,264,35,3,1.293103448275862,8.571428571428571,0.006247846362224115,"5424, 10714, 5426"
C0009404,91,161,39,3,1.293103448275862,7.6923076923076925,0.008454004203259454,"3992, 6948, 9415"
C0009404,91,341,18,2,0.8620689655172413,11.11111111111111,0.015752586797876382,"2944, 2947"
C0009404,91,285,96,4,1.7241379310344827,4.166666666666666,0.020114707218019882,"4312, 4313, 1404, 3576"
C0009404,91,101,21,2,0.8620689655172413,9.523809523809524,0.021169804207131885,"5825, 225"
C0009404,91,276,21,2,0.8620689655172413,9.523809523809524,0.021169804207131885,"150000, 8647"
C0009404,91,255,58,3,1.293103448275862,5.172413793103448,0.024606231590053033,"23600, 6648, 2879"
C0009404,91,420,24,2,0.8620689655172413,8.333333333333332,0.02724385316431081,"7296, 6241"
C0009404,91,177,26,2,0.8620689655172413,7.6923076923076925,0.03163476273864629,"11257, 7157"
C0009404,91,153,65,3,1.293103448275862,4.615384615384616,0.032992502209350336,"3231, 3235, 3439"
C0009404,91,301,70,3,1.293103448275862,4.285714285714286,0.039779422352067204,"7097, 23643, 7099"
C0009404,91,372,176,5,2.1551724137931036,2.840909090909091,0.04199841835711159,"7980, 1294, 6678, 2199, 284217"
C0009404,91,502,31,2,0.8620689655172413,6.451612903225806,0.0437106509674013,"59352, 116135"
C0001624,92,202,139,2,18.181818181818183,1.4388489208633095,0.00218542662947494,"2778, 7253"
C0001624,92,177,26,1,9.090909090909092,3.8461538461538463,0.013190474417237962,7157
C0001624,92,97,43,1,9.090909090909092,2.3255813953488373,0.021729285134563035,5925
C0001624,92,106,48,1,9.090909090909092,2.083333333333333,0.0242278855541171,1029
C0001624,92,35,59,1,9.090909090909092,1.694915254237288,0.029704397459168124,1499
C0001624,92,347,66,1,9.090909090909092,1.5151515151515151,0.03317488630518818,5743
C0001624,92,105,74,1,9.090909090909092,1.3513513513513513,0.03712733887845199,998
C0001624,92,496,87,1,9.090909090909092,1.1494252873563218,0.04351875560107638,2798
C0001624,92,143,96,1,9.090909090909092,1.0416666666666665,0.047920962904237245,5566
C0038644,93,12,44,2,15.384615384615385,4.545454545454546,0.000313078709631283,"6330, 6324"
C0038644,93,275,19,1,7.6923076923076925,5.263157894736842,0.011400753870553029,3757
C0038644,93,460,31,1,7.6923076923076925,3.225806451612903,0.018539284628106806,23171
C0038644,93,124,57,1,7.6923076923076925,1.7543859649122806,0.03384316898965285,6532
C0027819,94,501,53,2,4.081632653061225,3.7735849056603774,0.006477829376286338,"8929, 1621"
C0027819,94,505,57,2,4.081632653061225,3.508771929824561,0.007459434661007276,"8289, 57492"
C0027819,94,32,65,2,4.081632653061225,3.076923076923077,0.009610067636093317,"3265, 4893"
C0027819,94,274,211,3,6.122448979591836,1.4218009478672986,0.012238404242500563,"4233, 5781, 238"
C0027819,94,117,81,2,4.081632653061225,2.4691358024691357,0.01462873529950444,"5784, 10413"
C0027819,94,206,82,2,4.081632653061225,2.4390243902439024,0.014972915921656098,"11200, 3845"
C0027819,94,155,7,1,2.0408163265306123,14.285714285714285,0.015805398479476755,4914
C0027819,94,444,13,1,2.0408163265306123,7.6923076923076925,0.029157907486221796,590
C0027819,94,229,14,1,2.0408163265306123,7.142857142857142,0.03136600545007137,6790
C0027819,94,61,17,1,2.0408163265306123,5.88235294117647,0.037960823050973244,580
C0027819,94,432,21,1,2.0408163265306123,4.761904761904762,0.04668553441844935,4609
C2931456,95,242,16,1,7.6923076923076925,6.25,0.009608648205499948,6041
C2931456,95,34,17,1,7.6923076923076925,5.88235294117647,0.01020634968515867,672
C2931456,95,222,17,1,7.6923076923076925,5.88235294117647,0.01020634968515867,60528
C2931456,95,323,50,1,7.6923076923076925,2.0,0.029744709941246863,2048
C2931456,95,35,59,1,7.6923076923076925,1.694915254237288,0.03501121861876818,999
C2931456,95,308,61,1,7.6923076923076925,1.639344262295082,0.03617796462117392,675
C2931456,95,11,65,1,7.6923076923076925,1.5384615384615385,0.038507551079893496,4683
C2931456,95,347,66,1,7.6923076923076925,1.5151515151515151,0.03908913501047054,6716
C2931456,95,206,82,1,7.6923076923076925,1.2195121951219512,0.048350425982539504,11200
C2931456,95,108,84,1,7.6923076923076925,1.1904761904761905,0.04950227583454708,10481
C0024667,96,90,65,4,2.898550724637681,6.153846153846154,0.0008043680062614539,"9019, 9902, 214, 6558"
C0024667,96,161,39,3,2.1739130434782608,7.6923076923076925,0.0019818928303727626,"4023, 2180, 6319"
C0024667,96,274,211,6,4.3478260869565215,2.843601895734597,0.0024129109727248498,"5921, 5295, 2064, 5618, 3572, 6776"
C0024667,96,57,17,2,1.4492753623188406,11.76470588235294,0.005195390264437407,"347733, 5037"
C0024667,96,129,59,3,2.1739130434782608,5.084745762711865,0.006424229172930491,"5954, 7430, 2023"
C0024667,96,343,59,3,2.1739130434782608,5.084745762711865,0.006424229172930491,"6208, 6122, 50486"
C0024667,96,458,64,3,2.1739130434782608,4.6875,0.008044987996731914,"595, 3925, 1019"
C0024667,96,65,4,1,0.7246376811594203,25.0,0.02536344176561908,6128
C0024667,96,166,4,1,0.7246376811594203,25.0,0.02536344176561908,6427
C0024667,96,372,176,4,2.898550724637681,2.272727272727273,0.026706543944204974,"1289, 5154, 3827, 2335"
C0024667,96,319,47,2,1.4492753623188406,4.25531914893617,0.03645862337581258,"301, 302"
C0024667,96,248,6,1,0.7246376811594203,16.666666666666664,0.0378046199033018,1915
C0029422,97,136,29,3,20.0,10.344827586206897,9.85167870837056e-07,"2321, 7422, 3791"
C0029422,97,372,176,3,20.0,1.7045454545454544,0.0002264664317002155,"1280, 1297, 3339"
C0029422,97,76,20,1,6.666666666666667,5.0,0.013831038155078046,1301
C0029422,97,237,37,1,6.666666666666667,2.7027027027027026,0.025446825659880642,6399
C0029422,97,430,39,1,6.666666666666667,2.564102564102564,0.026804961568028852,596
C0029422,97,219,49,1,6.666666666666667,2.0408163265306123,0.033569183546573546,9719
C0029422,97,424,49,1,6.666666666666667,2.0408163265306123,0.033569183546573546,2720
C0029422,97,165,50,1,6.666666666666667,2.0,0.03424318681265135,10683
C0029422,97,81,63,1,6.666666666666667,1.5873015873015872,0.04296540004790609,50964
C0029422,97,77,67,1,6.666666666666667,1.4925373134328357,0.04563433061795939,59341
C0041755,98,347,66,5,9.25925925925926,7.575757575757576,6.492972669300654e-07,"1571, 10599, 1544, 5743, 1565"
C0041755,98,47,39,2,3.7037037037037033,5.128205128205128,0.0043007604183458925,"3484, 3479"
C0041755,98,124,57,2,3.7037037037037033,3.508771929824561,0.009000652929796269,"3106, 3107"
C0041755,98,496,87,2,3.7037037037037033,2.2988505747126435,0.020114334714128466,"9, 4780"
C0041755,98,189,13,1,1.8518518518518516,7.6923076923076925,0.03208864732511305,84159
C0041755,98,444,13,1,1.8518518518518516,7.6923076923076925,0.03208864732511305,590
C0041755,98,137,15,1,1.8518518518518516,6.666666666666667,0.03693481509833602,54658
C0041755,98,422,17,1,1.8518518518518516,5.88235294117647,0.04175716605571713,6573
C0041755,98,202,139,2,3.7037037037037033,1.4388489208633095,0.047503223006786915,"3357, 134"
C0041755,98,159,20,1,1.8518518518518516,5.0,0.048946287051152004,4548
C0015625,99,260,43,11,57.89473684210527,25.581395348837212,3.6838007471276463e-26,"2176, 2177, 2178, 29089, 57697, 2187, 2188, 2189, 55215, 55120, 2175"
C0015625,99,374,28,1,5.263157894736842,3.571428571428571,0.02440244868200171,2072
C0015625,99,429,43,1,5.263157894736842,2.3255813953488373,0.037242037292066314,5889
C0015625,99,405,52,1,5.263157894736842,1.9230769230769231,0.04486877500572012,4599
C0751778,100,67,62,2,16.666666666666664,3.225806451612903,0.0005272898218649881,"378884, 7957"
C0751778,100,480,22,1,8.333333333333332,4.545454545454546,0.012181185609525965,26278
C0751778,100,219,49,1,8.333333333333332,2.0408163265306123,0.026944878897964673,1822
C0751778,100,424,49,1,8.333333333333332,2.0408163265306123,0.026944878897964673,4758
C0751778,100,154,55,1,8.333333333333332,1.8181818181818181,0.030198107548693707,3746
C0751778,100,300,57,1,8.333333333333332,1.7543859649122806,0.03128029951052079,57465
C0751778,100,169,73,1,8.333333333333332,1.36986301369863,0.039898066855317105,5621
C0206762,101,108,84,2,12.5,2.380952380952381,0.0017376847120056627,"6299, 3239"
C0206762,101,454,28,1,6.25,3.571428571428571,0.020587977363310105,8626
C0206762,101,362,30,1,6.25,3.3333333333333335,0.022043236129287543,6926
C0206762,101,16,41,1,6.25,2.4390243902439024,0.030010991246609473,3237
C0206762,101,468,41,1,6.25,2.4390243902439024,0.030010991246609473,1302
C0206762,101,226,58,1,6.25,1.7241379310344827,0.04220518330147003,1147
C0206762,101,153,65,1,6.25,1.5384615384615385,0.04718442499818011,3664
C0429087,102,420,24,1,10.0,4.166666666666666,0.01107996398620278,6336
C0429087,102,16,41,1,10.0,2.4390243902439024,0.018861289929057803,6910
C0429087,102,252,52,1,10.0,1.9230769230769231,0.023866856817574465,857
C0429087,102,149,56,1,10.0,1.7857142857142856,0.025681356679676606,3680
C0429087,102,153,65,1,10.0,1.5384615384615385,0.029752887202303725,4211
C0429087,102,105,74,1,10.0,1.3513513513513513,0.03380909844055349,83478
C0024668,103,90,65,5,3.289473684210526,7.6923076923076925,9.585687764118351e-05,"4012, 9902, 214, 9019, 6558"
C0024668,103,458,64,4,2.631578947368421,6.25,0.0010869140844281004,"1021, 595, 3925, 1019"
C0024668,103,161,39,3,1.9736842105263157,7.6923076923076925,0.00260786559427382,"4023, 2180, 6319"
C0024668,103,274,211,6,3.9473684210526314,2.843601895734597,0.0038910649903082543,"5921, 5295, 2064, 5618, 3572, 6776"
C0024668,103,57,17,2,1.3157894736842104,11.76470588235294,0.006266533342708461,"347733, 5037"
C0024668,103,129,59,3,1.9736842105263157,5.084745762711865,0.008373376706950729,"5954, 7430, 2023"
C0024668,103,343,59,3,1.9736842105263157,5.084745762711865,0.008373376706950729,"6208, 6122, 50486"
C0024668,103,65,4,1,0.6578947368421052,25.0,0.02790931103247179,6128
C0024668,103,166,4,1,0.6578947368421052,25.0,0.02790931103247179,6427
C0024668,103,418,94,3,1.9736842105263157,3.1914893617021276,0.028908457270170693,"3400, 3397, 3399"
C0024668,103,47,39,2,1.3157894736842104,5.128205128205128,0.030868030375308244,"7018, 3479"
C0024668,103,423,99,3,1.9736842105263157,3.0303030303030303,0.032985337503034055,"331, 174, 8743"
C0024668,103,372,176,4,2.631578947368421,2.272727272727273,0.03620150983473463,"1289, 5154, 4318, 2335"
C0024668,103,429,43,2,1.3157894736842104,4.651162790697675,0.03693812655918202,"7517, 7031"
C0024668,103,248,6,1,0.6578947368421052,16.666666666666664,0.04157238960873853,1915
C0018824,104,285,96,3,12.5,3.125,0.00016185303291682012,"3553, 6347, 7076"
C0018824,104,274,211,3,12.5,1.4218009478672986,0.0016077096820037973,"5777, 2209, 3717"
C0018824,104,423,99,2,8.333333333333332,2.0202020202020203,0.005395233310580927,"11035, 29108"
C0018824,104,372,176,2,8.333333333333332,1.1363636363636365,0.016259138242700536,"1277, 1278"
C0079744,105,255,58,4,10.526315789473683,6.896551724137931,3.2520855315347043e-06,"6648, 6649, 847, 10935"
C0079744,105,274,211,5,13.157894736842104,2.3696682464454977,3.306281289122178e-05,"5291, 973, 974, 942, 238"
C0079744,105,37,20,2,5.263157894736842,10.0,0.0005634836476798235,"5293, 5294"
C0079744,105,423,99,3,7.894736842105263,3.0303030303030303,0.0007052897879723657,"84433, 355, 10892"
C0079744,105,289,37,2,5.263157894736842,5.405405405405405,0.0019382036850303936,"22872, 1213"
C0079744,105,100,40,2,5.263157894736842,5.0,0.0022624230850445954,"6502, 983"
C0079744,105,124,57,2,5.263157894736842,3.508771929824561,0.004542836310490466,"3106, 567"
C0079744,105,419,14,1,2.631578947368421,7.142857142857142,0.024405249311840547,5170
C0079744,105,265,19,1,2.631578947368421,5.263157894736842,0.0329800678707874,2146
C0079744,105,276,21,1,2.631578947368421,4.761904761904762,0.03638940879744212,10549
C0019158,106,82,58,2,10.0,3.4482758620689653,0.001310296813431369,"3002, 142"
C0019158,106,324,24,1,5.0,4.166666666666666,0.022042223211931163,356
C0019158,106,211,31,1,5.0,3.225806451612903,0.02838375255144871,89797
C0019158,106,401,33,1,5.0,3.0303030303030303,0.030188430480036728,3458
C0019158,106,107,34,1,5.0,2.941176470588235,0.03108957484866707,3162
C0019158,106,47,39,1,5.0,2.564102564102564,0.03558337735352529,7018
C0019158,106,492,39,1,5.0,2.564102564102564,0.03558337735352529,3630
C0019158,106,494,40,1,5.0,2.5,0.036479758636773246,9817
C0019158,106,88,45,1,5.0,2.2222222222222223,0.04094980541308704,540
C0019158,106,150,54,1,5.0,1.8518518518518516,0.048946287051152004,213
C0271650,107,270,63,2,15.384615384615385,3.1746031746031744,0.0006421817886000372,"5562, 5563"
C0271650,107,37,20,1,7.6923076923076925,5.0,0.011997456916317858,2444
C0271650,107,276,21,1,7.6923076923076925,4.761904761904762,0.012593827490682342,10549
C0271650,107,471,22,1,7.6923076923076925,4.545454545454546,0.013189865763463786,23411
C0271650,107,492,39,1,7.6923076923076925,2.564102564102564,0.023271838429959234,3630
C0271650,107,82,58,1,7.6923076923076925,1.7241379310344827,0.034427356840961425,79661
C0271650,107,353,61,1,7.6923076923076925,1.639344262295082,0.03617796462117392,4508
C0271650,107,90,65,1,7.6923076923076925,1.5384615384615385,0.038507551079893496,6558
C0162666,108,499,105,3,20.0,2.857142857142857,4.8961809779025154e-05,"4720, 4729, 4519"
C0162666,108,284,28,1,6.666666666666667,3.571428571428571,0.019313294057842635,91574
C0162666,108,148,36,1,6.666666666666667,2.7777777777777777,0.024767094532981093,9997
C0162666,108,32,65,1,6.666666666666667,1.5384615384615385,0.044300734893644195,54968
C0162666,108,162,66,1,6.666666666666667,1.5151515151515151,0.044967750014461016,10059
C0162666,108,1,68,1,6.666666666666667,1.4705882352941175,0.04630047696699293,26235
C0162666,108,48,71,1,6.666666666666667,1.4084507042253522,0.04829631311363987,55572
C0019151,109,326,97,4,30.76923076923077,4.123711340206185,2.6696724365852875e-07,"2560, 4842, 2554, 2566"
C0019151,109,119,87,2,15.384615384615385,2.2988505747126435,0.0012201095487792857,"4128, 4129"
C0019151,109,167,20,1,7.6923076923076925,5.0,0.011997456916317858,4049
C0019151,109,492,39,1,7.6923076923076925,2.564102564102564,0.023271838429959234,2638
C0019151,109,82,58,1,7.6923076923076925,1.7241379310344827,0.034427356840961425,5591
C0019151,109,353,61,1,7.6923076923076925,1.639344262295082,0.03617796462117392,706
C0019151,109,4,72,1,7.6923076923076925,1.3888888888888888,0.042571824849686156,2752
C0026769,110,208,33,3,2.7522935779816518,9.090909090909092,0.0006143383484981362,"3592, 6774, 6775"
C0026769,110,274,211,5,4.587155963302752,2.3696682464454977,0.004396440904388647,"7297, 6850, 868, 942, 5788"
C0026769,110,324,24,2,1.834862385321101,8.333333333333332,0.006502174108638987,"3456, 4261"
C0026769,110,421,24,2,1.834862385321101,8.333333333333332,0.006502174108638987,"3574, 3575"
C0026769,110,423,99,3,2.7522935779816518,3.0303030303030303,0.013884914040027894,"7128, 7132, 10892"
C0026769,110,149,56,2,1.834862385321101,3.571428571428571,0.03267922294490013,"3122, 3123"
C0026769,110,202,139,3,2.7522935779816518,2.158273381294964,0.033573481887423616,"10636, 643, 1268"
C0026769,110,156,57,2,1.834862385321101,3.508771929824561,0.033757833891776126,"4234, 10055"
C0026769,110,348,7,1,0.9174311926605505,14.285714285714285,0.03486691356452306,7412
C0026769,110,89,59,2,1.834862385321101,3.389830508474576,0.0359562827312551,"57178, 1591"
C0026769,110,67,62,2,1.834862385321101,3.225806451612903,0.03935457800689028,"84769, 923"
C0600467,111,180,35,3,25.0,8.571428571428571,8.539355023020207e-07,"5368, 6869, 6863"
C0600467,111,427,27,1,8.333333333333332,3.7037037037037033,0.014930598437643034,4803
C0600467,111,438,32,1,8.333333333333332,3.125,0.01767299485796531,4162
C0600467,111,292,42,1,8.333333333333332,2.380952380952381,0.0231368035677213,81693
C0600467,111,252,52,1,8.333333333333332,1.9230769230769231,0.028572741584050876,5443
C0600467,111,347,66,1,8.333333333333332,1.5151515151515151,0.03613647813215641,5743
C0024141,112,274,211,7,7.954545454545454,3.3175355450236967,2.5282309922917106e-05,"10019, 1445, 2214, 941, 1997, 26191, 3565"
C0024141,112,208,33,3,3.4090909090909087,9.090909090909092,0.0003282228405792286,"3593, 474354, 6775"
C0024141,112,372,176,5,5.681818181818182,2.840909090909091,0.0007769320864097838,"3684, 712, 717, 3918, 629"
C0024141,112,27,12,2,2.272727272727273,16.666666666666664,0.0010588585171309374,"59067, 50615"
C0024141,112,249,16,2,2.272727272727273,12.5,0.0019048659102245164,"1401, 2212"
C0024141,112,324,24,2,2.272727272727273,8.333333333333332,0.004289309259565726,"356, 639"
C0024141,112,149,56,2,2.272727272727273,3.571428571428571,0.021999140657092426,"3123, 1380"
C0024141,112,45,78,2,2.272727272727273,2.564102564102564,0.04050378702938357,"306, 3117"
C0024141,112,302,12,1,1.1363636363636365,8.333333333333332,0.047913342189775075,4439
C2931673,113,384,15,1,10.0,6.666666666666667,0.00693799282614819,2670
C2931673,113,471,22,1,10.0,4.545454545454546,0.010160872015492435,23411
C2931673,113,146,23,1,10.0,4.3478260869565215,0.010620514053098431,7019
C2931673,113,513,32,1,10.0,3.125,0.014748656248651168,51024
C2931673,113,158,34,1,10.0,2.941176470588235,0.01566391325983915,6198
C2931673,113,377,35,1,10.0,2.857142857142857,0.016121254748823116,55669
C2931673,113,82,58,1,10.0,1.7241379310344827,0.02658746775931236,142
C2931673,113,278,67,1,10.0,1.4925373134328357,0.030655589559252235,5538
C2931673,113,169,73,1,10.0,1.36986301369863,0.033359163215835506,6855
C0152013,114,11,65,3,6.25,4.615384615384616,0.0004107411072624108,"2956, 4437, 7508"
C0152013,114,70,160,3,6.25,1.875,0.005434406481728936,"1136, 10961, 7917"
C0152013,114,129,59,2,4.166666666666666,3.389830508474576,0.007661810672132889,"3028, 2023"
C0152013,114,274,211,3,6.25,1.4218009478672986,0.011571096848538829,"2064, 6098, 238"
C0152013,114,206,82,2,4.166666666666666,2.4390243902439024,0.014396940186626808,"5290, 3845"
C0152013,114,196,86,2,4.166666666666666,2.3255813953488373,0.01575596374078933,"8890, 8893"
C0152013,114,448,10,1,2.083333333333333,10.0,0.02204931624887491,1956
C0152013,114,173,15,1,2.083333333333333,6.666666666666667,0.03289474127213412,196
C0152013,114,227,20,1,2.083333333333333,5.0,0.043622369558344726,4000
C0175702,115,246,22,1,10.0,4.545454545454546,0.010160872015492435,3984
C0175702,115,394,24,1,10.0,4.166666666666666,0.01107996398620278,7461
C0175702,115,507,38,1,10.0,2.631578947368421,0.01749213200266133,26608
C0175702,115,212,39,1,10.0,2.564102564102564,0.017948708919803068,9569
C0175702,115,219,49,1,10.0,2.0408163265306123,0.022503986704847337,2006
C0175702,115,505,57,1,10.0,1.7543859649122806,0.02613450706492396,9031
C0175702,115,11,65,1,10.0,1.5384615384615385,0.029752887202303725,5982
C0175702,115,235,76,1,10.0,1.3157894736842104,0.034708403478126884,2969
C0175702,115,170,100,1,10.0,1.0,0.0454414578049448,81554
C0268362,116,156,57,3,27.27272727272727,5.263157894736842,2.8488695187640865e-06,"60681, 10491, 64175"
C0268362,116,372,176,3,27.27272727272727,1.7045454545454544,8.412565782621054e-05,"649, 1277, 1278"
C0268362,116,148,36,1,9.090909090909092,2.7777777777777777,0.01822147258095384,871
C0268362,116,129,59,1,9.090909090909092,1.694915254237288,0.029704397459168124,5479
C0268362,116,81,63,1,9.090909090909092,1.5873015873015872,0.03168891810531262,7471
C0268363,117,372,176,3,30.0,1.7045454545454544,6.15518684423569e-05,"1278, 1277, 6678"
C0268363,117,156,57,2,20.0,3.508771929824561,0.00030493510582511337,"60681, 10491"
C0268363,117,192,19,1,10.0,5.263157894736842,0.008780792561604425,121340
C0268363,117,129,59,1,10.0,1.694915254237288,0.027040238833427755,5479
C0268363,117,81,63,1,10.0,1.5873015873015872,0.028849428338073493,7471
C0241910,118,496,87,3,17.647058823529413,3.4482758620689653,4.144402024644625e-05,"3569, 3558, 3567"
C0241910,118,285,96,3,17.647058823529413,3.125,5.562149491042673e-05,"6352, 6347, 2919"
C0241910,118,471,22,2,11.76470588235294,9.090909090909092,0.00013396603524830824,"50616, 3586"
C0241910,118,274,211,2,11.76470588235294,0.9478672985781991,0.01177254155259773,"3596, 3565"
C0241910,118,401,33,1,5.88235294117647,3.0303030303030303,0.025717178456746967,3458
C0241910,118,115,47,1,5.88235294117647,2.127659574468085,0.036438325987209086,3606
C0033578,119,347,66,16,3.2989690721649487,24.242424242424242,1.0261060729992326e-12,"1571, 6916, 1543, 1576, 1545, 10857, 7367, 1548, 5743, 1586, 3292, 1588, 1557, 6715, 6716, 3293"
C0033578,119,206,82,10,2.0618556701030926,12.195121951219512,1.5216738708652994e-05,"11200, 11009, 54756, 29893, 2247, 5290, 10, 9687, 2264, 1950"
C0033578,119,496,87,9,1.8556701030927836,10.344827586206897,0.00014867797551751177,"2115, 1958, 3558, 7432, 9, 4780, 3569, 467, 5396"
C0033578,119,301,70,7,1.443298969072165,10.0,0.0009864890542494755,"3557, 1672, 114609, 7099, 7100, 10333, 51135"
C0033578,119,119,87,7,1.443298969072165,8.045977011494253,0.0034721438334569823,"1312, 4353, 9380, 3945, 8854, 55256, 316"
C0033578,119,319,47,5,1.0309278350515463,10.638297872340425,0.003979467243136144,"301, 6223, 8661, 4311, 8667"
C0033578,119,345,31,4,0.8247422680412372,12.903225806451612,0.004920374071485759,"1728, 1465, 4282, 4507"
C0033578,119,450,32,4,0.8247422680412372,12.5,0.005524947914766698,"4072, 27134, 1365, 1366"
C0033578,119,285,96,7,1.443298969072165,7.291666666666667,0.00596605444468959,"3490, 4322, 2118, 7079, 6695, 6387, 3576"
C0033578,119,501,53,5,1.0309278350515463,9.433962264150944,0.0066717385939899145,"51341, 4782, 3283, 3284, 29087"
C0033578,119,149,56,5,1.0309278350515463,8.928571428571429,0.008408304349952133,"928, 3915, 8754, 3732, 2678"
C0033578,119,255,58,5,1.0309278350515463,8.620689655172415,0.009725936841623258,"23600, 6648, 7001, 54363, 2878"
C0033578,119,430,39,4,0.8247422680412372,10.256410256410255,0.01117366801783145,"7178, 572, 581, 596"
C0033578,119,80,24,3,0.6185567010309279,12.5,0.0161263647314641,"328, 1387, 3091"
C0033578,119,136,29,3,0.6185567010309279,10.344827586206897,0.02681300179378937,"59344, 8829, 7422"
C0033578,119,465,30,3,0.6185567010309279,10.0,0.02930757681630136,"5744, 354, 5100"
C0033578,119,389,31,3,0.6185567010309279,9.67741935483871,0.03192049139610303,"7015, 1775, 54431"
C0033578,119,481,110,6,1.2371134020618557,5.454545454545454,0.03808655329412109,"1474, 1508, 1509, 563, 632, 1469"
C0033578,119,108,84,5,1.0309278350515463,5.952380952380952,0.04101463459425934,"3169, 3171, 116113, 10481, 2296"
C0033578,119,82,58,4,0.8247422680412372,6.896551724137931,0.04142346822843316,"26298, 7515, 142, 5591"
C0033578,119,35,59,4,0.8247422680412372,6.779661016949152,0.04367716701252197,"3728, 11187, 1499, 999"
C0033578,119,141,147,7,1.443298969072165,4.761904761904762,0.04881214871275559,"6528, 10945, 1605, 3603, 10207, 29, 7039"
C0033578,119,236,16,2,0.4123711340206186,12.5,0.049229773342744594,"7163, 7164"
C2936907,120,499,105,17,85.0,16.19047619047619,1.410226172450804e-37,"4709, 4715, 4728, 4719, 4720, 4729, 4722, 374291, 4723, 4724, 29078, 4694, 126328, 4726, 25915, 79133, 51103"
C2936907,120,148,36,1,5.0,2.7777777777777777,0.03288947772386473,91942
C2936907,120,251,41,1,5.0,2.4390243902439024,0.03737534839497673,80224
C0848558,121,30,89,2,10.526315789473683,2.247191011235955,0.002753390335652866,"3200, 23498"
C0848558,121,295,18,1,5.263157894736842,5.555555555555555,0.015752782733386695,8887
C0848558,121,388,21,1,5.263157894736842,4.761904761904762,0.018355281335766912,3778
C0848558,121,40,23,1,5.263157894736842,4.3478260869565215,0.020086657157088572,1768
C0848558,121,339,23,1,5.263157894736842,4.3478260869565215,0.020086657157088572,463
C0848558,121,245,27,1,5.263157894736842,3.7037037037037033,0.0235407335839104,29080
C0848558,121,345,31,1,5.263157894736842,3.225806451612903,0.026983273466922527,132
C0848558,121,193,42,1,5.263157894736842,2.380952380952381,0.03639106961010451,26585
C0848558,121,405,52,1,5.263157894736842,1.9230769230769231,0.04486877500572012,60678
C0848558,121,501,53,1,5.263157894736842,1.8867924528301887,0.045712648210783635,3284
C0026764,122,430,39,3,7.6923076923076925,7.6923076923076925,4.782587736319482e-05,"4170, 596, 598"
C0026764,122,387,1,1,2.564102564102564,100.0,0.0018091571183374308,1733
C0026764,122,82,58,2,5.128205128205128,3.4482758620689653,0.004945395990408266,"3981, 142"
C0026764,122,338,24,1,2.564102564102564,4.166666666666666,0.042550515349752994,3440
C0015695,123,255,58,4,6.349206349206349,6.896551724137931,2.4962141001490756e-05,"3032, 2876, 6648, 847"
C0015695,123,240,120,4,6.349206349206349,3.3333333333333335,0.0004221521965550705,"8856, 5465, 5467, 10062"
C0015695,123,347,66,3,4.761904761904762,4.545454545454546,0.0009546538230708109,"1571, 412, 1588"
C0015695,123,432,21,2,3.1746031746031744,9.523809523809524,0.001703102854869996,"406952, 4609"
C0015695,123,492,39,2,3.1746031746031744,5.128205128205128,0.0058097836842077605,"3949, 3630"
C0015695,123,372,176,3,4.761904761904762,1.7045454545454544,0.014850250791243486,"1281, 2147, 5054"
C0015695,123,287,11,1,1.5873015873015872,9.090909090909092,0.03168891810531262,51547
C0015695,123,423,99,2,3.1746031746031744,2.0202020202020203,0.03401256207872441,"330, 7124"
C0023290,124,471,22,2,14.285714285714285,9.090909090909092,8.980549649157519e-05,"3586, 3587"
C0023290,124,285,96,2,14.285714285714285,2.083333333333333,0.001724780569760839,"3576, 3553"
C0023290,124,249,16,1,7.142857142857142,6.25,0.01034417835907923,1401
C0023290,124,401,33,1,7.142857142857142,3.0303030303030303,0.021225939492604706,3458
C0023290,124,107,34,1,7.142857142857142,2.941176470588235,0.021862570083902952,3162
C0023290,124,149,56,1,7.142857142857142,1.7857142857142856,0.035771536225702096,3123
C0023290,124,45,78,1,7.142857142857142,1.282051282051282,0.04949665939349165,3117
C0393706,125,169,73,2,11.11111111111111,2.73972602739726,0.001670868458195287,"6812, 6334"
C0393706,125,57,17,1,5.555555555555555,5.88235294117647,0.014105698775491504,150094
C0393706,125,339,23,1,5.555555555555555,4.3478260869565215,0.01903915730184658,79751
C0393706,125,107,34,1,5.555555555555555,2.941176470588235,0.028023333183927534,51741
C0393706,125,289,37,1,5.555555555555555,2.7027027027027026,0.03046004235839117,170302
C0393706,125,36,43,1,5.555555555555555,2.3255813953488373,0.035316163064468574,9091
C0393706,125,12,44,1,5.555555555555555,2.272727272727273,0.03612327978217982,6326
C0393706,125,154,55,1,5.555555555555555,1.8181818181818181,0.04495957309842322,3745
C0393706,125,82,58,1,5.555555555555555,1.7241379310344827,0.04735616025585261,11284
C0393706,125,21,59,1,5.555555555555555,1.694915254237288,0.048153759637935264,6792
C0022521,126,319,47,2,7.142857142857142,4.25531914893617,0.0016962583490375141,"221421, 1767"
C0022521,126,79,8,1,3.571428571428571,12.5,0.010345612339733508,55130
C0022521,126,349,8,1,3.571428571428571,12.5,0.010345612339733508,6674
C0022521,126,346,15,1,3.571428571428571,6.666666666666667,0.019313294057842635,83544
C0022521,126,40,23,1,3.571428571428571,4.3478260869565215,0.029466132231521662,1769
C0022521,126,397,25,1,3.571428571428571,4.0,0.03198846074531321,64446
C0022521,126,342,29,1,3.571428571428571,3.4482758620689653,0.03701416772343363,51364
C0022521,126,361,29,1,3.571428571428571,3.4482758620689653,0.03701416772343363,23639
C0022521,126,325,30,1,3.571428571428571,3.3333333333333335,0.03826665765764698,10309
C0022521,126,315,32,1,3.571428571428571,3.125,0.04076692665884572,352909
C0022521,126,69,35,1,3.571428571428571,2.857142857142857,0.04450558142090073,55036
C0022521,126,464,36,1,3.571428571428571,2.7777777777777777,0.045748674243139095,92749
C0022521,126,138,39,1,3.571428571428571,2.564102564102564,0.04946860282455645,54768
C0005586,127,427,27,3,4.166666666666666,11.11111111111111,9.86485577453625e-05,"4915, 627, 22854"
C0005586,127,180,35,2,2.7777777777777777,5.714285714285714,0.006095479992652045,"6869, 6863"
C0005586,127,492,39,2,2.7777777777777777,5.128205128205128,0.007526189903779877,"5649, 3630"
C0005586,127,202,139,3,4.166666666666666,2.158273381294964,0.011316179370379622,"1816, 3356, 7252"
C0005586,127,376,49,2,2.7777777777777777,4.081632653061225,0.011690829606074225,"160851, 51196"
C0005586,127,252,52,2,2.7777777777777777,3.8461538461538463,0.013097557639274934,"55304, 5443"
C0005586,127,405,52,2,2.7777777777777777,3.8461538461538463,0.013097557639274934,"7226, 7222"
C0005586,127,122,56,2,2.7777777777777777,3.571428571428571,0.015081659028423783,"2931, 2932"
C0005586,127,369,59,2,2.7777777777777777,3.389830508474576,0.016649148638129576,"108, 5142"
C0005586,127,155,7,1,1.3888888888888888,14.285714285714285,0.02315010085911546,4914
C0005586,127,78,10,1,1.3888888888888888,10.0,0.03290903942687895,994
C0242350,128,430,39,2,20.0,5.128205128205128,0.00014220915127470147,"596, 598"
C0242350,128,252,52,2,20.0,3.8461538461538463,0.0002536620625102048,"1906, 1909"
C0242350,128,136,29,1,10.0,3.4482758620689653,0.0133743345813798,7422
C0242350,128,465,30,1,10.0,3.3333333333333335,0.01383263338545757,5617
C0242350,128,135,36,1,10.0,2.7777777777777777,0.01657840498822985,4846
C0242350,128,500,58,1,10.0,1.7241379310344827,0.02658746775931236,6462
C0242350,128,496,87,1,10.0,1.1494252873563218,0.03964112893459426,7432
C0265215,129,370,158,5,33.33333333333333,3.1645569620253164,5.61817618469907e-08,"57096, 57545, 79848, 80184, 23322"
C0265215,129,223,143,4,26.666666666666668,2.797202797202797,2.3943216831076465e-06,"91147, 51259, 79867, 132884"
C0265215,129,428,85,2,13.333333333333334,2.3529411764705883,0.0015604296497625952,"27077, 54903"
C0265215,129,323,50,1,6.666666666666667,2.0,0.03424318681265135,79583
C0005612,130,426,36,1,10.0,2.7777777777777777,0.01657840498822985,54901
C0005612,130,47,39,1,10.0,2.564102564102564,0.017948708919803068,3077
C0005612,130,369,59,1,10.0,1.694915254237288,0.027040238833427755,111
C0005612,130,253,61,1,10.0,1.639344262295082,0.027945212403068312,5168
C0005612,130,235,76,1,10.0,1.3157894736842104,0.034708403478126884,254251
C0005612,130,98,91,1,10.0,1.098901098901099,0.041429214885823074,5444
C0004352,131,141,147,13,5.118110236220472,8.843537414965986,2.1312844524515647e-08,"50944, 9378, 361, 9228, 54413, 22871, 85358, 54221, 2903, 23705, 22941, 57502, 8831"
C0004352,131,119,87,10,3.937007874015748,11.494252873563218,7.801388066197741e-08,"4128, 4129, 1312, 1610, 2571, 18, 2739, 51733, 438, 220"
C0004352,131,427,27,5,1.968503937007874,18.51851851851852,1.4258188711715338e-05,"7498, 4908, 4909, 4915, 627"
C0004352,131,326,97,8,3.149606299212598,8.24742268041237,1.9476447148495285e-05,"2560, 2562, 2890, 5579, 2554, 2555, 2556, 2557"
C0004352,131,312,56,5,1.968503937007874,8.928571428571429,0.0005108864403592734,"551, 552, 1746, 5020, 5021"
C0004352,131,47,39,4,1.574803149606299,10.256410256410255,0.0011197020460067318,"3481, 7018, 3486, 3479"
C0004352,131,146,23,3,1.1811023622047243,13.043478260869565,0.0024048040300440067,"10771, 27044, 6134"
C0004352,131,496,87,5,1.968503937007874,5.747126436781609,0.0036802571257312385,"9568, 3558, 7432, 3567, 3569"
C0004352,131,274,211,7,2.7559055118110236,3.3175355450236967,0.012787656754613819,"2690, 4233, 3596, 3565, 3600, 5618, 5175"
C0004352,131,305,16,2,0.7874015748031495,12.5,0.014883357686925563,"6091, 6092"
C0004352,131,98,91,4,1.574803149606299,4.395604395604396,0.022658117761900007,"3346, 6779, 5444, 64221"
C0004352,131,37,20,2,0.7874015748031495,10.0,0.022849860787708804,"5728, 5294"
C0004352,131,143,96,4,1.574803149606299,4.166666666666666,0.02692377726336762,"40, 26960, 121278, 775"
C0004352,131,255,58,3,1.1811023622047243,5.172413793103448,0.031024700899068804,"36, 2876, 847"
C0004352,131,35,59,3,1.1811023622047243,5.084745762711865,0.03241043099070738,"1008, 7812, 1007"
C0004352,131,369,59,3,1.1811023622047243,5.084745762711865,0.03241043099070738,"116987, 5141, 5142"
C0004352,131,489,3,1,0.39370078740157477,33.33333333333333,0.03493488689808516,9820
C0004352,131,168,29,2,0.7874015748031495,6.896551724137931,0.04557474886970324,"93986, 26470"
C0023904,132,88,45,3,3.1578947368421053,6.666666666666667,0.0010288262712377315,"538, 540, 1317"
C0023904,132,430,39,2,2.1052631578947367,5.128205128205128,0.012808581078694509,"596, 598"
C0023904,132,97,43,2,2.1052631578947367,4.651162790697675,0.015432291703679723,"2305, 5925"
C0023904,132,279,5,1,1.0526315789473684,20.0,0.021843259157190383,2922
C0023904,132,35,59,2,2.1052631578947367,3.389830508474576,0.0279447181056336,"1499, 999"
C0023904,132,129,59,2,2.1052631578947367,3.389830508474576,0.0279447181056336,"9104, 2026"
C0023904,132,54,61,2,2.1052631578947367,3.278688524590164,0.029719865720342672,"283120, 407006"
C0023904,132,32,65,2,2.1052631578947367,3.076923076923077,0.033400754275933135,"22800, 3265"
C0023904,132,347,66,2,2.1052631578947367,3.0303030303030303,0.03434753719610396,"1544, 1571"
C1961099,133,399,51,3,16.666666666666664,5.88235294117647,9.927455837222791e-06,"4004, 4005, 6886"
C1961099,133,334,48,2,11.11111111111111,4.166666666666666,0.0007260919270681083,"84295, 64919"
C1961099,133,146,23,1,5.555555555555555,4.3478260869565215,0.01903915730184658,6134
C1961099,133,421,24,1,5.555555555555555,4.166666666666666,0.019859130143332907,3575
C1961099,133,158,34,1,5.555555555555555,2.941176470588235,0.028023333183927534,2475
C1961099,133,430,39,1,5.555555555555555,2.564102564102564,0.0320813086978433,581
C1961099,133,509,45,1,5.555555555555555,2.2222222222222223,0.03692975870022569,4849
C1961099,133,165,50,1,5.555555555555555,2.0,0.04095260288709081,4851
C1961099,133,343,59,1,5.555555555555555,1.694915254237288,0.048153759637935264,6125
C0027404,134,312,56,3,12.0,5.357142857142857,3.6673059546489565e-05,"7200, 3060, 3062"
C0027404,134,277,8,1,4.0,12.5,0.00924165216543753,56342
C0027404,134,190,28,1,4.0,3.571428571428571,0.03198846074531321,1120
C0027404,134,56,32,1,4.0,3.125,0.036477261635159186,6957
C0027404,134,180,35,1,4.0,2.857142857142857,0.03983074163544316,6863
C0027404,134,161,39,1,4.0,2.564102564102564,0.04428462252949388,1375
C0027404,134,492,39,1,4.0,2.564102564102564,0.04428462252949388,3119
C0015967,135,202,139,3,14.285714285714285,2.158273381294964,0.00032045647074971926,"2488, 3356, 3350"
C0015967,135,496,87,2,9.523809523809524,2.2988505747126435,0.003216747587407995,"3569, 3558"
C0015967,135,285,96,2,9.523809523809524,2.083333333333333,0.0039003594467456088,"3576, 3553"
C0015967,135,423,99,2,9.523809523809524,2.0202020202020203,0.004141980861685542,"7132, 7124"
C0015967,135,471,22,1,4.761904761904762,4.545454545454546,0.021223987996175475,1392
C0015967,135,338,24,1,4.761904761904762,4.166666666666666,0.023132021542381715,3440
C0015967,135,362,30,1,4.761904761904762,3.3333333333333335,0.0288348907078533,1440
C0015967,135,465,30,1,4.761904761904762,3.3333333333333335,0.0288348907078533,5617
C0015967,135,401,33,1,4.761904761904762,3.0303030303030303,0.03167442118413478,3458
C0015967,135,252,52,1,4.761904761904762,1.9230769230769231,0.049475332507592874,5443
C0001418,136,347,66,6,5.555555555555555,9.090909090909092,9.784295910225452e-07,"1571, 5731, 7367, 1548, 5743, 1588"
C0001418,136,206,82,4,3.7037037037037033,4.878048780487805,0.0007717880045926876,"5290, 2254, 3845, 1950"
C0001418,136,423,99,4,3.7037037037037033,4.040404040404041,0.0015565052419235774,"841, 7124, 29108, 8797"
C0001418,136,240,120,4,3.7037037037037033,3.3333333333333335,0.0031351351796317507,"8856, 8202, 5915, 5468"
C0001418,136,285,96,3,2.7777777777777777,3.125,0.01247400792718862,"3576, 3553, 4323"
C0001418,136,135,36,2,1.8518518518518516,5.555555555555555,0.014021908957999695,"348, 4846"
C0001418,136,46,3,1,0.9259259259259258,33.33333333333333,0.014955437222078592,3312
C0001418,136,274,211,4,3.7037037037037033,1.8957345971563981,0.021711403043942184,"2064, 4233, 6776, 2886"
C0001418,136,202,139,3,2.7777777777777777,2.158273381294964,0.03279976351291556,"51738, 59340, 51292"
C0001418,136,505,57,2,1.8518518518518516,3.508771929824561,0.03319378963515294,"8289, 6599"
C0001418,136,255,58,2,1.8518518518518516,3.4482758620689653,0.03426896058436673,"6648, 2878"
C0001418,136,210,68,2,1.8518518518518516,2.941176470588235,0.045735574637384806,"4297, 58508"
C0001418,136,448,10,1,0.9259259259259258,10.0,0.048995200377003535,1956
C0887833,137,165,50,5,25.0,10.0,8.253205002708201e-10,"3714, 4855, 4851, 4854, 182"
C0887833,137,49,64,2,10.0,3.125,0.0015927194520152096,"23493, 23462"
C0887833,137,76,20,1,5.0,5.0,0.018400858674362145,3304
C0887833,137,50,25,1,5.0,4.0,0.02295055718935007,3303
C0887833,137,136,29,1,5.0,3.4482758620689653,0.026575884589262532,7422
C0887833,137,377,35,1,5.0,2.857142857142857,0.031989923708167466,23220
C0887833,137,106,48,1,5.0,2.083333333333333,0.043622369558344726,1029
C0887833,137,378,55,1,5.0,1.8181818181818181,0.04983086475003013,384
C0740392,138,496,87,4,16.0,4.597701149425287,2.9339925309475186e-06,"2353, 467, 3569, 3726"
C0740392,138,285,96,4,16.0,4.166666666666666,4.348097951159694e-06,"2920, 7130, 6354, 6347"
C0740392,138,372,176,4,16.0,2.272727272727273,4.750372935087255e-05,"5328, 4318, 718, 5327"
C0740392,138,427,27,2,8.0,7.4074074074074066,0.00044522617546783054,"7498, 4803"
C0740392,138,128,18,1,4.0,5.555555555555555,0.020678455627818126,5337
C0740392,138,477,25,1,4.0,4.0,0.02860869257317287,3383
C0740392,138,337,26,1,4.0,3.8461538461538463,0.02973653869455829,3329
C0740392,138,208,33,1,4.0,3.0303030303030303,0.037596335663457506,6774
C0740392,138,148,36,1,4.0,2.7777777777777777,0.04094607624463904,871
C0020538,139,252,52,8,4.102564102564102,15.384615384615385,2.0782560395701255e-08,"5443, 1906, 1908, 1909, 857, 156, 4158, 1215"
C0020538,139,372,176,12,6.153846153846154,6.8181818181818175,7.37379558634921e-08,"1281, 3816, 5327, 2160, 948, 5624, 7450, 2811, 5340, 1277, 5054, 2335"
C0020538,139,255,58,5,2.564102564102564,8.620689655172415,0.00017869697598104948,"847, 6647, 6648, 6649, 2876"
C0020538,139,369,59,5,2.564102564102564,8.47457627118644,0.0001938223973445595,"2982, 4878, 111, 4879, 4881"
C0020538,139,405,52,4,2.051282051282051,7.6923076923076925,0.0012520137494475413,"7224, 6786, 84876, 7222"
C0020538,139,312,56,4,2.051282051282051,7.142857142857142,0.0016515698510117386,"7200, 185, 5020, 551"
C0020538,139,202,139,6,3.076923076923077,4.316546762589928,0.0016842197718906296,"2784, 3972, 8490, 1813, 2778, 3357"
C0020538,139,326,97,5,2.564102564102564,5.154639175257731,0.0018924551141352541,"5580, 3758, 624, 150, 118"
C0020538,139,234,70,4,2.051282051282051,5.714285714285714,0.0037380458044437,"6337, 6338, 6340, 23327"
C0020538,139,240,120,5,2.564102564102564,4.166666666666666,0.004739148652043444,"2056, 2796, 5465, 5468, 7421"
C0020538,139,285,96,4,2.051282051282051,4.166666666666666,0.011301874375758051,"2920, 5473, 6347, 4313"
C0020538,139,218,56,3,1.5384615384615385,5.357142857142857,0.014219857084429894,"186, 1636, 183"
C0020538,139,471,22,2,1.0256410256410255,9.090909090909092,0.016697297010056875,"1395, 7349"
C0020538,139,353,61,3,1.5384615384615385,4.918032786885246,0.017867941575430552,"490, 476, 477"
C0020538,139,80,24,2,1.0256410256410255,8.333333333333332,0.019716078263126807,"3091, 5741"
C0020538,139,105,74,3,1.5384615384615385,4.054054054054054,0.02956924080144362,"1536, 653361, 1535"
C0020538,139,273,4,1,0.5128205128205128,25.0,0.03569758926509927,10911
C0020538,139,333,33,2,1.0256410256410255,6.0606060606060606,0.035775725593845106,"27347, 9943"
C0020538,139,158,34,2,1.0256410256410255,5.88235294117647,0.03778994919623261,"2475, 6198"
C0020538,139,135,36,2,1.0256410256410255,5.555555555555555,0.041944756347018636,"348, 4846"
C0020538,139,47,39,2,1.0256410256410255,5.128205128205128,0.04847920590482189,"3077, 3479"
C0020538,139,98,91,3,1.5384615384615385,3.296703296703297,0.04964386336931286,"4057, 335, 1071"
C0349639,140,274,211,5,26.31578947368421,2.3696682464454977,8.910125822430268e-07,"867, 10019, 3718, 5781, 1437"
C0349639,140,32,65,3,15.789473684210526,4.615384615384616,2.4493908569723726e-05,"22800, 6237, 4893"
C0349639,140,265,19,1,5.263157894736842,5.263157894736842,0.016621007680137505,2146
C0349639,140,508,19,1,5.263157894736842,5.263157894736842,0.016621007680137505,23092
C0349639,140,401,33,1,5.263157894736842,3.0303030303030303,0.028700228583075166,26040
C0349639,140,92,41,1,5.263157894736842,2.4390243902439024,0.03553938939065959,8233
C0349639,140,182,44,1,5.263157894736842,2.272727272727273,0.03809229299958007,1788
C0349639,140,323,50,1,5.263157894736842,2.0,0.043178907258493625,4763
C0023343,141,301,70,2,7.6923076923076925,2.857142857142857,0.0032120901183468513,"7096, 7097"
C0023343,141,225,11,1,3.8461538461538463,9.090909090909092,0.013190474417237962,5071
C0023343,141,228,14,1,3.8461538461538463,7.142857142857142,0.016758740534794793,8778
C0023343,141,167,20,1,3.8461538461538463,5.0,0.023858089645982666,4049
C0023343,141,510,23,1,3.8461538461538463,4.3478260869565215,0.02738925536245064,124460
C0023343,141,324,24,1,3.8461538461538463,4.166666666666666,0.028563578728317468,9966
C0023343,141,220,31,1,3.8461538461538463,3.225806451612903,0.03674575208798235,144811
C0023343,141,208,33,1,3.8461538461538463,3.0303030303030303,0.03907131805817726,149233
C0023343,141,244,40,1,3.8461538461538463,2.5,0.0471683597570958,50514
C0027051,142,372,176,9,10.227272727272728,5.113636363636364,4.3131115182926504e-08,"2147, 3816, 2153, 3690, 5327, 5328, 7056, 2162, 4318"
C0027051,142,430,39,3,3.4090909090909087,7.6923076923076925,0.0005401516045880339,"596, 581, 598"
C0027051,142,240,120,4,4.545454545454546,3.3333333333333335,0.0014853258603644572,"2056, 4306, 10891, 8204"
C0027051,142,255,58,3,3.4090909090909087,5.172413793103448,0.001724629699123986,"6648, 6647, 847"
C0027051,142,167,20,2,2.272727272727273,10.0,0.0029842246865043392,"4049, 3957"
C0027051,142,310,31,2,2.272727272727273,6.451612903225806,0.007094068893714629,"59, 221692"
C0027051,142,285,96,3,3.4090909090909087,3.125,0.007145691806044392,"4313, 3553, 7077"
C0027051,142,135,36,2,2.272727272727273,5.555555555555555,0.00948535770818586,"348, 4846"
C0027051,142,122,56,2,2.272727272727273,3.571428571428571,0.021999140657092426,"2932, 1390"
C0027051,142,218,56,2,2.272727272727273,3.571428571428571,0.021999140657092426,"1636, 183"
C0027051,142,500,58,2,2.272727272727273,3.4482758620689653,0.023489994397371608,"3240, 2729"
C0027051,142,369,59,2,2.272727272727273,3.389830508474576,0.02425063647421007,"5139, 4878"
C0027051,142,86,7,1,1.1363636363636365,14.285714285714285,0.02823170547273405,3309
C0027051,142,85,9,1,1.1363636363636365,11.11111111111111,0.036152167968450714,2730
C0027051,142,381,11,1,1.1363636363636365,9.090909090909092,0.04400880188372137,2099
C0027051,142,3,12,1,1.1363636363636365,8.333333333333332,0.047913342189775075,375056
C0027051,142,496,87,2,2.272727272727273,2.2988505747126435,0.04929174285639861,"1649, 3569"
C0042109,143,119,87,2,12.5,2.2988505747126435,0.001862378555427307,"3176, 4353"
C0042109,143,348,7,1,6.25,14.285714285714285,0.005184693757694805,7412
C0042109,143,341,18,1,6.25,5.555555555555555,0.013281180937734633,2944
C0042109,143,510,23,1,6.25,4.3478260869565215,0.016940943505724074,6401
C0042109,143,477,25,1,6.25,4.0,0.01840128217679489,3383
C0042109,143,492,39,1,6.25,2.564102564102564,0.028566850273759374,3119
C0042109,143,386,42,1,6.25,2.380952380952381,0.030732306739268626,3115
C0042109,143,115,47,1,6.25,2.127659574468085,0.03433134735695871,3606
C0042109,143,150,54,1,6.25,1.8518518518518516,0.039348960488025456,213
C0042109,143,149,56,1,6.25,1.7857142857142856,0.040778068552729994,3123
C0042109,143,500,58,1,6.25,1.7241379310344827,0.04220518330147003,2205
C0003811,144,218,56,2,10.0,3.571428571428571,0.0012220819030872218,"1636, 183"
C0003811,144,312,56,2,10.0,3.571428571428571,0.0012220819030872218,"7200, 551"
C0003811,144,275,19,1,5.0,5.263157894736842,0.017488507023348455,3757
C0003811,144,380,22,1,5.0,4.545454545454546,0.02022314801178857,5502
C0003811,144,180,35,1,5.0,2.857142857142857,0.031989923708167466,4987
C0003811,144,331,35,1,5.0,2.857142857142857,0.031989923708167466,151648
C0003811,144,252,52,1,5.0,1.9230769230769231,0.047174784091972434,1906
C0018995,145,47,39,2,16.666666666666664,5.128205128205128,0.00020809676939952877,"7036, 3077"
C0018995,145,36,43,2,16.666666666666664,4.651162790697675,0.0002532780737929673,"57817, 30061"
C0018995,145,184,82,2,16.666666666666664,2.4390243902439024,0.0009203238106327769,"650, 654"
C0018995,145,296,41,1,8.333333333333332,2.4390243902439024,0.022591679016140807,6718
C0018995,145,154,55,1,8.333333333333332,1.8181818181818181,0.030198107548693707,148738
C0018995,145,500,58,1,8.333333333333332,1.7241379310344827,0.031820980273584674,3240
C0018995,145,234,70,1,8.333333333333332,1.4285714285714286,0.03828760825660259,4891
C0030297,146,125,40,4,5.0,10.0,1.4516570128332441e-05,"6752, 6753, 6750, 6751"
C0030297,146,136,29,3,3.75,10.344827586206897,0.00016773953609079695,"7423, 8829, 3791"
C0030297,146,206,82,4,5.0,4.878048780487805,0.0002468771962240845,"79728, 11009, 7490, 3845"
C0030297,146,423,99,4,5.0,4.040404040404041,0.0005065964990095689,"8795, 7124, 8837, 8743"
C0030297,146,338,24,2,2.5,8.333333333333332,0.0035600614143429187,"3440, 3442"
C0030297,146,35,59,2,2.5,3.389830508474576,0.020298946789396498,"1499, 999"
C0030297,146,11,65,2,2.5,3.076923076923077,0.02432738374228947,"472, 546"
C0030297,146,153,65,2,2.5,3.076923076923077,0.02432738374228947,"3651, 3439"
C0030297,146,372,176,3,3.75,1.7045454545454544,0.027802461519980268,"5328, 7980, 4318"
C0030297,146,327,12,1,1.25,8.333333333333332,0.043646194500921165,2030
C0020507,147,79,8,1,3.8461538461538463,12.5,0.009609758555121556,5597
C0020507,147,298,11,1,3.8461538461538463,9.090909090909092,0.013190474417237962,117579
C0020507,147,372,176,2,7.6923076923076925,1.1363636363636365,0.018943210441575688,"1280, 4318"
C0020507,147,167,20,1,3.8461538461538463,5.0,0.023858089645982666,4143
C0020507,147,80,24,1,3.8461538461538463,4.166666666666666,0.028563578728317468,3091
C0020507,147,107,34,1,3.8461538461538463,2.941176470588235,0.04023207561859757,3162
C0020507,147,94,35,1,3.8461538461538463,2.857142857142857,0.041391484903265906,207
C0020507,147,492,39,1,3.8461538461538463,2.564102564102564,0.04601566933059686,3949
C0030354,148,448,10,1,9.090909090909092,10.0,0.005092110269309897,1956
C0030354,148,310,31,1,9.090909090909092,3.225806451612903,0.015708895642477603,6698
C0030354,148,345,31,1,9.090909090909092,3.225806451612903,0.015708895642477603,1728
C0030354,148,468,41,1,9.090909090909092,2.4390243902439024,0.02072821744160751,1026
C0030354,148,255,58,1,9.090909090909092,1.7241379310344827,0.029207689918775873,6648
C0030354,148,458,64,1,9.090909090909092,1.5625,0.03218447137137948,595
C0030354,148,32,65,1,9.090909090909092,1.5384615384615385,0.03267979407248751,3265
C0030354,148,347,66,1,9.090909090909092,1.5151515151515151,0.03317488630518818,5743
C0030354,148,184,82,1,9.090909090909092,1.2195121951219512,0.041065096971841304,7040
C0030354,148,119,87,1,9.090909090909092,1.1494252873563218,0.04351875560107638,4953
C0030193,149,312,56,5,10.416666666666668,8.928571428571429,1.549584896087474e-07,"7200, 551, 3060, 4923, 5020"
C0030193,149,180,35,2,4.166666666666666,5.714285714285714,0.002756399435645304,"5368, 6863"
C0030193,149,202,139,3,6.25,2.158273381294964,0.003670584886891661,"1268, 1813, 3350"
C0030193,149,252,52,2,4.166666666666666,3.8461538461538463,0.00599680314909911,"1906, 5443"
C0030193,149,372,176,3,6.25,1.7045454545454544,0.007068343300643499,"3082, 3827, 623"
C0030193,149,243,74,2,4.166666666666666,2.7027027027027026,0.011841802419595465,"5179, 5173"
C0030193,149,496,87,2,4.166666666666666,2.2988505747126435,0.016104030995451237,"7432, 3558"
C0030193,149,111,19,1,2.083333333333333,5.263157894736842,0.041486207331206504,27185
C0030193,149,449,20,1,2.083333333333333,5.0,0.043622369558344726,358
C0030193,149,471,22,1,2.083333333333333,4.545454545454546,0.04788071878744552,1392
C0000768,150,165,50,2,18.181818181818183,4.0,0.0002861335611595159,"4851, 10683"
C0000768,150,460,31,1,9.090909090909092,3.225806451612903,0.015708895642477603,6495
C0000768,150,507,38,1,9.090909090909092,2.631578947368421,0.01922486969161565,2332
C0000768,150,16,41,1,9.090909090909092,2.4390243902439024,0.02072821744160751,2138
C0000768,150,88,45,1,9.090909090909092,2.2222222222222223,0.02272942242402899,1317
C0000768,150,252,52,1,9.090909090909092,1.9230769230769231,0.026222587241553935,156
C0000768,150,235,76,1,9.090909090909092,1.3157894736842104,0.038113154085434725,9314
C0000768,150,108,84,1,9.090909090909092,1.1904761904761905,0.04204724624996982,6299
C1834752,151,401,33,2,16.666666666666664,6.0606060606060606,0.000148554905605668,"3458, 3459"
C1834752,151,301,70,2,16.666666666666664,2.857142857142857,0.0006717389576431088,"114609, 7097"
C1834752,151,365,16,1,8.333333333333332,6.25,0.008872605582586117,30835
C1834752,151,468,41,1,8.333333333333332,2.4390243902439024,0.022591679016140807,3431
C1834752,151,252,52,1,8.333333333333332,1.9230769230769231,0.028572741584050876,4159
C0022658,152,16,41,2,2.2222222222222223,4.878048780487805,0.012717437707584824,"10736, 3237"
C0022658,152,468,41,2,2.2222222222222223,4.878048780487805,0.012717437707584824,"1026, 6582"
C0022658,152,252,52,2,2.2222222222222223,3.8461538461538463,0.01996585769420663,"1906, 5443"
C0022658,152,218,56,2,2.2222222222222223,3.571428571428571,0.022940711536308115,"1636, 183"
C0022658,152,156,57,2,2.2222222222222223,3.508771929824561,0.02371130316650705,"210, 54974"
C0022658,152,81,63,2,2.2222222222222223,3.1746031746031744,0.028552949093318594,"54361, 54805"
C0022658,152,347,66,2,2.2222222222222223,3.0303030303030303,0.031109586921946916,"2628, 5743"
C0022658,152,85,9,1,1.1111111111111112,11.11111111111111,0.03696012494808651,793
C0022658,152,206,82,2,2.2222222222222223,2.4390243902439024,0.04615559709431784,"1950, 2247"
C0206062,153,303,29,1,6.25,3.4482758620689653,0.02131586032871432,4137
C0206062,153,389,31,1,6.25,3.225806451612903,0.022770105094862464,7015
C0206062,153,123,32,1,6.25,3.125,0.023496467555072544,1314
C0206062,153,158,34,1,6.25,2.941176470588235,0.024947674276936744,64798
C0206062,153,157,35,1,6.25,2.857142857142857,0.025672519196862816,23250
C0206062,153,138,39,1,6.25,2.564102564102564,0.028566850273759374,64478
C0206062,153,336,56,1,6.25,1.7857142857142856,0.040778068552729994,29119
C0206062,153,156,57,1,6.25,1.7543859649122806,0.04149187492932441,91039
C0206062,153,255,58,1,6.25,1.7241379310344827,0.04220518330147003,6648
C0206062,153,21,59,1,6.25,1.694915254237288,0.04291799399346388,151827
C0206062,153,35,59,1,6.25,1.694915254237288,0.04291799399346388,1832
C0206062,153,278,67,1,6.25,1.4925373134328357,0.04860260189493444,3712
C0206062,153,487,68,1,6.25,1.4705882352941175,0.04931094802660876,79991
C0007117,154,252,52,2,6.896551724137931,3.8461538461538463,0.0022224567414829517,"434, 4157"
C0007117,154,150,54,2,6.896551724137931,3.7037037037037033,0.002394453304595911,"3872, 3852"
C0007117,154,410,236,3,10.344827586206897,1.2711864406779663,0.0038364980465080607,"6608, 8643, 5727"
C0007117,154,265,19,1,3.4482758620689653,5.263157894736842,0.025263443315985724,100048912
C0007117,154,398,21,1,3.4482758620689653,4.761904761904762,0.02788661957310021,51151
C0007117,154,177,26,1,3.4482758620689653,3.8461538461538463,0.03441477493237378,7157
C0007117,154,389,31,1,3.4482758620689653,3.225806451612903,0.04090059284027645,7015
C0007117,154,164,36,1,3.4482758620689653,2.7777777777777777,0.04734433812568109,2736
C2239176,155,496,87,8,3.6036036036036037,9.195402298850574,3.2405557098574414e-06,"122953, 4780, 3725, 2353, 3569, 1050, 1051, 1052"
C2239176,155,206,82,6,2.7027027027027026,7.317073170731707,0.00020341331343108154,"3845, 2248, 2249, 5290, 9965, 1950"
C2239176,155,372,176,8,3.6036036036036037,4.545454545454546,0.0004934001467976,"2147, 5155, 325, 3082, 3083, 7980, 1356, 4318"
C2239176,155,285,96,5,2.2522522522522523,5.208333333333334,0.003168043114750815,"6348, 1230, 6387, 3576, 4313"
C2239176,155,129,59,4,1.8018018018018018,6.779661016949152,0.0031995790046697135,"57016, 2171, 2023, 8407"
C2239176,155,49,64,4,1.8018018018018018,6.25,0.004292130235507566,"51360, 5265, 22937, 3156"
C2239176,155,458,64,4,1.8018018018018018,6.25,0.004292130235507566,"595, 1027, 5218, 898"
C2239176,155,347,66,4,1.8018018018018018,6.0606060606060606,0.0047916982944753855,"5743, 1586, 1571, 1543"
C2239176,155,267,68,4,1.8018018018018018,5.88235294117647,0.00532890921383619,"6888, 5226, 7372, 9588"
C2239176,155,161,39,3,1.3513513513513513,7.6923076923076925,0.007495224930850361,"2194, 2182, 6319"
C2239176,155,240,120,5,2.2522522522522523,4.166666666666666,0.008107279553589393,"8431, 7376, 9971, 5914, 5468"
C2239176,155,97,43,3,1.3513513513513513,6.976744186046512,0.009821866801075984,"2305, 1869, 5925"
C2239176,155,184,82,4,1.8018018018018018,4.878048780487805,0.010241194438108812,"7040, 2658, 3491, 10468"
C2239176,155,423,99,4,1.8018018018018018,4.040404040404041,0.019273718016910822,"841, 29108, 174, 8743"
C2239176,155,398,21,2,0.9009009009009009,9.523809523809524,0.01949357998318427,"2597, 5230"
C2239176,155,505,57,3,1.3513513513513513,5.263157894736842,0.020974261418868642,"196528, 8289, 57492"
C2239176,155,255,58,3,1.3513513513513513,5.172413793103448,0.021954317458245318,"6648, 7001, 51"
C2239176,155,253,61,3,1.3513513513513513,4.918032786885246,0.02504243742964873,"873, 5105, 4830"
C2239176,155,420,24,2,0.9009009009009009,8.333333333333332,0.02510930825378966,"6240, 6241"
C2239176,155,288,25,2,0.9009009009009009,8.0,0.027110430650816676,"3417, 50"
C2239176,155,210,68,3,1.3513513513513513,4.411764705882353,0.033108043302076395,"4297, 58508, 9757"
C0206726,156,229,14,2,12.5,14.285714285714285,4.675620896931774e-05,"6867, 10460"
C0206726,156,206,82,2,12.5,2.4390243902439024,0.0016568685499785392,"2260, 2261"
C0206726,156,448,10,1,6.25,10.0,0.0073989815956096395,1956
C0206726,156,517,16,1,6.25,6.25,0.011813702590172712,4255
C0206726,156,288,25,1,6.25,4.0,0.01840128217679489,3417
C0206726,156,177,26,1,6.25,3.8461538461538463,0.01913068861768153,7157
C0206726,156,136,29,1,6.25,3.4482758620689653,0.02131586032871432,7422
C0206726,156,135,36,1,6.25,2.7777777777777777,0.026396858927968225,1562
C0206726,156,415,40,1,6.25,2.5,0.02928917253398894,8216
C0206726,156,226,58,1,6.25,1.7241379310344827,0.04220518330147003,4792
C0206726,156,347,66,1,6.25,1.5151515151515151,0.047893760992970255,5447
C0948089,157,460,31,2,6.451612903225806,6.451612903225806,0.0009067555448862302,"7171, 7139"
C0948089,157,372,176,3,9.67741935483871,1.7045454545454544,0.0020326938936605526,"3690, 4318, 462"
C0948089,157,46,3,1,3.225806451612903,33.33333333333333,0.004308142493109716,3312
C0948089,157,200,111,2,6.451612903225806,1.8018018018018018,0.011084465746435103,"5689, 81027"
C0948089,157,425,137,2,6.451612903225806,1.4598540145985401,0.016528151311362316,"832, 2934"
C0948089,157,419,14,1,3.225806451612903,7.142857142857142,0.019951523867641183,71
C0948089,157,249,16,1,3.225806451612903,6.25,0.022770105094862464,1401
C0948089,157,398,21,1,3.225806451612903,4.761904761904762,0.029782280836302903,2597
C0948089,157,337,26,1,3.225806451612903,3.8461538461538463,0.03674575208798235,3329
C0948089,157,313,27,1,3.225806451612903,3.7037037037037033,0.03813263062057596,2950
C0948089,157,431,29,1,3.225806451612903,3.4482758620689653,0.04090059284027645,7431
C0029927,158,219,49,2,5.714285714285714,4.081632653061225,0.002870772682975195,"6424, 4237"
C0029927,158,347,66,2,5.714285714285714,3.0303030303030303,0.005146578070619868,"1586, 5742"
C0029927,158,410,236,3,8.571428571428571,1.2711864406779663,0.006549090791015976,"3549, 11249, 25789"
C0029927,158,326,97,2,5.714285714285714,2.0618556701030926,0.010825776512431285,"2554, 5734"
C0029927,158,225,11,1,2.857142857142857,9.090909090909092,0.01771942414984372,5071
C0029927,158,76,20,1,2.857142857142857,5.0,0.031989923708167466,1301
C0029927,158,185,22,1,2.857142857142857,4.545454545454546,0.035133686380346626,55110
C0036346,159,444,13,1,6.25,7.6923076923076925,0.009608648205499948,23024
C0036346,159,410,236,2,12.5,0.847457627118644,0.012944794515559912,"341640, 192134"
C0036346,159,178,19,1,6.25,5.263157894736842,0.014014153736146635,124925
C0036346,159,39,31,1,6.25,3.225806451612903,0.022770105094862464,84630
C0036346,159,212,39,1,6.25,2.564102564102564,0.028566850273759374,9569
C0036346,159,60,44,1,6.25,2.272727272727273,0.032173429374303536,342667
C0036346,159,396,47,1,6.25,2.127659574468085,0.03433134735695871,4232
C0036346,159,149,56,1,6.25,1.7857142857142856,0.040778068552729994,3655
C0036346,159,226,58,1,6.25,1.7241379310344827,0.04220518330147003,5970
C0036346,159,347,66,1,6.25,1.5151515151515151,0.047893760992970255,5740
C0206686,160,448,10,1,5.88235294117647,10.0,0.007859777760320836,1956
C0206686,160,10,15,1,5.88235294117647,6.666666666666667,0.011767827918736385,1616
C0206686,160,420,24,1,5.88235294117647,4.166666666666666,0.018765833021351125,6240
C0206686,160,177,26,1,5.88235294117647,3.8461538461538463,0.020314598468474932,7157
C0206686,160,389,31,1,5.88235294117647,3.225806451612903,0.024176452374100172,7015
C0206686,160,264,35,1,5.88235294117647,2.857142857142857,0.02725561477404633,7153
C0206686,160,464,36,1,5.88235294117647,2.7777777777777777,0.028023975267905697,84133
C0206686,160,47,39,1,5.88235294117647,2.564102564102564,0.030325630870729037,3481
C0206686,160,97,43,1,5.88235294117647,2.3255813953488373,0.033386526138933496,5925
C0206686,160,106,48,1,5.88235294117647,2.083333333333333,0.03719985776118478,1029
C0206686,160,35,59,1,5.88235294117647,1.694915254237288,0.045539406107775494,1499
C0036341,161,202,139,8,2.857142857142857,5.755395683453238,0.0004760056073525016,"5999, 6002, 8787, 1268, 1813, 1815, 9628, 3356"
C0036341,161,141,147,8,2.857142857142857,5.442176870748299,0.0006892973611208482,"9378, 10718, 7434, 1739, 2903, 2904, 2906, 57502"
C0036341,161,326,97,6,2.142857142857143,6.185567010309279,0.0016753239877299324,"2561, 4900, 3559, 4842, 5587, 2559"
C0036341,161,12,44,4,1.4285714285714286,9.090909090909092,0.002513840107847578,"288, 65078, 57142, 26047"
C0036341,161,376,49,4,1.4285714285714286,8.16326530612245,0.003729985277255407,"3632, 9162, 9651, 23236"
C0036341,161,427,27,3,1.0714285714285714,11.11111111111111,0.005035054425863936,"627, 4908, 22854"
C0036341,161,119,87,5,1.7857142857142856,5.747126436781609,0.005544000166663934,"1312, 4129, 267012, 1610, 2571"
C0036341,161,157,35,3,1.0714285714285714,8.571428571428571,0.01044059783927812,"2913, 2898, 2901"
C0036341,161,400,1,1,0.35714285714285715,100.0,0.012988820336781556,90952
C0036341,161,169,73,4,1.4285714285714286,5.47945205479452,0.015054699802184032,"6855, 1012, 6854, 2823"
C0036341,161,334,48,3,1.0714285714285714,6.25,0.02440148534403964,"1108, 6942, 64919"
C0036341,161,404,2,1,0.35714285714285715,50.0,0.025809525954971435,6426
C0036341,161,191,22,2,0.7142857142857143,9.090909090909092,0.032731940569032905,"6529, 26051"
C0036341,161,312,56,3,1.0714285714285714,5.357142857142857,0.03628073307722671,"4923, 5021, 551"
C0036341,161,143,96,4,1.4285714285714286,4.166666666666666,0.036560251094623575,"783, 3269, 7166, 775"
C0036341,161,369,59,3,1.0714285714285714,5.084745762711865,0.041372714663223197,"113, 116987, 5142"
C0036341,161,245,27,2,0.7142857142857143,7.4074074074074066,0.04768249556865377,"131177, 1806"
C0333641,162,173,15,1,10.0,6.666666666666667,0.00693799282614819,196
C0333641,162,208,33,1,10.0,3.0303030303030303,0.015206380450161676,6774
C0333641,162,158,34,1,10.0,2.941176470588235,0.01566391325983915,6198
C0333641,162,238,46,1,10.0,2.1739130434782608,0.021139404284611044,84676
C0333641,162,218,56,1,10.0,1.7857142857142856,0.025681356679676606,6505
C0333641,162,347,66,1,10.0,1.5151515151515151,0.030204332908984208,1544
C0333641,162,301,70,1,10.0,1.4285714285714286,0.03200822587526001,3557
C0333641,162,98,91,1,10.0,1.098901098901099,0.041429214885823074,1191
C0333641,162,13,92,1,10.0,1.0869565217391304,0.04187576793954252,5595
C1800706,163,466,38,2,11.76470588235294,5.263157894736842,0.00040468365601525365,"653509, 729238"
C1800706,163,389,31,1,5.88235294117647,3.225806451612903,0.024176452374100172,7015
C1800706,163,157,35,1,5.88235294117647,2.857142857142857,0.02725561477404633,23250
C1800706,163,426,36,1,5.88235294117647,2.7777777777777777,0.028023975267905697,51750
C1800706,163,73,39,1,5.88235294117647,2.564102564102564,0.030325630870729037,255520
C1800706,163,62,51,1,5.88235294117647,1.9607843137254901,0.039481055758029286,5073
C1800706,163,156,57,1,5.88235294117647,1.7543859649122806,0.044028199293514966,91039
C1800706,163,35,59,1,5.88235294117647,1.694915254237288,0.045539406107775494,1832
C0431362,164,164,36,2,14.285714285714285,5.555555555555555,0.00024365491267610895,"2736, 7546"
C0431362,164,16,41,1,7.142857142857142,2.4390243902439024,0.026308229435767525,6496
C0431362,164,386,42,1,7.142857142857142,2.380952380952381,0.026941789799585118,6997
C0431362,164,165,50,1,7.142857142857142,2.0,0.03199650925905867,28514
C0431362,164,35,59,1,7.142857142857142,1.694915254237288,0.03765391905051218,50937
C0431362,164,49,64,1,7.142857142857142,1.5625,0.040783642562205305,6469
C0431362,164,239,75,1,7.142857142857142,1.3333333333333335,0.04763579475730502,84976
C0431362,164,45,78,1,7.142857142857142,1.282051282051282,0.04949665939349165,7050
C0431363,165,164,36,2,14.285714285714285,5.555555555555555,0.00024365491267610895,"2736, 7546"
C0431363,165,16,41,1,7.142857142857142,2.4390243902439024,0.026308229435767525,6496
C0431363,165,386,42,1,7.142857142857142,2.380952380952381,0.026941789799585118,6997
C0431363,165,165,50,1,7.142857142857142,2.0,0.03199650925905867,28514
C0431363,165,35,59,1,7.142857142857142,1.694915254237288,0.03765391905051218,50937
C0431363,165,49,64,1,7.142857142857142,1.5625,0.040783642562205305,6469
C0431363,165,239,75,1,7.142857142857142,1.3333333333333335,0.04763579475730502,84976
C0431363,165,45,78,1,7.142857142857142,1.282051282051282,0.04949665939349165,7050
C0021051,166,372,176,4,23.52941176470588,2.272727272727273,9.40547703916164e-06,"713, 948, 718, 727"
C0021051,166,98,91,3,17.647058823529413,3.296703296703297,4.740808057944251e-05,"731, 732, 735"
C0021051,166,470,1,1,5.88235294117647,100.0,0.0007886069490188802,8547
C0021051,166,274,211,2,11.76470588235294,0.9478672985781991,0.01177254155259773,"916, 7535"
C0021051,166,510,23,1,5.88235294117647,4.3478260869565215,0.017990586433135426,3075
C0021051,166,182,44,1,5.88235294117647,2.272727272727273,0.03415032780555232,1789
C0021051,166,314,46,1,5.88235294117647,2.1739130434782608,0.035676227333714255,1675
C0021051,166,115,47,1,5.88235294117647,2.127659574468085,0.036438325987209086,720
C0004134,167,219,49,2,13.333333333333334,4.081632653061225,0.0005215120990408301,"785, 773"
C0004134,167,326,97,2,13.333333333333334,2.0618556701030926,0.002025331275153241,"2554, 2557"
C0004134,167,195,17,1,6.666666666666667,5.88235294117647,0.011767827918736385,131669
C0004134,167,168,29,1,6.666666666666667,3.4482758620689653,0.019996572453919205,1960
C0004134,167,123,32,1,6.666666666666667,3.125,0.02204374263465239,372
C0004134,167,152,40,1,6.666666666666667,2.5,0.027483366883415024,22
C0004134,167,88,45,1,6.666666666666667,2.2222222222222223,0.03086877774281815,538
C0004134,167,124,57,1,6.666666666666667,1.7543859649122806,0.038948939712706826,6513
C0004134,167,169,73,1,6.666666666666667,1.36986301369863,0.04962470408479567,6334
C0279628,168,108,84,2,14.285714285714285,2.380952380952381,0.0013244298083367836,"56033, 27086"
C0279628,168,58,246,2,14.285714285714285,0.8130081300813009,0.01078222522292141,"4089, 23111"
C0279628,168,177,26,1,7.142857142857142,3.8461538461538463,0.016758740534794793,7157
C0279628,168,257,28,1,7.142857142857142,3.571428571428571,0.01803701110332809,9844
C0279628,168,106,48,1,7.142857142857142,2.083333333333333,0.03073512031754292,1029
C0279628,168,219,49,1,7.142857142857142,2.0408163265306123,0.03136600545007137,4745
C0279628,168,505,57,1,7.142857142857142,1.7543859649122806,0.03639937672116,8289
C0279628,168,153,65,1,7.142857142857142,1.5384615384615385,0.04140845198872227,23373
C0279628,168,347,66,1,7.142857142857142,1.5151515151515151,0.04203288348286697,5743
C0279628,168,301,70,1,7.142857142857142,1.4285714285714286,0.04452683435464987,7099
C0035334,169,110,26,4,5.063291139240507,15.384615384615385,2.348667503355507e-06,"24, 5961, 1258, 6094"
C0035334,169,369,59,5,6.329113924050633,8.47457627118644,2.493157194539181e-06,"2979, 5158, 3000, 5145, 5148"
C0035334,169,312,56,3,3.79746835443038,5.357142857142857,0.0011417610758495311,"6010, 4901, 6295"
C0035334,169,19,130,4,5.063291139240507,3.076923076923077,0.0013377032148014275,"94137, 8842, 1259, 7287"
C0035334,169,187,18,2,2.5316455696202533,11.11111111111111,0.0019530862013293813,"10594, 23020"
C0035334,169,31,21,2,2.5316455696202533,9.523809523809524,0.002661685703662219,"123016, 583"
C0035334,169,479,3,1,1.2658227848101267,33.33333333333333,0.010954374027444381,26121
C0035334,169,493,47,2,2.5316455696202533,4.25531914893617,0.012884465399367198,"145226, 9227"
C0035334,169,370,158,3,3.79746835443038,1.89873417721519,0.02036100595346777,"57096, 55857, 8481"
C0035334,169,243,74,2,2.5316455696202533,2.7027027027027026,0.030216450191735095,"4117, 4751"
C0035334,169,186,12,1,1.2658227848101267,8.333333333333332,0.043111570180321676,6017
C0279626,170,129,59,4,4.705882352941177,6.779661016949152,8.684387016959691e-05,"2952, 2280, 6876, 9446"
C0279626,170,165,50,3,3.5294117647058822,6.0,0.001014408978373838,"4851, 4853, 4854"
C0279626,170,210,68,3,3.5294117647058822,4.411764705882353,0.002464861392004955,"7403, 58508, 8085"
C0279626,170,80,24,2,2.3529411764705883,8.333333333333332,0.004008359333717813,"1387, 3091"
C0279626,170,119,87,3,3.5294117647058822,3.4482758620689653,0.004940853853417107,"217, 2739, 125"
C0279626,170,460,31,2,2.3529411764705883,6.451612903225806,0.0066336576203565815,"7168, 7169"
C0279626,170,481,110,3,3.5294117647058822,2.727272727272727,0.009429828784085553,"1890, 1476, 6317"
C0279626,170,386,42,2,2.3529411764705883,4.761904761904762,0.011943879069526188,"6657, 116"
C0279626,170,150,54,2,2.3529411764705883,3.7037037037037033,0.019255922318305137,"3872, 3861"
C0279626,170,124,57,2,2.3529411764705883,3.508771929824561,0.021313789081653288,"811, 567"
C0279626,170,255,58,2,2.3529411764705883,3.4482758620689653,0.02201924002291036,"6648, 5052"
C0279626,170,86,7,1,1.1764705882352942,14.285714285714285,0.027280634364593034,3309
C0279626,170,347,66,2,2.3529411764705883,3.0303030303030303,0.02800156903844717,"1548, 5743"
C0279626,170,243,74,2,2.3529411764705883,2.7027027027027026,0.034556260279373606,"4085, 701"
C0279626,170,448,10,1,1.1764705882352942,10.0,0.03874596073897913,1956
C0279626,170,496,87,2,2.3529411764705883,2.2988505747126435,0.04632468674611183,"4780, 2196"
C0004364,171,274,211,4,12.121212121212121,1.8957345971563981,0.00029219134863328866,"940, 3565, 26191, 5175"
C0004364,171,356,47,2,6.0606060606060606,4.25531914893617,0.0023529987046509993,"1409, 1415"
C0004364,171,372,176,3,9.090909090909092,1.7045454545454544,0.0024379701864848664,"721, 716, 2157"
C0004364,171,201,89,2,6.0606060606060606,2.247191011235955,0.008189188519345929,"7293, 959"
C0004364,171,285,96,2,6.0606060606060606,2.083333333333333,0.009472610879947102,"2833, 5196"
C0004364,171,423,99,2,6.0606060606060606,2.0202020202020203,0.010048394711297223,"355, 7132"
C0004364,171,444,13,1,3.0303030303030303,7.6923076923076925,0.019724403348457813,5913
C0004364,171,249,16,1,3.0303030303030303,6.25,0.024222323839352182,3263
C0004364,171,453,16,1,3.0303030303030303,6.25,0.024222323839352182,3605
C0004364,171,471,22,1,3.0303030303030303,4.545454545454546,0.033158203878271265,23411
C0004364,171,123,32,1,3.0303030303030303,3.125,0.04787528734753915,1314
C0004364,171,208,33,1,3.0303030303030303,3.0303030303030303,0.049334990739758944,6774
C0004364,171,401,33,1,3.0303030303030303,3.0303030303030303,0.049334990739758944,3458
C0011991,172,301,70,3,30.0,4.285714285714286,3.871146133118481e-06,"3552, 929, 3557"
C0011991,172,338,24,1,10.0,4.166666666666666,0.01107996398620278,3440
C0011991,172,362,30,1,10.0,3.3333333333333335,0.01383263338545757,1440
C0011991,172,38,35,1,10.0,2.857142857142857,0.016121254748823116,5697
C0011991,172,369,59,1,10.0,1.694915254237288,0.027040238833427755,2984
C0011991,172,98,91,1,10.0,1.098901098901099,0.041429214885823074,4057
C0011991,172,390,109,1,10.0,0.9174311926605505,0.04943857992832202,6550
C0151744,173,285,96,6,3.508771929824561,6.25,0.00011726605239220399,"3553, 2920, 3627, 6348, 6347, 6351"
C0151744,173,124,57,4,2.3391812865497075,7.017543859649122,0.0010882919678487971,"6890, 811, 821, 9451"
C0151744,173,267,68,4,2.3391812865497075,5.88235294117647,0.002097320053089365,"9588, 3098, 3099, 5236"
C0151744,173,372,176,6,3.508771929824561,3.4090909090909087,0.002850656718789816,"1634, 2150, 713, 3082, 948, 6678"
C0151744,173,274,211,6,3.508771929824561,2.843601895734597,0.006853872202644562,"2690, 3717, 3572, 952, 6776, 9021"
C0151744,173,222,17,2,1.1695906432748537,11.76470588235294,0.007867514583583585,"5209, 5213"
C0151744,173,175,20,2,1.1695906432748537,10.0,0.010821640044291791,"1000, 6546"
C0151744,173,255,58,3,1.7543859649122806,5.172413793103448,0.010997873777167945,"6648, 3158, 3030"
C0151744,173,278,67,3,1.7543859649122806,4.477611940298507,0.01621578968177792,"5160, 1737, 5166"
C0151744,173,136,29,2,1.1695906432748537,6.896551724137931,0.02207326125425442,"7422, 3791"
C0151744,173,235,76,3,1.7543859649122806,3.9473684210526314,0.022603816856464207,"9314, 2246, 6935"
C0151744,173,172,3,1,0.5847953216374269,33.33333333333333,0.023610188435139862,4691
C0151744,173,401,33,2,1.1695906432748537,6.0606060606060606,0.028121279846507034,"817, 3459"
C0151744,173,107,34,2,1.1695906432748537,5.88235294117647,0.029725753369765805,"5034, 3162"
C0151744,173,496,87,3,1.7543859649122806,3.4482758620689653,0.032013287955141544,"3569, 1052, 3726"
C0151744,173,13,92,3,1.7543859649122806,3.260869565217391,0.036868140062458664,"1432, 7538, 1843"
C0151744,173,47,39,2,1.1695906432748537,5.128205128205128,0.03826966045071885,"3486, 3479"
C0151744,173,161,39,2,1.1695906432748537,5.128205128205128,0.03826966045071885,"2710, 1375"
C0151744,173,418,94,3,1.7543859649122806,3.1914893617021276,0.03890986496033949,"10611, 3397, 3399"
C0151744,173,33,5,1,0.5847953216374269,20.0,0.039041588271481256,201475
C0151744,173,16,41,2,1.1695906432748537,4.878048780487805,0.0419186392872289,"3146, 7091"
C0151744,173,326,97,3,1.7543859649122806,3.0927835051546393,0.042078269331865814,"2152, 5581, 334"
C0151744,173,12,44,2,1.1695906432748537,4.545454545454546,0.04762456202925077,"6252, 7357"
C0085580,174,202,139,2,9.523809523809524,1.4388489208633095,0.007999753883327286,"2784, 8490"
C0085580,174,510,23,1,4.761904761904762,4.3478260869565215,0.022178448003237473,6401
C0085580,174,377,35,1,4.761904761904762,2.857142857142857,0.03356304682978209,51320
C0085580,174,135,36,1,4.761904761904762,2.7777777777777777,0.0345060435780664,4846
C0085580,174,493,47,1,4.761904761904762,2.127659574468085,0.044821338589404035,1577
C0019209,175,240,120,2,20.0,1.6666666666666667,0.0013430741142730377,"8856, 5465"
C0019209,175,219,49,1,10.0,2.0408163265306123,0.022503986704847337,9719
C0019209,175,162,66,1,10.0,1.5151515151515151,0.030204332908984208,3953
C0019209,175,347,66,1,10.0,1.5151515151515151,0.030204332908984208,1544
C0019209,175,487,68,1,10.0,1.4705882352941175,0.03110665722348711,9970
C0019209,175,268,77,1,10.0,1.2987012987012987,0.035157773431351534,5184
C0019209,175,201,89,1,10.0,1.1235955056179776,0.040535546797174735,4591
C0019209,175,83,102,1,10.0,0.9803921568627451,0.0463310121146419,9474
C0026848,176,378,55,2,6.896551724137931,3.6363636363636362,0.0024827426435952856,"1376, 383"
C0026848,176,129,59,2,6.896551724137931,3.389830508474576,0.0028510810656778547,"2170, 3094"
C0026848,176,373,9,1,3.4482758620689653,11.11111111111111,0.012044712187349416,4549
C0026848,176,444,13,1,3.4482758620689653,7.6923076923076925,0.0173528434767105,5913
C0026848,176,359,28,1,3.4482758620689653,3.571428571428571,0.03701416772343363,270
C0026848,176,362,30,1,3.4482758620689653,3.3333333333333335,0.03960680351998473,1440
C0026848,176,460,31,1,3.4482758620689653,3.225806451612903,0.04090059284027645,7136
C0026848,176,383,32,1,3.4482758620689653,3.125,0.042192699260774146,5837
C0026848,176,58,246,2,6.896551724137931,0.8130081300813009,0.04302499621939399,"4089, 440275"
C0026848,176,350,35,1,3.4482758620689653,2.857142857142857,0.04605894222030006,10367
C0026848,176,464,36,1,3.4482758620689653,2.7777777777777777,0.04734433812568109,84466
C0019202,177,159,20,2,8.333333333333332,10.0,0.00022295516051009146,"635, 191"
C0019202,177,135,36,2,8.333333333333332,5.555555555555555,0.0007312752320314067,"2, 348"
C0019202,177,122,56,2,8.333333333333332,3.571428571428571,0.0017634451736663833,"5530, 5532"
C0019202,177,285,96,2,8.333333333333332,2.083333333333333,0.005081902014467447,"3576, 7076"
C0019202,177,471,22,1,4.166666666666666,4.545454545454546,0.02422065599088576,3586
C0019202,177,492,39,1,4.166666666666666,2.564102564102564,0.042550515349752994,56899
C0019202,177,100,40,1,4.166666666666666,2.5,0.04361840212508553,4015
C0019202,177,36,43,1,4.166666666666666,2.3255813953488373,0.046815218191014356,57817
C0019202,177,88,45,1,4.166666666666666,2.2222222222222223,0.048940737008997905,540
C0015393,178,184,82,2,12.5,2.4390243902439024,0.0016568685499785392,"7048, 7042"
C0015393,178,58,246,2,12.5,0.8130081300813009,0.014006991605106864,"657, 658"
C0015393,178,0,20,1,6.25,5.0,0.01474661606042102,324
C0015393,178,80,24,1,6.25,4.166666666666666,0.0176713672497525,7020
C0015393,178,324,24,1,6.25,4.166666666666666,0.0176713672497525,285590
C0015393,178,406,27,1,6.25,3.7037037037037033,0.019859586903042983,55764
C0015393,178,244,40,1,6.25,2.5,0.02928917253398894,30813
C0015393,178,165,50,1,6.25,2.0,0.036484754014367425,182
C0015393,178,49,64,1,6.25,1.5625,0.04647459358783282,6469
C0026846,179,35,59,2,15.384615384615385,3.389830508474576,0.0005633737281694458,"2688, 1499"
C0026846,179,275,19,1,7.6923076923076925,5.263157894736842,0.011400753870553029,3757
C0026846,179,80,24,1,7.6923076923076925,4.166666666666666,0.014380946083152506,10370
C0026846,179,359,28,1,7.6923076923076925,3.571428571428571,0.016759126566745698,270
C0026846,179,94,35,1,7.6923076923076925,2.857142857142857,0.020908200989063118,207
C0026846,179,47,39,1,7.6923076923076925,2.564102564102564,0.023271838429959234,3479
C0026846,179,238,46,1,7.6923076923076925,2.1739130434782608,0.027395533979016656,84676
C0026846,179,122,56,1,7.6923076923076925,1.7857142857142856,0.033258654897920965,2932
C0026846,179,255,58,1,7.6923076923076925,1.7241379310344827,0.034427356840961425,6647
C0026846,179,1,68,1,7.6923076923076925,1.4705882352941175,0.04025132881508071,114907
C0026846,179,117,81,1,7.6923076923076925,1.2345679012345678,0.047774018003122476,25937
C0004782,180,347,66,2,16.666666666666664,3.0303030303030303,0.0005973762085376066,"1565, 6575"
C0004782,180,202,139,2,16.666666666666664,1.4388489208633095,0.0026114497256797624,"3356, 1813"
C0004782,180,427,27,1,8.333333333333332,3.7037037037037033,0.014930598437643034,80704
C0004782,180,465,30,1,8.333333333333332,3.3333333333333335,0.01657687721598512,5617
C0004782,180,123,32,1,8.333333333333332,3.125,0.01767299485796531,1814
C0004782,180,350,35,1,8.333333333333332,2.857142857142857,0.019315071608989536,10367
C0004782,180,369,59,1,8.333333333333332,1.694915254237288,0.03236138439641444,8622
C0004782,180,271,73,1,8.333333333333332,1.36986301369863,0.039898066855317105,9213
C0019163,181,338,24,2,12.5,8.333333333333332,0.00014119739306995587,"3440, 3455"
C0019163,181,401,33,2,12.5,6.0606060606060606,0.0002690664581246865,"3458, 3459"
C0019163,181,471,22,1,6.25,4.545454545454546,0.016210010613679417,3588
C0019163,181,324,24,1,6.25,4.166666666666666,0.0176713672497525,3456
C0019163,181,406,27,1,6.25,3.7037037037037033,0.019859586903042983,6554
C0019163,181,100,40,1,6.25,2.5,0.02928917253398894,4015
C0019163,181,386,42,1,6.25,2.380952380952381,0.030732306739268626,3115
C0019163,181,323,50,1,6.25,2.0,0.036484754014367425,3113
C0019163,181,22,57,1,6.25,1.7543859649122806,0.04149187492932441,7332
C0019163,181,500,58,1,6.25,1.7241379310344827,0.04220518330147003,3240
C0019163,181,153,65,1,6.25,1.5384615384615385,0.04718442499818011,3439
C0019163,181,347,66,1,6.25,1.5151515151515151,0.047893760992970255,1548
C0024115,182,274,211,5,10.204081632653061,2.3696682464454977,0.00011510502068600018,"5156, 3815, 3596, 3480, 3643"
C0024115,182,471,22,2,4.081632653061225,9.090909090909092,0.0011357301333724849,"1395, 114131"
C0024115,182,234,70,2,4.081632653061225,2.857142857142857,0.011077765584725775,"6337, 6338"
C0024115,182,184,82,2,4.081632653061225,2.4390243902439024,0.014972915921656098,"7040, 1490"
C0024115,182,119,87,2,4.081632653061225,2.2988505747126435,0.016745779555091607,"4353, 3948"
C0024115,182,375,309,3,6.122448979591836,0.9708737864077669,0.03310505013694916,"10253, 64220, 5125"
C0024115,182,254,21,1,2.0408163265306123,4.761904761904762,0.04668553441844935,10365
C0024115,182,276,21,1,2.0408163265306123,4.761904761904762,0.04668553441844935,683
C0024117,183,285,96,3,5.88235294117647,3.125,0.0015265972323698427,"4312, 4323, 3576"
C0024117,183,149,56,2,3.9215686274509802,3.571428571428571,0.007789033945224361,"977, 311"
C0024117,183,124,57,2,3.9215686274509802,3.508771929824561,0.00806014186825991,"3107, 925"
C0024117,183,347,66,2,3.9215686274509802,3.0303030303030303,0.010687205148014743,"1544, 1543"
C0024117,183,184,82,2,3.9215686274509802,2.4390243902439024,0.016154223803974008,"7040, 7042"
C0024117,183,280,98,2,3.9215686274509802,2.0408163265306123,0.022573177549736204,"11097, 10411"
C0031117,184,347,66,7,2.3890784982935154,10.606060606060606,3.129569849060258e-05,"7364, 1544, 5740, 5742, 1588, 6715, 6716"
C0031117,184,11,65,6,2.04778156996587,9.230769230769232,0.0002524768539291242,"9156, 3364, 4361, 2956, 4595, 472"
C0031117,184,496,87,6,2.04778156996587,6.896551724137931,0.0012037144848016277,"3558, 9, 3725, 1649, 3569, 467"
C0031117,184,469,19,3,1.023890784982935,15.789473684210526,0.0020494296443346184,"1617, 57054, 57135"
C0031117,184,274,211,9,3.0716723549488054,4.265402843601896,0.002474344083722188,"2690, 3562, 2064, 1493, 169270, 3480, 4058, 1437, 11006"
C0031117,184,206,82,5,1.7064846416382253,6.097560975609756,0.00521767728701235,"54756, 23221, 2264, 3161, 1950"
C0031117,184,82,58,4,1.3651877133105803,6.896551724137931,0.007978885826096953,"10038, 7486, 142, 5423"
C0031117,184,17,11,2,0.6825938566552902,18.181818181818183,0.009338468291578665,"4288, 23683"
C0031117,184,229,14,2,0.6825938566552902,14.285714285714285,0.015042028924958236,"51129, 6790"
C0031117,184,173,15,2,0.6825938566552902,13.333333333333334,0.017202063330826606,"196, 6492"
C0031117,184,481,110,5,1.7064846416382253,4.545454545454546,0.017261825807355698,"2576, 2578, 2579, 26748, 5055"
C0031117,184,295,18,2,0.6825938566552902,11.11111111111111,0.02440551743237137,"266740, 4101"
C0031117,184,265,19,2,0.6825938566552902,10.526315789473683,0.027035645407434514,"100170841, 6757"
C0031117,184,159,20,2,0.6825938566552902,10.0,0.029774381730411907,"159162, 4548"
C0031117,184,510,23,2,0.6825938566552902,8.695652173913043,0.03860843328704119,"960, 6401"
C0031117,184,124,57,3,1.023890784982935,5.263157894736842,0.04247293458562051,"10859, 6787, 6891"
C0031117,184,505,57,3,1.023890784982935,5.263157894736842,0.04247293458562051,"6756, 8110, 55247"
C0031117,184,255,58,3,1.023890784982935,5.172413793103448,0.0443544281543218,"6648, 6649, 2876"
C0043094,185,425,137,7,7.865168539325842,5.109489051094891,1.6025459563767964e-06,"4430, 11217, 26037, 2934, 8470, 8826, 23164"
C0043094,185,202,139,4,4.49438202247191,2.877697841726619,0.00264577282259118,"2784, 51738, 1268, 1813"
C0043094,185,372,176,4,4.49438202247191,2.272727272727273,0.006117331824823368,"4811, 948, 6678, 2199"
C0043094,185,293,39,2,2.247191011235955,5.128205128205128,0.01131035593957861,"80746, 9637"
C0043094,185,114,3,1,1.1235955056179776,33.33333333333333,0.012335272456011046,6202
C0043094,185,396,47,2,2.247191011235955,4.25531914893617,0.016152471794497462,"4232, 8701"
C0043094,185,252,52,2,2.247191011235955,3.8461538461538463,0.019551979875184058,"857, 5443"
C0043094,185,343,59,2,2.247191011235955,3.389830508474576,0.024765104659991256,"6234, 6158"
C0043094,185,347,66,2,2.247191011235955,3.0303030303030303,0.030477441456353643,"412, 1565"
C0043094,185,278,67,2,2.247191011235955,2.9850746268656714,0.031332353243592924,"586, 23014"
C0043094,185,267,68,2,2.247191011235955,2.941176470588235,0.03219670477976401,"3952, 5631"
C0043094,185,17,11,1,1.1235955056179776,9.090909090909092,0.044498619908747206,23683
C0043094,185,381,11,1,1.1235955056179776,9.090909090909092,0.044498619908747206,55187
C0011053,186,212,39,2,11.11111111111111,5.128205128205128,0.0004791078097862956,"5077, 4286"
C0011053,186,85,9,1,5.555555555555555,11.11111111111111,0.007491294855125043,776
C0011053,186,373,9,1,5.555555555555555,11.11111111111111,0.007491294855125043,4549
C0011053,186,104,19,1,5.555555555555555,5.263157894736842,0.015752782733386695,84947
C0011053,186,427,27,1,5.555555555555555,3.7037037037037033,0.022315166449602363,627
C0011053,186,264,35,1,5.555555555555555,2.857142857142857,0.028836211500272352,5424
C0011053,186,23,47,1,5.555555555555555,2.127659574468085,0.038540805034497895,204
C0011053,186,165,50,1,5.555555555555555,2.0,0.04095260288709081,182
C0011053,186,21,59,1,5.555555555555555,1.694915254237288,0.048153759637935264,9381
C0011053,186,89,59,1,5.555555555555555,1.694915254237288,0.048153759637935264,65217
C0403553,187,302,12,1,10.0,8.333333333333332,0.0055538701735755105,27130
C0403553,187,76,20,1,10.0,5.0,0.009241011341174665,261734
C0403553,187,406,27,1,10.0,3.7037037037037033,0.012457161872101916,57728
C0403553,187,385,32,1,10.0,3.125,0.014748656248651168,4867
C0403553,187,164,36,1,10.0,2.7777777777777777,0.01657840498822985,26146
C0403553,187,366,38,1,10.0,2.631578947368421,0.01749213200266133,10806
C0403553,187,60,44,1,10.0,2.272727272727273,0.020228730445032518,27031
C0403553,187,150,54,1,10.0,1.8518518518518516,0.024774486554146418,9657
C1263846,188,202,139,4,9.30232558139535,2.877697841726619,0.00016806167412649917,"1816, 1268, 1813, 1815"
C1263846,188,309,46,2,4.651162790697675,4.3478260869565215,0.0038046943225638315,"28964, 5789"
C1263846,188,349,8,1,2.3255813953488373,12.5,0.015849283937340298,23284
C1263846,188,326,97,2,4.651162790697675,2.0618556701030926,0.016052137932105196,"2915, 2911"
C1263846,188,491,9,1,2.3255813953488373,11.11111111111111,0.017813109673601574,201134
C1263846,188,167,20,1,2.3255813953488373,5.0,0.03916415598444449,2917
C1263846,188,70,160,2,4.651162790697675,1.25,0.04053686093214517,"1137, 1141"
C0039685,189,254,21,2,11.76470588235294,9.523809523809524,0.00012184380663539017,"2627, 140628"
C0039685,189,108,84,2,11.76470588235294,2.380952380952381,0.001964401268015011,"2296, 2303"
C0039685,189,418,94,2,11.76470588235294,2.127659574468085,0.002451729122835383,"9464, 2626"
C0039685,189,80,24,1,5.88235294117647,4.166666666666666,0.018765833021351125,10370
C0039685,189,136,29,1,5.88235294117647,3.4482758620689653,0.02263343333138212,8829
C0039685,189,401,33,1,5.88235294117647,3.0303030303030303,0.025717178456746967,2702
C0039685,189,16,41,1,5.88235294117647,2.4390243902439024,0.03185721701880619,1482
C0039685,189,334,48,1,5.88235294117647,2.083333333333333,0.03719985776118478,23414
C0039685,189,165,50,1,5.88235294117647,2.0,0.038721222251648944,182
C0039685,189,351,50,1,5.88235294117647,2.0,0.038721222251648944,2262
C0524851,190,341,18,3,8.108108108108109,16.666666666666664,3.7312003168397106e-06,"2944, 2946, 2949"
C0524851,190,255,58,2,5.405405405405405,3.4482758620689653,0.004460185836320623,"6648, 2878"
C0524851,190,268,77,2,5.405405405405405,2.5974025974025974,0.007735291035724083,"2936, 8942"
C0524851,190,10,15,1,2.7027027027027026,6.666666666666667,0.025446825659880642,2495
C0524851,190,467,19,1,2.7027027027027026,5.263157894736842,0.03212553186267359,4257
C0524851,190,175,20,1,2.7027027027027026,5.0,0.033788237560560166,6709
C0524851,190,254,21,1,2.7027027027027026,4.761904761904762,0.03544816397604329,6414
C0524851,190,471,22,1,2.7027027027027026,4.545454545454546,0.03710531562597298,23411
C0524851,190,245,27,1,2.7027027027027026,3.7037037037037033,0.045349609983494486,5311
C0524851,190,427,27,1,2.7027027027027026,3.7037037037037033,0.045349609983494486,4803
C0524851,190,303,29,1,2.7027027027027026,3.4482758620689653,0.0486280616605705,4137
C0524851,190,431,29,1,2.7027027027027026,3.4482758620689653,0.0486280616605705,7431
C0004763,191,240,120,2,12.5,1.6666666666666667,0.0035041603377648552,"8856, 5468"
C0004763,191,430,39,1,6.25,2.564102564102564,0.028566850273759374,4170
C0004763,191,125,40,1,6.25,2.5,0.02928917253398894,6750
C0004763,191,226,58,1,6.25,1.7241379310344827,0.04220518330147003,5970
C0004763,191,153,65,1,6.25,1.5384615384615385,0.04718442499818011,23373
C0004763,191,347,66,1,6.25,1.5151515151515151,0.047893760992970255,5743
C0376634,192,206,82,5,3.3557046979865772,6.097560975609756,0.00026233322524551637,"5251, 2248, 2253, 2260, 2263"
C0376634,192,108,84,5,3.3557046979865772,5.952380952380952,0.00029355376226397286,"145258, 60529, 23314, 1749, 2303"
C0376634,192,153,65,4,2.684563758389262,6.153846153846154,0.0010699479089288169,"3664, 80714, 3211, 54796"
C0376634,192,58,246,7,4.697986577181208,2.8455284552845526,0.0016455702471708078,"657, 658, 1745, 4087, 4088, 4089, 860"
C0376634,192,16,41,3,2.013422818791946,7.317073170731707,0.002846066431645545,"2138, 4204, 4487"
C0376634,192,182,44,3,2.013422818791946,6.8181818181818175,0.003482988594695846,"27164, 1789, 1788"
C0376634,192,165,50,3,2.013422818791946,6.0,0.005001477493642426,"3714, 10683, 4851"
C0376634,192,37,20,2,1.342281879194631,10.0,0.008309718799319294,"5728, 2239"
C0376634,192,44,22,2,1.342281879194631,9.090909090909092,0.01001212805065375,"26229, 113189"
C0376634,192,87,22,2,1.342281879194631,9.090909090909092,0.01001212805065375,"5080, 30062"
C0376634,192,80,24,2,1.342281879194631,8.333333333333332,0.011855217650490232,"7020, 7021"
C0376634,192,184,82,3,2.013422818791946,3.6585365853658534,0.019262171140182863,"7048, 7042, 4054"
C0376634,192,289,37,2,1.342281879194631,5.405405405405405,0.026986120761379632,"1452, 286077"
C0376634,192,285,96,3,2.013422818791946,3.125,0.02899528595380153,"4313, 4322, 1404"
C0376634,192,212,39,2,1.342281879194631,5.128205128205128,0.029757973915591922,"9569, 5077"
C0376634,192,492,39,2,1.342281879194631,5.128205128205128,0.029757973915591922,"4036, 9270"
C0376634,192,372,176,4,2.684563758389262,2.272727272727273,0.03402300370785752,"5648, 1280, 3339, 2812"
C0520459,193,255,58,2,11.76470588235294,3.4482758620689653,0.0009427725546971048,"6648, 34"
C0520459,193,119,87,2,11.76470588235294,2.2988505747126435,0.0021051698267847583,"217, 10327"
C0520459,193,167,20,1,5.88235294117647,5.0,0.015661386390433164,3957
C0520459,193,135,36,1,5.88235294117647,2.7777777777777777,0.028023975267905697,4846
C0520459,193,468,41,1,5.88235294117647,2.4390243902439024,0.03185721701880619,51084
C0520459,193,334,48,1,5.88235294117647,2.083333333333333,0.03719985776118478,11315
C0520459,193,378,55,1,5.88235294117647,1.8181818181818181,0.042514740727951354,4942
C0520459,193,149,56,1,5.88235294117647,1.7857142857142856,0.043271751676124785,1839
C0520459,193,129,59,1,5.88235294117647,1.694915254237288,0.045539406107775494,2023
C0520459,193,54,61,1,5.88235294117647,1.639344262295082,0.047048364311834505,3313
C0020473,194,135,36,2,11.76470588235294,5.555555555555555,0.0003629974889686217,"348, 4846"
C0020473,194,161,39,2,11.76470588235294,5.128205128205128,0.0004263607222448651,"3990, 4023"
C0020473,194,240,120,2,11.76470588235294,1.6666666666666667,0.003956974242587994,"5465, 133522"
C0020473,194,0,20,1,5.88235294117647,5.0,0.015661386390433164,324
C0020473,194,492,39,1,5.88235294117647,2.564102564102564,0.030325630870729037,3949
C0020473,194,154,55,1,5.88235294117647,1.8181818181818181,0.042514740727951354,2641
C0020473,194,82,58,1,5.88235294117647,1.7241379310344827,0.044784083973143346,79661
C0020473,194,49,64,1,5.88235294117647,1.5625,0.049307592334890925,338
C3463824,195,203,3,1,5.555555555555555,33.33333333333333,0.0025030117264188416,7307
C3463824,195,498,13,1,5.555555555555555,7.6923076923076925,0.01080371818349167,8877
C3463824,195,265,19,1,5.555555555555555,5.263157894736842,0.015752782733386695,2146
C3463824,195,432,21,1,5.555555555555555,4.761904761904762,0.01739726762204124,4609
C3463824,195,286,25,1,5.555555555555555,4.0,0.020678455627818126,1612
C3463824,195,401,33,1,5.555555555555555,3.0303030303030303,0.02720981230590794,26040
C3463824,195,47,39,1,5.555555555555555,2.564102564102564,0.0320813086978433,3077
C3463824,195,125,40,1,5.555555555555555,2.5,0.03289098136460783,8788
C3463824,195,376,49,1,5.555555555555555,2.0408163265306123,0.04014930585833175,23236
C3463824,195,399,51,1,5.555555555555555,1.9607843137254901,0.04175526495748799,4066
C3463824,195,35,59,1,5.555555555555555,1.694915254237288,0.048153759637935264,1495
C0003130,196,119,87,3,9.090909090909092,3.4482758620689653,0.0003173637817223802,"4353, 2098, 229"
C0003130,196,253,61,2,6.0606060606060606,3.278688524590164,0.0039304352722704045,"5106, 4830"
C0003130,196,496,87,2,6.0606060606060606,2.2988505747126435,0.007838137770642788,"468, 1958"
C0003130,196,335,14,1,3.0303030303030303,7.142857142857142,0.021225939492604706,6187
C0003130,196,372,176,2,6.0606060606060606,1.1363636363636365,0.029654415447200936,"1504, 5327"
C0003130,196,159,20,1,3.0303030303030303,5.0,0.030188430480036728,191
C0003130,196,398,21,1,3.0303030303030303,4.761904761904762,0.03167442118413478,2597
C0003130,196,413,23,1,3.0303030303030303,4.3478260869565215,0.034639781740914276,7035
C0003130,196,427,27,1,3.0303030303030303,3.7037037037037033,0.0405441082910545,627
C0003130,196,190,28,1,3.0303030303030303,3.571428571428571,0.04201470951847647,60
C0003130,196,345,31,1,3.0303030303030303,3.225806451612903,0.04641341066594369,132
C0149925,197,418,94,3,7.142857142857142,3.1914893617021276,0.0008148916378976716,"862, 429, 3398"
C0149925,197,268,77,2,4.761904761904762,2.5974025974025974,0.00988578320905894,"1152, 10397"
C0149925,197,232,10,1,2.380952380952381,10.0,0.019317294163149153,8570
C0149925,197,448,10,1,2.380952380952381,10.0,0.019317294163149153,1956
C0149925,197,305,16,1,2.380952380952381,6.25,0.030732306739268626,9353
C0149925,197,15,18,1,2.380952380952381,5.555555555555555,0.034508408072384124,9774
C0149925,197,37,20,1,2.380952380952381,5.0,0.0382701472903151,5728
C0149925,197,254,21,1,2.380952380952381,4.761904761904762,0.04014564776920293,2033
C0149925,197,339,23,1,2.380952380952381,4.3478260869565215,0.043885943687510504,4610
C0149925,197,80,24,1,2.380952380952381,4.166666666666666,0.04575075237912026,1387
C0149925,197,177,26,1,2.380952380952381,3.8461538461538463,0.04946972426776887,7157
C0014544,198,326,97,5,7.575757575757576,5.154639175257731,1.1956380099354488e-05,"2562, 150, 4985, 5243, 2911"
C0014544,198,12,44,3,4.545454545454546,6.8181818181818175,0.0003318651924665103,"8514, 6326, 26047"
C0014544,198,169,73,3,4.545454545454546,4.10958904109589,0.0014629713713529475,"57468, 8404, 6334"
C0014544,198,38,35,2,3.0303030303030303,5.714285714285714,0.005146578070619868,"4852, 4887"
C0014544,198,141,147,3,4.545454545454546,2.0408163265306123,0.01039187518300354,"2904, 8831, 2903"
C0014544,198,252,52,2,3.0303030303030303,3.8461538461538463,0.01109292588531542,"1129, 5443"
C0014544,198,353,61,2,3.0303030303030303,3.278688524590164,0.015041801218522829,"7416, 7417"
C0014544,198,90,65,2,3.0303030303030303,3.076923076923077,0.01696349487231806,"7249, 6558"
C0014544,198,496,87,2,3.0303030303030303,2.2988505747126435,0.029228889025113263,"2353, 2354"
C0014544,198,189,13,1,1.5151515151515151,7.6923076923076925,0.03908913501047054,6507
C0014544,198,28,15,1,1.5151515151515151,6.666666666666667,0.044967750014461016,6415
C0014544,198,384,15,1,1.5151515151515151,6.666666666666667,0.044967750014461016,2670
C0162557,199,492,39,2,9.090909090909092,5.128205128205128,0.0007200596868981779,"2638, 3630"
C0162557,199,184,82,2,9.090909090909092,2.4390243902439024,0.003142627472561125,"3624, 10468"
C0162557,199,423,99,2,9.090909090909092,2.0202020202020203,0.004542599387193881,"355, 7124"
C0162557,199,372,176,2,9.090909090909092,1.1363636363636365,0.01375386740340897,"3082, 462"
C0162557,199,31,21,1,4.545454545454546,4.761904761904762,0.021223987996175475,3875
C0162557,199,324,24,1,4.545454545454546,4.166666666666666,0.02422065599088576,356
C0162557,199,362,30,1,4.545454545454546,3.3333333333333335,0.030187739578524005,1440
C0162557,199,88,45,1,4.545454545454546,2.2222222222222223,0.04495344302842135,540
C0162557,199,309,46,1,4.545454545454546,2.1739130434782608,0.045930154828968714,831
C0162557,199,461,46,1,4.545454545454546,2.1739130434782608,0.045930154828968714,6341
C1449861,200,281,86,3,15.789473684210526,3.488372093023256,5.672075486165046e-05,"5520, 5529, 5527"
C1449861,200,80,24,2,10.526315789473683,8.333333333333332,0.00020079615484318213,"328, 3091"
C1449861,200,11,65,2,10.526315789473683,3.076923076923077,0.0014810076556265538,"7507, 7508"
C1449861,200,347,66,2,10.526315789473683,3.0303030303030303,0.0015264877073871592,"1571, 1543"
C1449861,200,517,16,1,5.263157894736842,6.25,0.014014153736146635,4255
C1449861,200,341,18,1,5.263157894736842,5.555555555555555,0.015752782733386695,2944
C1449861,200,374,28,1,5.263157894736842,3.571428571428571,0.02440244868200171,2072
C1449861,200,106,48,1,5.263157894736842,2.083333333333333,0.041486207331206504,1029
C1449861,200,82,58,1,5.263157894736842,1.7241379310344827,0.04992142989256558,7515
C0009241,201,444,13,1,4.3478260869565215,7.6923076923076925,0.01378557190440063,590
C0009241,201,471,22,1,4.3478260869565215,4.545454545454546,0.02322274107975706,1392
C0009241,201,123,32,1,4.3478260869565215,3.125,0.033607166866950956,1814
C0009241,201,120,34,1,4.3478260869565215,2.941176470588235,0.03567134116388205,282808
C0009241,201,135,36,1,4.3478260869565215,2.7777777777777777,0.03773129777509009,348
C0009241,201,366,38,1,4.3478260869565215,2.631578947368421,0.039787044927528104,1965
C0009241,201,507,38,1,4.3478260869565215,2.631578947368421,0.039787044927528104,2332
C0009241,201,47,39,1,4.3478260869565215,2.564102564102564,0.04081334252345107,3481
C0085110,202,274,211,4,36.36363636363637,1.8957345971563981,2.7897473706453263e-06,"915, 916, 3718, 7535"
C0085110,202,23,47,2,18.181818181818183,4.25531914893617,0.00025270923975885117,"204, 100"
C0085110,202,72,116,2,18.181818181818183,1.7241379310344827,0.0015296035939740152,"5896, 5897"
C0085110,202,421,24,1,9.090909090909092,4.166666666666666,0.012181466787721838,3575
C0085110,202,125,40,1,9.090909090909092,2.5,0.02022733445043564,7037
C0085110,202,270,63,1,9.090909090909092,1.5873015873015872,0.03168891810531262,64421
C0018798,203,165,50,3,7.894736842105263,6.0,9.35385886211831e-05,"4851, 55534, 182"
C0018798,203,202,139,3,7.894736842105263,2.158273381294964,0.001876258022362996,"2776, 2348, 2767"
C0018798,203,16,41,2,5.263157894736842,4.878048780487805,0.0023758071662376198,"2138, 6910"
C0018798,203,252,52,2,5.263157894736842,3.8461538461538463,0.0037952774552212605,"1906, 1909"
C0018798,203,235,76,2,5.263157894736842,2.631578947368421,0.007943444695770518,"9314, 9839"
C0018798,203,30,89,2,5.263157894736842,2.247191011235955,0.010758968287682394,"3200, 6899"
C0018798,203,173,15,1,2.631578947368421,6.666666666666667,0.02612611458251549,196
C0018798,203,80,24,1,2.631578947368421,4.166666666666666,0.041481485918182626,3091
C0018798,203,136,29,1,2.631578947368421,3.4482758620689653,0.04991011492320264,7422
C0018799,204,326,97,3,6.976744186046512,3.0927835051546393,0.0009565407322366553,"4689, 7137, 150"
C0018799,204,240,120,3,6.976744186046512,2.5,0.0017648973257430231,"2056, 8841, 5916"
C0018799,204,500,58,2,4.651162790697675,3.4482758620689653,0.00598522630423324,"6696, 4502"
C0018799,204,105,74,2,4.651162790697675,2.7027027027027026,0.009584860481081876,"5880, 1535"
C0018799,204,202,139,2,4.651162790697675,1.4388489208633095,0.03137475888522146,"5739, 9294"
C0018799,204,249,16,1,2.3255813953488373,6.25,0.03145311933941605,1401
C0018799,204,508,19,1,2.3255813953488373,5.263157894736842,0.037242037292066314,57104
C0018799,204,175,20,1,2.3255813953488373,5.0,0.03916415598444449,6508
C0018799,204,380,22,1,2.3255813953488373,4.545454545454546,0.04299715534792188,488
C0018799,204,471,22,1,2.3255813953488373,4.545454545454546,0.04299715534792188,23411
C0018799,204,80,24,1,2.3255813953488373,4.166666666666666,0.046815218191014356,328
C0023493,205,274,211,4,12.903225806451612,1.8957345971563981,0.00022814183762937305,"3565, 940, 1493, 7409"
C0023493,205,285,96,2,6.451612903225806,2.083333333333333,0.008390594386831507,"1233, 1236"
C0023493,205,31,21,1,3.225806451612903,4.761904761904762,0.029782280836302903,29851
C0023493,205,276,21,1,3.225806451612903,4.761904761904762,0.029782280836302903,3181
C0023493,205,185,22,1,3.225806451612903,4.545454545454546,0.031178860948397766,22807
C0023493,205,471,22,1,3.225806451612903,4.545454545454546,0.031178860948397766,3586
C0023493,205,338,24,1,3.225806451612903,4.166666666666666,0.033966187144886514,3440
C0023493,205,25,27,1,3.225806451612903,3.7037037037037033,0.03813263062057596,332
C0023493,205,454,28,1,3.225806451612903,3.571428571428571,0.03951757667030943,7161
C0023493,205,183,30,1,3.225806451612903,3.3333333333333335,0.042281681730185046,1457
C0023493,205,208,33,1,3.225806451612903,3.0303030303030303,0.04641341066594369,6774
C0023493,205,401,33,1,3.225806451612903,3.0303030303030303,0.04641341066594369,3458
C0008312,206,208,33,4,17.391304347826086,12.121212121212121,3.946540842928214e-08,"3592, 3594, 3595, 6775"
C0008312,206,76,20,1,4.3478260869565215,5.0,0.021133087043121952,4664
C0008312,206,185,22,1,4.3478260869565215,4.545454545454546,0.02322274107975706,22806
C0008312,206,132,24,1,4.3478260869565215,4.166666666666666,0.025308127746456605,23274
C0008312,206,324,24,1,4.3478260869565215,4.166666666666666,0.025308127746456605,9966
C0008312,206,257,28,1,4.3478260869565215,3.571428571428571,0.029466132231521662,9844
C0008312,206,284,28,1,4.3478260869565215,3.571428571428571,0.029466132231521662,8986
C0004936,207,119,87,3,27.27272727272727,3.4482758620689653,1.0234147483275047e-05,"1312, 4128, 1644"
C0004936,207,326,97,3,27.27272727272727,3.0927835051546393,1.4196148072669514e-05,"7504, 4842, 5243"
C0004936,207,112,14,1,9.090909090909092,7.142857142857142,0.0071223455447955875,54487
C0004936,207,338,24,1,9.090909090909092,4.166666666666666,0.012181466787721838,3440
C0004936,207,252,52,1,9.090909090909092,1.9230769230769231,0.026222587241553935,5443
C0004936,207,405,52,1,9.090909090909092,1.9230769230769231,0.026222587241553935,7225
C0004936,207,153,65,1,9.090909090909092,1.5384615384615385,0.03267979407248751,4010
C0005283,208,500,58,2,20.0,3.4482758620689653,0.0003157474847847362,"3040, 3043"
C0005283,208,275,19,1,10.0,5.263157894736842,0.008780792561604425,790
C0005283,208,47,39,1,10.0,2.564102564102564,0.017948708919803068,7036
C0005283,208,125,40,1,10.0,2.5,0.01840509487160165,7037
C0005283,208,36,43,1,10.0,2.3255813953488373,0.019773107644830236,57817
C0005283,208,278,67,1,10.0,1.4925373134328357,0.030655589559252235,1723
C0005283,208,267,68,1,10.0,1.4705882352941175,0.03110665722348711,7372
C0024809,209,462,18,1,10.0,5.555555555555555,0.00832038139181558,79571
C0024809,209,484,318,2,20.0,0.628930817610063,0.009027416430504795,"801, 805"
C0024809,209,337,26,1,10.0,3.8461538461538463,0.011998287824368126,23780
C0024809,209,94,35,1,10.0,2.857142857142857,0.016121254748823116,207
C0024809,209,154,55,1,10.0,1.8181818181818181,0.0252280165329614,2222
C0024809,209,326,97,1,10.0,1.0309278350515463,0.04410572609373283,5243
C0023976,210,275,19,3,18.75,15.789473684210526,3.2271146219358876e-07,"9992, 3753, 3757"
C0023976,210,143,96,3,18.75,3.125,4.5954298783889476e-05,"10142, 6262, 775"
C0023976,210,141,147,3,18.75,2.0408163265306123,0.00016300931365541827,"6640, 6331, 3759"
C0023976,210,37,20,1,6.25,5.0,0.01474661606042102,5728
C0023976,210,460,31,1,6.25,3.225806451612903,0.022770105094862464,23171
C0023976,210,252,52,1,6.25,1.9230769230769231,0.03791785650905371,5443
C0023976,210,35,59,1,6.25,1.694915254237288,0.04291799399346388,1832
C0006413,211,505,57,2,13.333333333333334,3.508771929824561,0.0007054948395040368,"8289, 6597"
C0006413,211,418,94,2,13.333333333333334,2.127659574468085,0.0019036499221592867,"6929, 3399"
C0006413,211,432,21,1,6.666666666666667,4.761904761904762,0.014517881003556188,4609
C0006413,211,430,39,1,6.666666666666667,2.564102564102564,0.026804961568028852,27113
C0006413,211,386,42,1,6.666666666666667,2.380952380952381,0.028838853571038364,5979
C0006413,211,182,44,1,6.666666666666667,2.272727272727273,0.03019257677836294,27164
C0006413,211,253,61,1,6.666666666666667,1.639344262295082,0.04162832397497725,5091
C0006413,211,153,65,1,6.666666666666667,1.5384615384615385,0.044300734893644195,5087
C0006413,211,48,71,1,6.666666666666667,1.4084507042253522,0.04829631311363987,10841
C1861063,212,70,160,2,16.666666666666664,1.25,0.003441006611949723,"1136, 1137"
C1861063,212,427,27,1,8.333333333333332,3.7037037037037033,0.014930598437643034,627
C1861063,212,297,30,1,8.333333333333332,3.3333333333333335,0.01657687721598512,112398
C1861063,212,461,46,1,8.333333333333332,2.1739130434782608,0.02531451600436828,1142
C1861063,212,129,59,1,8.333333333333332,1.694915254237288,0.03236138439641444,3094
C1861063,212,347,66,1,8.333333333333332,1.5151515151515151,0.03613647813215641,1548
C1861063,212,239,75,1,8.333333333333332,1.3333333333333335,0.040970332129551125,6531
C1861063,212,496,87,1,8.333333333333332,1.1494252873563218,0.047380904875313185,9568
C0018621,213,265,19,1,10.0,5.263157894736842,0.008780792561604425,284110
C0018621,213,185,22,1,10.0,4.545454545454546,0.010160872015492435,22806
C0018621,213,132,24,1,10.0,4.166666666666666,0.01107996398620278,23274
C0018621,213,385,32,1,10.0,3.125,0.014748656248651168,7145
C0018621,213,301,70,1,10.0,1.4285714285714286,0.03200822587526001,7096
C0018621,213,259,94,1,10.0,1.0638297872340425,0.042768312414812375,286046
C0018621,213,481,110,1,10.0,0.9090909090909091,0.04988177342891492,1469
C0021655,214,47,39,2,4.081632653061225,5.128205128205128,0.0035545606552250066,"3483, 3485"
C0021655,214,161,39,2,4.081632653061225,5.128205128205128,0.0035545606552250066,"32, 3990"
C0021655,214,492,39,2,4.081632653061225,5.128205128205128,0.0035545606552250066,"1363, 3630"
C0021655,214,255,58,2,4.081632653061225,3.4482758620689653,0.007714704667964558,"6648, 2878"
C0021655,214,270,63,2,4.081632653061225,3.1746031746031744,0.009049347294423086,"5562, 5563"
C0021655,214,274,211,3,6.122448979591836,1.4218009478672986,0.012238404242500563,"3667, 3643, 5295"
C0021655,214,423,99,2,4.081632653061225,2.0202020202020203,0.021343775164007248,"834, 7124"
C0021655,214,448,10,1,2.0408163265306123,10.0,0.022503986704847337,1956
C0021655,214,240,120,2,4.081632653061225,1.6666666666666667,0.030484998742296245,"5465, 5468"
C0021655,214,173,15,1,2.0408163265306123,6.666666666666667,0.033569183546573546,196
C0021655,214,261,15,1,2.0408163265306123,6.666666666666667,0.033569183546573546,367
C0021655,214,202,139,2,4.081632653061225,1.4388489208633095,0.03985478840771544,"2778, 154"
C0021655,214,0,20,1,2.0408163265306123,5.0,0.04451165091074754,1489
C0021655,214,37,20,1,2.0408163265306123,5.0,0.04451165091074754,5728
C0021655,214,254,21,1,2.0408163265306123,4.761904761904762,0.04668553441844935,6414
C0021655,214,276,21,1,2.0408163265306123,4.761904761904762,0.04668553441844935,3164
C0021655,214,471,22,1,2.0408163265306123,4.545454545454546,0.04885457271773875,23411
C0149721,215,218,56,3,12.5,5.357142857142857,3.23318102256425e-05,"186, 1636, 183"
C0149721,215,158,34,2,8.333333333333332,5.88235294117647,0.000652068794148426,"2475, 6198"
C0149721,215,372,176,3,12.5,1.7045454545454544,0.0009544284362224655,"1281, 1277, 2335"
C0149721,215,252,52,2,8.333333333333332,3.8461538461538463,0.0015225238121060085,"1906, 1215"
C0149721,215,122,56,2,8.333333333333332,3.571428571428571,0.0017634451736663833,"5530, 5534"
C0149721,215,173,15,1,4.166666666666666,6.666666666666667,0.016575731633709834,196
C0149721,215,209,18,1,4.166666666666666,5.555555555555555,0.019859130143332907,9518
C0149721,215,432,21,1,4.166666666666666,4.761904761904762,0.023132021542381715,4609
C0149721,215,303,29,1,4.166666666666666,3.4482758620689653,0.03180860816706902,6794
C0149721,215,310,31,1,4.166666666666666,3.225806451612903,0.033966187144886514,58
C0149721,215,38,35,1,4.166666666666666,2.857142857142857,0.038267529985859035,5972
C0149721,215,152,40,1,4.166666666666666,2.5,0.04361840212508553,1158
C0085129,216,285,96,2,15.384615384615385,2.083333333333333,0.0014826782249060765,"6347, 2919"
C0085129,216,477,25,1,7.6923076923076925,4.0,0.014975988469300231,3383
C0085129,216,427,27,1,7.6923076923076925,3.7037037037037033,0.01616507854171281,4803
C0085129,216,180,35,1,7.6923076923076925,2.857142857142857,0.020908200989063118,6863
C0085129,216,377,35,1,7.6923076923076925,2.857142857142857,0.020908200989063118,8989
C0085129,216,347,66,1,7.6923076923076925,1.5151515151515151,0.03908913501047054,5742
C0085129,216,301,70,1,7.6923076923076925,1.4285714285714286,0.041412224985404526,3557
C1862939,217,423,99,3,6.122448979591836,3.0303030303030303,0.001485087574530221,"834, 331, 7124"
C1862939,217,16,41,2,4.081632653061225,4.878048780487805,0.003922157993972705,"10736, 7090"
C1862939,217,274,211,3,6.122448979591836,1.4218009478672986,0.012238404242500563,"27040, 6464, 3718"
C1862939,217,196,86,2,4.081632653061225,2.3255813953488373,0.016384334964029804,"968, 682"
C1862939,217,496,87,2,4.081632653061225,2.2988505747126435,0.016745779555091607,"2353, 3727"
C1862939,217,98,91,2,4.081632653061225,2.197802197802198,0.018225415583916733,"5444, 1191"
C1862939,217,481,110,2,4.081632653061225,1.8181818181818181,0.025964919306186225,"1509, 1471"
C1862939,217,384,15,1,2.0408163265306123,6.666666666666667,0.033569183546573546,2670
C1862939,217,111,19,1,2.0408163265306123,5.263157894736842,0.042332911597360565,3797
C0015934,218,249,16,1,10.0,6.25,0.0073989815956096395,2746
C0015934,218,38,35,1,10.0,2.857142857142857,0.016121254748823116,5972
C0015934,218,135,36,1,10.0,2.7777777777777777,0.01657840498822985,4846
C0015934,218,47,39,1,10.0,2.564102564102564,0.017948708919803068,3481
C0015934,218,106,48,1,10.0,2.083333333333333,0.02204931624887491,4998
C0015934,218,218,56,1,10.0,1.7857142857142856,0.025681356679676606,183
C0015934,218,255,58,1,10.0,1.7241379310344827,0.02658746775931236,6647
C0015934,218,119,87,1,10.0,1.1494252873563218,0.03964112893459426,1312
C0079541,219,16,41,1,10.0,2.4390243902439024,0.018861289929057803,6496
C0079541,219,386,42,1,10.0,2.380952380952381,0.019317294163149153,6997
C0079541,219,49,64,1,10.0,1.5625,0.029301252368808546,6469
C0079541,219,45,78,1,10.0,1.282051282051282,0.03560695510107622,7050
C0079541,219,184,82,1,10.0,1.2195121951219512,0.037401800347182136,57045
C0079541,219,423,99,1,10.0,1.0101010101010102,0.044996400670389104,2619
C0079541,219,506,110,1,10.0,0.9090909090909091,0.04988177342891492,4838
C0993582,220,161,39,3,7.5,7.6923076923076925,5.1638993632772926e-05,"2180, 2182, 51703"
C0993582,220,372,176,4,10.0,2.272727272727273,0.00031195226471777314,"1280, 1356, 6288, 4982"
C0993582,220,285,96,2,5.0,2.083333333333333,0.0137144965466047,"3553, 4314"
C0993582,220,326,97,2,5.0,2.0618556701030926,0.013986942772340949,"5243, 5734"
C0993582,220,448,10,1,2.5,10.0,0.01840509487160165,1956
C0993582,220,173,15,1,2.5,6.666666666666667,0.027483366883415024,196
C0993582,220,367,15,1,2.5,6.666666666666667,0.027483366883415024,90865
C0993582,220,249,16,1,2.5,6.25,0.02928917253398894,1401
C0993582,220,453,16,1,2.5,6.25,0.02928917253398894,3605
C0993582,220,471,22,1,2.5,4.545454545454546,0.04005555029475412,3586
C0993582,220,397,25,1,2.5,4.0,0.04539498987017434,81567
C0993582,220,5,437,3,7.5,0.6864988558352403,0.0470489586685942,"969, 9370, 9173"
C0014549,221,427,27,3,30.0,11.11111111111111,2.0903265334223702e-07,"627, 4803, 4908"
C0014549,221,444,13,1,10.0,7.6923076923076925,0.006015437186723074,590
C0014549,221,252,52,1,10.0,1.9230769230769231,0.023866856817574465,5443
C0014549,221,149,56,1,10.0,1.7857142857142856,0.025681356679676606,1839
C0014549,221,312,56,1,10.0,1.7857142857142856,0.025681356679676606,5020
C0014549,221,458,64,1,10.0,1.5625,0.029301252368808546,10763
C0014549,221,347,66,1,10.0,1.5151515151515151,0.030204332908984208,1565
C0014549,221,206,82,1,10.0,1.2195121951219512,0.037401800347182136,2247
C0242656,222,255,58,5,3.937007874015748,8.620689655172415,2.3397996034204824e-05,"847, 10935, 6648, 6649, 27034"
C0242656,222,343,59,4,3.149606299212598,6.779661016949152,0.00040697346203001563,"6209, 6138, 6227, 6231"
C0242656,222,235,76,3,2.3622047244094486,3.9473684210526314,0.010269061950619721,"23028, 9839, 6935"
C0242656,222,136,29,2,1.574803149606299,6.896551724137931,0.012600598656301767,"2321, 7423"
C0242656,222,206,82,3,2.3622047244094486,3.6585365853658534,0.012611615212393297,"11200, 1950, 2247"
C0242656,222,107,34,2,1.574803149606299,5.88235294117647,0.01708158908040709,"8189, 29894"
C0242656,222,170,100,3,2.3622047244094486,3.0,0.021341724930633344,"64963, 28973, 28998"
C0242656,222,65,4,1,0.7874015748031495,25.0,0.02335961042447398,4074
C0242656,222,354,4,1,0.7874015748031495,25.0,0.02335961042447398,6141
C0242656,222,499,105,3,2.3622047244094486,2.857142857142857,0.024226362408755774,"4719, 4723, 4695"
C0242656,222,214,5,1,0.7874015748031495,20.0,0.02911441622766108,6194
C0242656,222,55,50,2,1.574803149606299,4.0,0.03509734295899376,"6721, 84364"
C0242656,222,378,55,2,1.574803149606299,3.6363636363636362,0.04174914982904979,"384, 5036"
C0017668,223,450,32,2,9.090909090909092,6.25,0.00048407246780720004,"7827, 4868"
C0017668,223,372,176,3,13.636363636363635,1.7045454545454544,0.0007349535402322331,"1282, 5054, 2335"
C0017668,223,184,82,2,9.090909090909092,2.4390243902439024,0.003142627472561125,"7040, 1490"
C0017668,223,425,137,2,9.090909090909092,1.4598540145985401,0.008522022272568465,"4627, 64423"
C0017668,223,302,12,1,4.545454545454546,8.333333333333332,0.012181185609525965,4628
C0017668,223,465,30,1,4.545454545454546,3.3333333333333335,0.030187739578524005,26762
C0017668,223,179,31,1,4.545454545454546,3.225806451612903,0.031178860948397766,81
C0017668,223,310,31,1,4.545454545454546,3.225806451612903,0.031178860948397766,59
C0017668,223,438,32,1,4.545454545454546,3.125,0.0321690154155136,10269
C0017668,223,264,35,1,4.545454545454546,2.857142857142857,0.035133686380346626,5111
C0017668,223,321,35,1,4.545454545454546,2.857142857142857,0.035133686380346626,23607
C0334588,224,229,14,2,16.666666666666664,14.285714285714285,2.575412243870076e-05,"6867, 10460"
C0334588,224,206,82,2,16.666666666666664,2.4390243902439024,0.0009203238106327769,"2260, 2261"
C0334588,224,448,10,1,8.333333333333332,10.0,0.0055538701735755105,1956
C0334588,224,517,16,1,8.333333333333332,6.25,0.008872605582586117,4255
C0334588,224,288,25,1,8.333333333333332,4.0,0.013831676188246904,3417
C0334588,224,177,26,1,8.333333333333332,3.8461538461538463,0.014381277706254572,7157
C0334588,224,415,40,1,8.333333333333332,2.5,0.02204627562847252,8216
C0334588,224,226,58,1,8.333333333333332,1.7241379310344827,0.031820980273584674,4792
C0334588,224,7,77,1,8.333333333333332,1.2987012987012987,0.04204149956390745,346288
C1959629,225,486,11,1,5.263157894736842,9.090909090909092,0.009654843006739687,5813
C1959629,225,346,15,1,5.263157894736842,6.666666666666667,0.013143748538032372,51133
C1959629,225,18,16,1,5.263157894736842,6.25,0.014014153736146635,271
C1959629,225,44,22,1,5.263157894736842,4.545454545454546,0.01922133118971474,10564
C1959629,225,441,22,1,5.263157894736842,4.545454545454546,0.01922133118971474,1859
C1959629,225,374,28,1,5.263157894736842,3.571428571428571,0.02440244868200171,6323
C1959629,225,64,34,1,5.263157894736842,2.941176470588235,0.02955762942199554,93627
C1959629,225,321,35,1,5.263157894736842,2.857142857142857,0.030414313204041796,25930
C1959629,225,478,38,1,5.263157894736842,2.631578947368421,0.0329800678707874,9871
C1959629,225,47,39,1,5.263157894736842,2.564102564102564,0.033833889085084334,8785
C1959629,225,293,39,1,5.263157894736842,2.564102564102564,0.033833889085084334,116461
C1959629,225,12,44,1,5.263157894736842,2.272727272727273,0.03809229299958007,6326
C1959629,225,55,50,1,5.263157894736842,2.0,0.043178907258493625,93649
C1959629,225,500,58,1,5.263157894736842,1.7241379310344827,0.04992142989256558,113246
C0005910,226,252,52,2,14.285714285714285,3.8461538461538463,0.0005098001530028761,"4160, 5443"
C0005910,226,216,18,1,7.142857142857142,5.555555555555555,0.011630191125967412,3270
C0005910,226,80,24,1,7.142857142857142,4.166666666666666,0.015478924977229937,7021
C0005910,226,110,26,1,7.142857142857142,3.8461538461538463,0.016758740534794793,687
C0005910,226,427,27,1,7.142857142857142,3.7037037037037033,0.017398068835036893,627
C0005910,226,38,35,1,7.142857142857142,2.857142857142857,0.022498816147129532,5122
C0005910,226,69,35,1,7.142857142857142,2.857142857142857,0.022498816147129532,5607
C0005910,226,426,36,1,7.142857142857142,2.7777777777777777,0.023134677896685333,54901
C0005910,226,154,55,1,7.142857142857142,1.8181818181818181,0.03514331589375682,2696
C0005910,226,21,59,1,7.142857142857142,1.694915254237288,0.03765391905051218,89866
C0005910,226,267,68,1,7.142857142857142,1.4705882352941175,0.043280613518040904,132789
C0005910,226,268,77,1,7.142857142857142,1.2987012987012987,0.04887674665853911,79068
C0020179,227,119,87,2,16.666666666666664,2.2988505747126435,0.001035113584471447,"4128, 4129"
C0020179,227,185,22,1,8.333333333333332,4.545454545454546,0.012181185609525965,2166
C0020179,227,283,29,1,8.333333333333332,3.4482758620689653,0.016028398062173627,9131
C0020179,227,131,30,1,8.333333333333332,3.3333333333333335,0.01657687721598512,3064
C0020179,227,183,30,1,8.333333333333332,3.3333333333333335,0.01657687721598512,51447
C0020179,227,395,37,1,8.333333333333332,2.7027027027027026,0.020408391152119586,6515
C0020179,227,386,42,1,8.333333333333332,2.380952380952381,0.0231368035677213,2668
C0020179,227,122,56,1,8.333333333333332,1.7857142857142856,0.030739341978487,1827
C0017636,228,165,50,5,8.19672131147541,10.0,2.948735604621745e-07,"3714, 4851, 4853, 4854, 182"
C0017636,228,481,110,4,6.557377049180328,3.6363636363636362,0.00026773680856130664,"1513, 1475, 1476, 1508"
C0017636,228,285,96,3,4.918032786885246,3.125,0.0025549415876931687,"3576, 4313, 3553"
C0017636,228,268,77,2,3.278688524590164,2.5974025974025974,0.02011595388321547,"7052, 10397"
C0017636,228,206,82,2,3.278688524590164,2.4390243902439024,0.02262714084484692,"7490, 1950"
C0017636,228,496,87,2,3.278688524590164,2.2988505747126435,0.025260796348005033,"2355, 3558"
C0017636,228,448,10,1,1.639344262295082,10.0,0.027945212403068312,1956
C0017636,228,225,11,1,1.639344262295082,9.090909090909092,0.03069711949191655,5071
C0017636,228,444,13,1,1.639344262295082,7.6923076923076925,0.03617796462117392,590
C0017636,228,517,16,1,1.639344262295082,6.25,0.04434212363320425,4255
C0017636,228,61,17,1,1.639344262295082,5.88235294117647,0.047048364311834505,1116
C0235833,229,206,82,2,16.666666666666664,2.4390243902439024,0.0009203238106327769,"7490, 53834"
C0235833,229,418,94,2,16.666666666666664,2.127659574468085,0.0012068159893536975,"2626, 4654"
C0235833,229,274,211,2,16.666666666666664,0.9478672985781991,0.005899623511892569,"3480, 3643"
C0235833,229,254,21,1,8.333333333333332,4.761904761904762,0.011630459639785873,2627
C0235833,229,334,48,1,8.333333333333332,2.083333333333333,0.02640170257321126,23414
C0235833,229,239,75,1,8.333333333333332,1.3333333333333335,0.040970332129551125,3482
C0235833,229,184,82,1,8.333333333333332,1.2195121951219512,0.04471462180467844,1490
C0036421,230,10,15,1,4.0,6.666666666666667,0.017260790103291155,6660
C0036421,230,295,18,1,4.0,5.555555555555555,0.020678455627818126,10318
C0036421,230,274,211,2,8.0,0.9478672985781991,0.024674654062128303,"2887, 919"
C0036421,230,339,23,1,4.0,4.3478260869565215,0.026349223416443694,286016
C0036421,230,342,29,1,4.0,3.4482758620689653,0.03311253935933928,219285
C0036421,230,385,32,1,4.0,3.125,0.036477261635159186,23294
C0036421,230,208,33,1,4.0,3.0303030303030303,0.037596335663457506,6775
C0036421,230,492,39,1,4.0,2.564102564102564,0.04428462252949388,3119
C0036421,230,125,40,1,4.0,2.5,0.04539498987017434,54899
C0036421,230,386,42,1,4.0,2.380952380952381,0.04761201037382968,3115
C2609414,231,135,36,3,4.477611940298507,8.333333333333332,0.00019038452848705684,"2, 4846, 1559"
C2609414,231,347,66,3,4.477611940298507,4.545454545454546,0.0011416419701416013,"54600, 1565, 1557"
C2609414,231,471,22,2,2.9850746268656714,9.090909090909092,0.0021116944949578845,"3586, 23411"
C2609414,231,47,39,2,2.9850746268656714,5.128205128205128,0.006547432989156454,"3484, 3479"
C2609414,231,500,58,2,2.9850746268656714,3.4482758620689653,0.014063347810193187,"6696, 3048"
C2609414,231,184,82,2,2.9850746268656714,2.4390243902439024,0.02694162330608454,"7040, 11167"
C2609414,231,496,87,2,2.9850746268656714,2.2988505747126435,0.030050563916470856,"3569, 4780"
C2609414,231,448,10,1,1.4925373134328357,10.0,0.030655589559252235,1956
C2609414,231,137,15,1,1.4925373134328357,6.666666666666667,0.04563433061795939,54658
C1876165,232,17,11,1,9.090909090909092,9.090909090909092,0.005600022590609272,4288
C1876165,232,310,31,1,9.090909090909092,3.225806451612903,0.015708895642477603,59
C1876165,232,208,33,1,9.090909090909092,3.0303030303030303,0.016714627048070637,6774
C1876165,232,226,58,1,9.090909090909092,1.7241379310344827,0.029207689918775873,150684
C1876165,232,105,74,1,9.090909090909092,1.3513513513513513,0.03712733887845199,836
C1876165,232,184,82,1,9.090909090909092,1.2195121951219512,0.041065096971841304,7040
C1876165,232,196,86,1,9.090909090909092,1.1627906976744187,0.0430284809650844,3855
C0000786,233,372,176,11,10.185185185185185,6.25,1.3643669394629041e-09,"7045, 1288, 1289, 1291, 2252, 1298, 3026, 1305, 1277, 1278, 2335"
C0000786,233,285,96,7,6.481481481481481,7.291666666666667,5.378611801371017e-07,"3553, 51554, 7077, 7078, 7143, 4327, 3627"
C0000786,233,47,39,5,4.62962962962963,12.82051282051282,1.445386906953355e-06,"3489, 3479, 3481, 3484, 3486"
C0000786,233,184,82,5,4.62962962962963,6.097560975609756,5.7739225528583775e-05,"7040, 4256, 10468, 3623, 3694"
C0000786,233,365,16,3,2.7777777777777777,18.75,6.530663715252474e-05,"4680, 1048, 634"
C0000786,233,347,66,4,3.7037037037037033,6.0606060606060606,0.0003381388104724052,"3976, 3292, 5740, 1543"
C0000786,233,149,56,3,2.7777777777777777,5.357142857142857,0.0027952123902111785,"3691, 3732, 1293"
C0000786,233,49,64,3,2.7777777777777777,4.6875,0.004081497103258996,"4320, 56547, 1719"
C0000786,233,45,78,3,2.7777777777777777,3.8461538461538463,0.007085580178939997,"5047, 3910, 5655"
C0000786,233,206,82,3,2.7777777777777777,3.6585365853658534,0.008130407152213647,"53832, 11009, 8741"
C0000786,233,125,40,2,1.8518518518518516,5.0,0.017136973740913566,"7037, 6750"
C0000786,233,481,110,3,2.7777777777777777,2.727272727272727,0.017920820950282242,"1893, 6317, 6318"
C0000786,233,468,41,2,1.8518518518518516,4.878048780487805,0.01795758791929592,"10321, 924"
C0000786,233,274,211,4,3.7037037037037033,1.8957345971563981,0.021711403043942184,"4585, 5618, 3589, 3717"
C0000786,233,349,8,1,0.9259259259259258,12.5,0.039390275129719515,23767
C0017638,234,124,57,3,4.054054054054054,5.263157894736842,0.0009945956839210067,"3105, 3106, 3107"
C0017638,234,265,19,2,2.7027027027027026,10.526315789473683,0.0019141114990705145,"100048912, 23512"
C0017638,234,206,82,3,4.054054054054054,3.6585365853658534,0.002831309210446847,"2260, 8493, 2247"
C0017638,234,208,33,2,2.7027027027027026,6.0606060606060606,0.005729660041290161,"3592, 3593"
C0017638,234,323,50,2,2.7027027027027026,4.0,0.012803560932553013,"4192, 4763"
C0017638,234,255,58,2,2.7027027027027026,3.4482758620689653,0.01697544680080278,"6647, 847"
C0017638,234,458,64,2,2.7027027027027026,3.125,0.02043216818189478,"3925, 1030"
C0017638,234,11,65,2,2.7027027027027026,3.076923076923077,0.021034590012230438,"546, 4436"
C0017638,234,32,65,2,2.7027027027027026,3.076923076923077,0.021034590012230438,"673, 5894"
C0017638,234,155,7,1,1.3513513513513513,14.285714285714285,0.02378654437328308,4914
C0017638,234,448,10,1,1.3513513513513513,10.0,0.03380909844055349,1956
C0017638,234,423,99,2,2.7027027027027026,2.0202020202020203,0.045544992848515965,"7124, 8743"
C0017638,234,328,14,1,1.3513513513513513,7.142857142857142,0.047014755171232235,23362
C0017639,235,149,56,4,25.0,7.142857142857142,7.260943023429365e-08,"3688, 3672, 3691, 3678"
C0017639,235,13,92,2,12.5,2.1739130434782608,0.002079412492720939,"5594, 5595"
C0017639,235,372,176,2,12.5,1.1363636363636365,0.007377417138838728,"3673, 3690"
C0017639,235,384,15,1,6.25,6.666666666666667,0.011079196376358846,2670
C0017639,235,249,16,1,6.25,6.25,0.011813702590172712,3676
C0017639,235,427,27,1,6.25,3.7037037037037033,0.019859586903042983,627
C0017639,235,374,28,1,6.25,3.571428571428571,0.020587977363310105,2918
C0017639,235,269,45,1,6.25,2.2222222222222223,0.032893237170985135,3777
C0013080,236,275,19,3,3.0303030303030303,15.789473684210526,8.630467419360995e-05,"9992, 3753, 2078"
C0013080,236,496,87,3,3.0303030303030303,3.4482758620689653,0.0075356742987163616,"7432, 2114, 571"
C0013080,236,502,31,2,2.0202020202020203,6.451612903225806,0.008902230460159664,"150084, 26285"
C0013080,236,358,4,1,1.0101010101010102,25.0,0.018245005876056843,29104
C0013080,236,405,52,2,2.0202020202020203,3.8461538461538463,0.02385384027777494,"2897, 4599"
C0013080,236,255,58,2,2.0202020202020203,3.4482758620689653,0.029214732285447926,"7001, 6647"
C0013080,236,353,61,2,2.0202020202020203,3.278688524590164,0.03205852772153388,"539, 9551"
C0013080,236,77,67,2,2.0202020202020203,2.9850746268656714,0.03805578687277592,"6450, 6453"
C0497327,237,449,20,1,9.090909090909092,5.0,0.01016063726465248,2896
C0497327,237,329,21,1,9.090909090909092,4.761904761904762,0.010666196673580784,114876
C0497327,237,303,29,1,9.090909090909092,3.4482758620689653,0.014702229151256817,4137
C0497327,237,182,44,1,9.090909090909092,2.272727272727273,0.022229470031073187,1786
C0497327,237,150,54,1,9.090909090909092,1.8518518518518516,0.027218547338760345,23315
C0497327,237,124,57,1,9.090909090909092,1.7543859649122806,0.028710751233360365,54209
C0497327,237,239,75,1,9.090909090909092,1.3333333333333335,0.03762036123437702,6531
C0030305,238,150,54,2,9.523809523809524,3.7037037037037033,0.0012545003591913756,"5644, 213"
C0030305,238,383,32,1,4.761904761904762,3.125,0.03072879073607239,6690
C0030305,238,450,32,1,4.761904761904762,3.125,0.03072879073607239,9075
C0030305,238,38,35,1,4.761904761904762,2.857142857142857,0.03356304682978209,26471
C0030305,238,161,39,1,4.761904761904762,2.564102564102564,0.037329778815345084,4023
C0030305,238,492,39,1,4.761904761904762,2.564102564102564,0.037329778815345084,3630
C0030305,238,125,40,1,4.761904761904762,2.5,0.03826927480218758,6750
C0002514,239,15,18,1,7.6923076923076925,5.555555555555555,0.01080371818349167,5723
C0002514,239,159,20,1,7.6923076923076925,5.0,0.011997456916317858,191
C0002514,239,167,20,1,7.6923076923076925,5.0,0.011997456916317858,4143
C0002514,239,510,23,1,7.6923076923076925,4.3478260869565215,0.01378557190440063,9056
C0002514,239,233,25,1,7.6923076923076925,4.0,0.014975988469300231,728294
C0002514,239,220,31,1,7.6923076923076925,3.225806451612903,0.018539284628106806,79048
C0002514,239,378,55,1,7.6923076923076925,1.8181818181818181,0.03267381439876663,383
C0002514,239,500,58,1,7.6923076923076925,1.7241379310344827,0.034427356840961425,2729
C0002514,239,253,61,1,7.6923076923076925,1.639344262295082,0.03617796462117392,5625
C0002514,239,11,65,1,7.6923076923076925,1.5384615384615385,0.038507551079893496,7508
C0040136,240,285,96,4,12.121212121212121,4.166666666666666,1.3686442579072502e-05,"3576, 3553, 3627, 6347"
C0040136,240,240,120,4,12.121212121212121,3.3333333333333335,3.298098750307799e-05,"2056, 6256, 5468, 8031"
C0040136,240,32,65,3,9.090909090909092,4.615384615384616,0.00013381641386143826,"673, 3265, 5909"
C0040136,240,347,66,2,6.0606060606060606,3.0303030303030303,0.0045850582657773805,"80142, 5743"
C0040136,240,227,20,1,3.0303030303030303,5.0,0.030188430480036728,7175
C0040136,240,80,24,1,3.0303030303030303,4.166666666666666,0.03611915794610371,3091
C0040136,240,338,24,1,3.0303030303030303,4.166666666666666,0.03611915794610371,3440
C0040136,240,110,26,1,3.0303030303030303,3.8461538461538463,0.03907131805817726,7799
C0040136,240,177,26,1,3.0303030303030303,3.8461538461538463,0.03907131805817726,7157
C0040136,240,274,211,2,6.0606060606060606,0.9478672985781991,0.0412769512185971,"2057, 1437"
C0040136,240,389,31,1,3.0303030303030303,3.225806451612903,0.04641341066594369,7015
C0040136,240,460,31,1,3.0303030303030303,3.225806451612903,0.04641341066594369,7170
C0027626,241,285,96,7,5.303030303030303,7.291666666666667,2.0845194525492347e-06,"4323, 7076, 7078, 6387, 4312, 4313, 4314"
C0027626,241,385,32,3,2.272727272727273,9.375,0.0009775007139076527,"5747, 9564, 7094"
C0027626,241,235,76,4,3.0303030303030303,5.263157894736842,0.0012255386940472931,"6615, 23028, 9839, 6935"
C0027626,241,481,110,4,3.0303030303030303,3.6363636363636362,0.004701867206485808,"1520, 1476, 1509, 1508"
C0027626,241,149,56,3,2.272727272727273,5.357142857142857,0.0049096706750761405,"3688, 3732, 3678"
C0027626,241,255,58,3,2.272727272727273,5.172413793103448,0.00541686857712721,"6648, 7001, 847"
C0027626,241,129,59,3,2.272727272727273,5.084745762711865,0.005681825378974795,"57016, 2023, 7295"
C0027626,241,87,22,2,1.5151515151515151,9.090909090909092,0.007933489622800183,"5080, 2019"
C0027626,241,288,25,2,1.5151515151515151,8.0,0.010180682092508744,"48, 3658"
C0027626,241,108,84,3,2.272727272727273,3.571428571428571,0.014913384923851407,"10481, 259, 27086"
C0027626,241,13,92,3,2.272727272727273,3.260869565217391,0.01897643959097964,"5594, 5595, 4638"
C0027626,241,372,176,4,3.0303030303030303,2.272727272727273,0.023155315183411414,"5328, 3082, 4318, 2335"
C0027626,241,47,39,2,1.5151515151515151,5.128205128205128,0.023786106916564242,"7018, 3479"
C0027626,241,319,47,2,1.5151515151515151,4.25531914893617,0.03362060974899391,"301, 302"
C0027626,241,500,58,2,1.5151515151515151,3.4482758620689653,0.04923460921498281,"6462, 4502"
C0027627,242,274,211,8,4.597701149425287,3.7914691943127963,0.0003259947540606744,"5287, 2057, 4233, 7852, 238, 2064, 9846, 1436"
C0027627,242,268,77,4,2.2988505747126435,5.194805194805195,0.003509934203829257,"25816, 55577, 6197, 10397"
C0027627,242,319,47,3,1.7241379310344827,6.382978723404255,0.006459605628580794,"301, 1933, 1974"
C0027627,242,13,92,4,2.2988505747126435,4.3478260869565215,0.0066028261353838005,"5601, 5594, 5595, 4638"
C0027627,242,285,96,4,2.2988505747126435,4.166666666666666,0.00765806206613316,"4312, 4313, 6387, 4319"
C0027627,242,255,58,3,1.7241379310344827,5.172413793103448,0.011525133603716545,"6648, 2877, 847"
C0027627,242,372,176,5,2.8735632183908044,2.840909090909091,0.01423292682536823,"4969, 7980, 5328, 5008, 4318"
C0027627,242,510,23,2,1.1494252873563218,8.695652173913043,0.01466306159158767,"960, 23657"
C0027627,242,49,64,3,1.7241379310344827,4.6875,0.015026443239134199,"25800, 5265, 1719"
C0027627,242,404,2,1,0.5747126436781609,50.0,0.01607846844444122,6426
C0027627,242,240,120,4,2.2988505747126435,3.3333333333333335,0.016331577105168606,"2056, 5629, 3381, 8648"
C0027627,242,136,29,2,1.1494252873563218,6.896551724137931,0.022800363577324647,"2321, 7422"
C0027627,242,345,31,2,1.1494252873563218,6.451612903225806,0.02584151887557594,"1072, 5478"
C0027627,242,496,87,3,1.7241379310344827,3.4482758620689653,0.033451809894299966,"7432, 3569, 3558"
C0027627,242,423,99,3,1.7241379310344827,3.0303030303030303,0.04619545985589657,"7124, 8772, 8743"
C0001925,243,423,99,3,12.5,3.0303030303030303,0.00017728821266620583,"834, 7124, 29108"
C0001925,243,450,32,2,8.333333333333332,6.25,0.0005773012968792558,"7827, 4868"
C0001925,243,218,56,2,8.333333333333332,3.571428571428571,0.0017634451736663833,"1636, 183"
C0001925,243,38,35,1,4.166666666666666,2.857142857142857,0.038267529985859035,5972
C0001925,243,492,39,1,4.166666666666666,2.564102564102564,0.042550515349752994,3630
C0032914,244,218,56,2,9.090909090909092,3.571428571428571,0.001480851534187531,"1636, 183"
C0032914,244,85,9,1,4.545454545454546,11.11111111111111,0.009149236745787933,219736
C0032914,244,372,176,2,9.090909090909092,1.1363636363636365,0.01375386740340897,"1356, 5054"
C0032914,244,68,26,1,4.545454545454546,3.8461538461538463,0.02621356707566018,23526
C0032914,244,368,26,1,4.545454545454546,3.8461538461538463,0.02621356707566018,23077
C0032914,244,136,29,1,4.545454545454546,3.4482758620689653,0.029195650406698803,2321
C0032914,244,107,34,1,4.545454545454546,2.941176470588235,0.0341464272342775,3162
C0032914,244,135,36,1,4.545454545454546,2.7777777777777777,0.03611998221250125,4846
C0032914,244,468,41,1,4.545454545454546,2.4390243902439024,0.041037042970011615,23564
C0032914,244,314,46,1,4.545454545454546,2.1739130434782608,0.045930154828968714,150142
C0027746,245,427,27,5,6.756756756756757,18.51851851851852,3.162446145828278e-08,"4803, 7498, 4908, 4909, 627"
C0027746,245,430,39,3,4.054054054054054,7.6923076923076925,0.0003247096593889892,"578, 596, 581"
C0027746,245,202,139,4,5.405405405405405,2.877697841726619,0.001342994384836747,"51738, 3763, 1268, 134"
C0027746,245,297,30,2,2.7027027027027026,6.666666666666667,0.004751907445350452,"6506, 1270"
C0027746,245,47,39,2,2.7027027027027026,5.128205128205128,0.007935094420800051,"3481, 3479"
C0027746,245,141,147,3,4.054054054054054,2.0408163265306123,0.01415322083789658,"3761, 2906, 7039"
C0027746,245,255,58,2,2.7027027027027026,3.4482758620689653,0.01697544680080278,"6648, 6647"
C0027746,245,35,59,2,2.7027027027027026,3.389830508474576,0.017532493348661356,"1499, 999"
C0027746,245,372,176,3,4.054054054054054,1.7045454545454544,0.02272170142008083,"2147, 1356, 5327"
C0027746,245,225,11,1,1.3513513513513513,9.090909090909092,0.03712733887845199,5071
C0027746,245,13,92,2,2.7027027027027026,2.1739130434782608,0.039904972778081825,"5594, 5595"
C0027746,245,326,97,2,2.7027027027027026,2.0618556701030926,0.04390480554424488,"4842, 334"
C0027746,245,340,14,1,1.3513513513513513,7.142857142857142,0.047014755171232235,4359
C0040038,246,372,176,7,58.333333333333336,3.977272727272727,1.64134455688675e-12,"2147, 2153, 2155, 5327, 5328, 5624, 5627"
C0040038,246,178,19,2,16.666666666666664,10.526315789473683,4.832031985620953e-05,"10461, 2621"
C0040038,246,219,49,1,8.333333333333332,2.0408163265306123,0.026944878897964673,4018
C0032460,247,202,139,6,3.8461538461538463,4.316546762589928,0.000530875351430623,"4544, 3972, 3973, 2778, 93659, 5724"
C0032460,247,206,82,4,2.564102564102564,4.878048780487805,0.0029792501465354874,"91608, 3161, 54206, 8817"
C0032460,247,296,41,3,1.9230769230769231,7.317073170731707,0.003239416434437993,"8644, 1645, 1646"
C0032460,247,108,84,4,2.564102564102564,4.761904761904762,0.003250232998151857,"6665, 50943, 3070, 8463"
C0032460,247,347,66,3,1.9230769230769231,4.545454545454546,0.01219559503884511,"3976, 6715, 1588"
C0032460,247,196,86,3,1.9230769230769231,3.488372093023256,0.024577275276892126,"30000, 5733, 6102"
C0032460,247,430,39,2,1.282051282051282,5.128205128205128,0.03237348868811806,"596, 581"
C0032460,247,100,40,2,1.282051282051282,5.0,0.03391850075901622,"891, 1164"
C0032460,247,97,43,2,1.282051282051282,4.651162790697675,0.03872125063128169,"170394, 4603"
C0032460,247,509,45,2,1.282051282051282,4.444444444444445,0.042058069028732555,"23112, 116840"
C0032460,247,106,48,2,1.282051282051282,4.166666666666666,0.047256462443903795,"4796, 990"
C0032460,247,294,48,2,1.282051282051282,4.166666666666666,0.047256462443903795,"84376, 147906"
C0007787,248,430,39,2,20.0,5.128205128205128,0.00014220915127470147,"572, 54205"
C0007787,248,255,58,2,20.0,3.4482758620689653,0.0003157474847847362,"6648, 6647"
C0007787,248,423,99,2,20.0,2.0202020202020203,0.0009172564988046777,"842, 27429"
C0007787,248,158,34,1,10.0,2.941176470588235,0.01566391325983915,57447
C0007787,248,478,38,1,10.0,2.631578947368421,0.01749213200266133,3611
C0007786,249,285,96,7,11.666666666666666,7.291666666666667,8.861562490391132e-09,"3553, 3627, 6348, 6347, 6351, 1233, 6356"
C0007786,249,255,58,4,6.666666666666667,6.896551724137931,2.0558042647260498e-05,"6648, 6647, 2876, 847"
C0007786,249,496,87,4,6.666666666666667,4.597701149425287,0.00010156101258530747,"3569, 1051, 3725, 1958"
C0007786,249,372,176,5,8.333333333333332,2.840909090909091,0.0001301539806081313,"2147, 2153, 5327, 5328, 4318"
C0007786,249,423,99,4,6.666666666666667,4.040404040404041,0.00016754053642146227,"56616, 842, 7132, 7124"
C0007786,249,226,58,3,5.0,5.172413793103448,0.0005672411725216493,"4792, 5970, 4790"
C0007786,249,13,92,3,5.0,3.260869565217391,0.002158932123461237,"5594, 5595, 5604"
C0007786,249,208,33,2,3.3333333333333335,6.0606060606060606,0.0038051986499303917,"3594, 6774"
C0007786,249,430,39,2,3.3333333333333335,5.128205128205128,0.005283395462804683,"27113, 54205"
C0007786,249,301,70,2,3.3333333333333335,2.857142857142857,0.016296038961523214,"3552, 3557"
C0007786,249,453,16,1,1.6666666666666667,6.25,0.043630307329407016,3605
C0007785,250,372,176,4,40.0,2.272727272727273,8.678673377257241e-07,"5328, 2153, 2147, 5327"
C0007785,250,38,35,1,10.0,2.857142857142857,0.016121254748823116,4852
C0007785,250,135,36,1,10.0,2.7777777777777777,0.01657840498822985,4846
C0007785,250,500,58,1,10.0,1.7241379310344827,0.02658746775931236,3039
C0007785,250,119,87,1,10.0,1.1494252873563218,0.03964112893459426,125
C0007785,250,496,87,1,10.0,1.1494252873563218,0.03964112893459426,241
C0007785,250,326,97,1,10.0,1.0309278350515463,0.04410572609373283,5583
C0546837,251,119,87,3,15.789473684210526,3.4482758620689653,5.8713790548374916e-05,"217, 125, 127"
C0546837,251,233,25,1,5.263157894736842,4.0,0.02181513971757643,7494
C0546837,251,431,29,1,5.263157894736842,3.4482758620689653,0.025263443315985724,54437
C0546837,251,389,31,1,5.263157894736842,3.225806451612903,0.026983273466922527,23293
C0546837,251,438,32,1,5.263157894736842,3.125,0.02784211012046374,4582
C0546837,251,289,37,1,5.263157894736842,2.7027027027027026,0.03212553186267359,1452
C0546837,251,376,49,1,5.263157894736842,2.0408163265306123,0.042332911597360565,51196
C0546837,251,300,57,1,5.263157894736842,1.7543859649122806,0.04908108294260787,283450
C0546837,251,255,58,1,5.263157894736842,1.7241379310344827,0.04992142989256558,80724
C0029408,252,129,59,5,5.154639175257731,8.47457627118644,6.866403600862401e-06,"7430, 2023, 5358, 10449, 4478"
C0029408,252,288,25,3,3.0927835051546393,12.0,0.00018903734250508923,"48, 3418, 3419"
C0029408,252,184,82,4,4.123711340206185,4.878048780487805,0.0005150180060271976,"8200, 652, 4054, 654"
C0029408,252,255,58,3,3.0927835051546393,5.172413793103448,0.0022779137560511743,"4976, 3030, 6648"
C0029408,252,268,77,3,3.0927835051546393,3.896103896103896,0.005078129342375452,"2744, 7052, 9805"
C0029408,252,372,176,4,4.123711340206185,2.272727272727273,0.008256644972861148,"1280, 1292, 1278, 7980"
C0029408,252,285,96,3,3.0927835051546393,3.125,0.009329397576368676,"2920, 3553, 6372"
C0029408,252,478,38,2,2.0618556701030926,5.263157894736842,0.012679664481121417,"5352, 10484"
C0029408,252,507,38,2,2.0618556701030926,5.263157894736842,0.012679664481121417,"26354, 23263"
C0029408,252,296,41,2,2.0618556701030926,4.878048780487805,0.014661573655291022,"1645, 1646"
C0029408,252,344,5,1,1.0309278350515463,20.0,0.022298978840427777,1654
C0029408,252,378,55,2,2.0618556701030926,3.6363636363636362,0.025496414020947086,"26275, 25932"
C0029408,252,278,67,2,2.0618556701030926,2.9850746268656714,0.03667017438396301,"5160, 6389"
C0029408,252,169,73,2,2.0618556701030926,2.73972602739726,0.042840999241795345,"1808, 10085"
C0029408,252,446,10,1,1.0309278350515463,10.0,0.04410572609373283,10989
C0029401,253,83,102,2,20.0,1.9607843137254901,0.0009732592636176944,"10133, 8878"
C0029401,253,480,22,1,10.0,4.545454545454546,0.010160872015492435,79890
C0029401,253,362,30,1,10.0,3.3333333333333335,0.01383263338545757,5371
C0029401,253,49,64,1,10.0,1.5625,0.029301252368808546,81501
C0029401,253,201,89,1,10.0,1.1235955056179776,0.040535546797174735,8792
C0029401,253,280,98,1,10.0,1.0204081632653061,0.04455115678986807,23165
C0853897,254,380,22,1,10.0,4.545454545454546,0.010160872015492435,488
C0853897,254,47,39,1,10.0,2.564102564102564,0.017948708919803068,3479
C0853897,254,492,39,1,10.0,2.564102564102564,0.017948708919803068,3630
C0853897,254,218,56,1,10.0,1.7857142857142856,0.025681356679676606,186
C0853897,254,500,58,1,10.0,1.7241379310344827,0.02658746775931236,6696
C0853897,254,54,61,1,10.0,1.639344262295082,0.027945212403068312,291
C0853897,254,98,91,1,10.0,1.098901098901099,0.041429214885823074,335
C0853897,254,143,96,1,10.0,1.0416666666666665,0.043660108512311765,6262
C0853897,254,423,99,1,10.0,1.0101010101010102,0.044996400670389104,7124
C0392557,255,356,47,5,41.66666666666667,10.638297872340425,3.097658063875067e-11,"1409, 1415, 2700, 1421, 4284"
C0392557,255,233,25,1,8.333333333333332,4.0,0.013831676188246904,7466
C0392557,255,368,26,1,8.333333333333332,3.8461538461538463,0.014381277706254572,4810
C0392557,255,224,27,1,8.333333333333332,3.7037037037037033,0.014930598437643034,146862
C0392557,255,30,89,1,8.333333333333332,1.1235955056179776,0.04844550670110406,1414
C0236736,256,202,139,7,6.481481481481481,5.0359712230215825,6.45546274918412e-06,"1394, 1268, 1813, 3350, 3351, 51738, 3356"
C0236736,256,471,22,3,2.7777777777777777,13.636363636363635,0.00017570458448974276,"1392, 1393, 1395"
C0236736,256,427,27,3,2.7777777777777777,11.11111111111111,0.00032769897142738343,"627, 4915, 4803"
C0236736,256,496,87,4,3.7037037037037033,4.597701149425287,0.0009635770530604363,"2353, 2354, 1958, 3727"
C0236736,256,326,97,4,3.7037037037037033,4.123711340206185,0.0014436408195379357,"2890, 2915, 2566, 2555"
C0236736,256,123,32,2,1.8518518518518516,6.25,0.011183665975207228,"1812, 1814"
C0236736,256,38,35,2,1.8518518518518516,5.714285714285714,0.013285922349676111,"4852, 4887"
C0236736,256,180,35,2,1.8518518518518516,5.714285714285714,0.013285922349676111,"1133, 6870"
C0236736,256,405,52,2,1.8518518518518516,3.8461538461538463,0.02802562255783482,"9456, 9455"
C0236736,256,312,56,2,1.8518518518518516,3.571428571428571,0.03213224768548892,"3060, 3061"
C0236736,256,141,147,3,2.7777777777777777,2.0408163265306123,0.0377551247899498,"57554, 57586, 2902"
C0162671,257,499,105,6,40.0,5.714285714285714,5.581355287929771e-11,"4514, 4719, 4535, 4538, 4540, 4541"
C0162671,257,255,58,2,13.333333333333334,3.4482758620689653,0.0007303975477935647,"6648, 6647"
C0162671,257,301,70,1,6.666666666666667,1.4285714285714286,0.04763146795234633,3552
C0162670,258,353,61,1,10.0,1.639344262295082,0.027945212403068312,7416
C0162670,258,11,65,1,10.0,1.5384615384615385,0.029752887202303725,50484
C0162670,258,301,70,1,10.0,1.4285714285714286,0.03200822587526001,3552
C0162670,258,496,87,1,10.0,1.1494252873563218,0.03964112893459426,3569
C0162670,258,285,96,1,10.0,1.0416666666666665,0.043660108512311765,3553
C0162670,258,423,99,1,10.0,1.0101010101010102,0.044996400670389104,7124
C0236733,259,369,59,3,4.0,5.084745762711865,0.0011432208836738708,"5144, 5146, 5142"
C0236733,259,32,65,3,4.0,4.615384615384616,0.0015132960966619691,"9771, 84196, 79750"
C0236733,259,123,32,2,2.666666666666667,6.25,0.0055370096652369825,"1812, 1814"
C0236733,259,202,139,3,4.0,2.158273381294964,0.012634957094052806,"3351, 1813, 1815"
C0236733,259,150,54,2,2.666666666666667,3.7037037037037033,0.015207475594800119,"313, 5460"
C0236733,259,372,176,3,4.0,1.7045454545454544,0.023529888876841865,"5104, 80036, 5327"
C0236733,259,86,7,1,1.3333333333333335,14.285714285714285,0.024104632824122677,3359
C0236733,259,326,97,2,2.666666666666667,2.0618556701030926,0.044978415834740694,"4842, 2566"
C0236733,259,112,14,1,1.3333333333333335,7.142857142857142,0.04763579475730502,22913
C0236733,259,328,14,1,1.3333333333333335,7.142857142857142,0.04763579475730502,23362
C0009375,260,423,99,5,3.937007874015748,5.05050505050505,0.00030129338147085377,"80196, 8743, 54739, 7124, 8797"
C0009375,260,430,39,3,2.3622047244094486,7.6923076923076925,0.0015630618956274532,"578, 596, 581"
C0009375,260,301,70,3,2.3622047244094486,4.285714285714286,0.008202406065961136,"50507, 6364, 3557"
C0009375,260,119,87,3,2.3622047244094486,3.4482758620689653,0.014778518349951536,"4953, 4129, 219"
C0009375,260,264,35,2,1.574803149606299,5.714285714285714,0.018047820862663808,"5981, 5111"
C0009375,260,372,176,4,3.149606299212598,2.272727272727273,0.02042864139032807,"4224, 1356, 4318, 6678"
C0009375,260,47,39,2,1.574803149606299,5.128205128205128,0.02213621891077053,"3481, 3484"
C0009375,260,88,45,2,1.574803149606299,4.444444444444445,0.02890747546941035,"538, 6566"
C0009375,260,356,47,2,1.574803149606299,4.25531914893617,0.03132590023688036,"1410, 3315"
C0009375,260,19,130,3,2.3622047244094486,2.307692307692308,0.04163656105600222,"2520, 6714, 8842"
C0009375,260,226,58,2,1.574803149606299,3.4482758620689653,0.04594872036970105,"5970, 4790"
C0009375,260,255,58,2,1.574803149606299,3.4482758620689653,0.04594872036970105,"6648, 3158"
C0006111,261,163,15,1,4.545454545454546,6.666666666666667,0.01520427735315438,10319
C0006111,261,167,20,1,4.545454545454546,5.0,0.02022314801178857,4143
C0006111,261,432,21,1,4.545454545454546,4.761904761904762,0.021223987996175475,80169
C0006111,261,324,24,1,4.545454545454546,4.166666666666666,0.02422065599088576,3456
C0006111,261,474,28,1,4.545454545454546,3.571428571428571,0.02820259253293435,8635
C0006111,261,502,31,1,4.545454545454546,3.225806451612903,0.031178860948397766,9152
C0006111,261,401,33,1,4.545454545454546,3.0303030303030303,0.033158203878271265,3458
C0006111,261,292,42,1,4.545454545454546,2.380952380952381,0.04201757769090117,10617
C0006111,261,461,46,1,4.545454545454546,2.1739130434782608,0.045930154828968714,6341
C0006111,261,23,47,1,4.545454545454546,2.127659574468085,0.046905913119785626,7298
C0242339,262,240,120,2,11.76470588235294,1.6666666666666667,0.003956974242587994,"5465, 5468"
C0242339,262,229,14,1,5.88235294117647,7.142857142857142,0.010987378837375168,51129
C0242339,262,173,15,1,5.88235294117647,6.666666666666667,0.011767827918736385,196
C0242339,262,38,35,1,5.88235294117647,2.857142857142857,0.02725561477404633,64240
C0242339,262,161,39,1,5.88235294117647,2.564102564102564,0.030325630870729037,4023
C0242339,262,492,39,1,5.88235294117647,2.564102564102564,0.030325630870729037,3949
C0242339,262,88,45,1,5.88235294117647,2.2222222222222223,0.034913561405111,540
C0242339,262,396,47,1,5.88235294117647,2.127659574468085,0.036438325987209086,8701
C0242339,262,82,58,1,5.88235294117647,1.7241379310344827,0.044784083973143346,79661
C0242339,262,500,58,1,5.88235294117647,1.7241379310344827,0.044784083973143346,3240
C0242339,262,49,64,1,5.88235294117647,1.5625,0.049307592334890925,338
C0005138,263,85,9,1,9.090909090909092,11.11111111111111,0.0045839621155727185,2730
C0005138,263,386,42,1,9.090909090909092,2.380952380952381,0.02122886763718952,3115
C0005138,263,149,56,1,9.090909090909092,1.7857142857142856,0.02821358130611824,3123
C0005138,263,218,56,1,9.090909090909092,1.7857142857142856,0.02821358130611824,1636
C0005138,263,184,82,1,9.090909090909092,1.2195121951219512,0.041065096971841304,7040
C0005138,263,496,87,1,9.090909090909092,1.1494252873563218,0.04351875560107638,3569
C0005138,263,326,97,1,9.090909090909092,1.0309278350515463,0.048408958310231995,3559
C0005138,263,423,99,1,9.090909090909092,1.0101010101010102,0.04938426702457444,7124
C0020437,264,484,318,2,16.666666666666664,0.628930817610063,0.012985303910997599,"796, 799"
C0020437,264,80,24,1,8.333333333333332,4.166666666666666,0.013281793753149045,5741
C0020437,264,465,30,1,8.333333333333332,3.3333333333333335,0.01657687721598512,5744
C0020437,264,496,87,1,8.333333333333332,1.1494252873563218,0.047380904875313185,3569
C0036202,265,149,56,2,16.666666666666664,3.571428571428571,0.00043021391006185913,"3123, 311"
C0036202,265,386,42,1,8.333333333333332,2.380952380952381,0.0231368035677213,3115
C0036202,265,115,47,1,8.333333333333332,2.127659574468085,0.025858248318437704,3606
C0036202,265,255,58,1,8.333333333333332,1.7241379310344827,0.031820980273584674,6648
C0036202,265,184,82,1,8.333333333333332,1.2195121951219512,0.04471462180467844,7040
C0023903,266,496,87,5,4.464285714285714,5.747126436781609,9.109743732556092e-05,"51201, 3558, 4780, 3725, 467"
C0023903,266,208,33,3,2.6785714285714284,9.090909090909092,0.0006648925277096794,"3592, 3593, 6774"
C0023903,266,137,15,2,1.7857142857142856,13.333333333333334,0.0026876863422196644,"7358, 128439"
C0023903,266,255,58,3,2.6785714285714284,5.172413793103448,0.0034225077893398396,"84263, 2878, 283927"
C0023903,266,32,65,3,2.6785714285714284,4.615384615384616,0.004719387803611655,"673, 3265, 5894"
C0023903,266,161,39,2,1.7857142857142856,5.128205128205128,0.017491693518702958,"1375, 6319"
C0023903,266,240,120,3,2.6785714285714284,2.5,0.02472545632102639,"5465, 9971, 5468"
C0027055,267,423,99,6,7.317073170731707,6.0606060606060606,2.1264776764297153e-06,"834, 56616, 841, 842, 331, 100506742"
C0027055,267,105,74,3,3.6585365853658534,4.054054054054054,0.002831309210446847,"1536, 840, 836"
C0920269,268,11,65,2,13.333333333333334,3.076923076923077,0.0009164913198153169,"2956, 4437"
C0920269,268,184,82,2,13.333333333333334,2.4390243902439024,0.0014533430478052263,"7048, 92"
C0920269,268,120,34,1,6.666666666666667,2.941176470588235,0.023406304597069542,29072
C0920269,268,430,39,1,6.666666666666667,2.564102564102564,0.026804961568028852,581
C0920269,268,156,57,1,6.666666666666667,1.7543859649122806,0.038948939712706826,57510
C0920269,268,505,57,1,6.666666666666667,1.7543859649122806,0.038948939712706826,8289
C0920269,268,54,61,1,6.666666666666667,1.639344262295082,0.04162832397497725,6895
C0920269,268,32,65,1,6.666666666666667,1.5384615384615385,0.044300734893644195,673
C0920269,268,48,71,1,6.666666666666667,1.4084507042253522,0.04829631311363987,4524
C0920269,268,24,73,1,6.666666666666667,1.36986301369863,0.04962470408479567,3066
C0339535,269,19,130,3,21.428571428571427,2.307692307692308,7.430352271531759e-05,"57010, 778, 9187"
C0339535,269,312,56,2,14.285714285714285,3.571428571428571,0.000591197636766438,"6010, 6295"
C0339535,269,266,6,1,7.142857142857142,16.666666666666664,0.0038907754835604737,4308
C0339535,269,342,29,1,7.142857142857142,3.4482758620689653,0.01867556755483784,2916
C0339535,269,47,39,1,7.142857142857142,2.564102564102564,0.025039959405694093,60506
C0339535,269,369,59,1,7.142857142857142,1.694915254237288,0.03765391905051218,5158
C0038325,270,124,57,3,10.0,5.263157894736842,6.764237073696031e-05,"3105, 3106, 3107"
C0038325,270,362,30,2,6.666666666666667,6.666666666666667,0.0007949268506418862,"1440, 5371"
C0038325,270,200,111,2,6.666666666666667,1.8018018018018018,0.010404027418539167,"5705, 4843"
C0038325,270,72,116,2,6.666666666666667,1.7241379310344827,0.011318167132265971,"9978, 8451"
C0038325,270,254,21,1,3.3333333333333335,4.761904761904762,0.0288348907078533,2033
C0038325,270,185,22,1,3.3333333333333335,4.545454545454546,0.030187739578524005,10320
C0038325,270,338,24,1,3.3333333333333335,4.166666666666666,0.03288797426721723,3440
C0038325,270,257,28,1,3.3333333333333335,3.571428571428571,0.03826665765764698,9844
C0038325,270,39,31,1,3.3333333333333335,3.225806451612903,0.042281681730185046,10987
C0038325,270,345,31,1,3.3333333333333335,3.225806451612903,0.042281681730185046,4282
C0038325,270,401,33,1,3.3333333333333335,3.0303030303030303,0.044949357560517815,3458
C0023452,271,298,11,1,8.333333333333332,9.090909090909092,0.0061076991779806305,59350
C0023452,271,189,13,1,8.333333333333332,7.6923076923076925,0.007214509069761257,84159
C0023452,271,185,22,1,8.333333333333332,4.545454545454546,0.012181185609525965,10320
C0023452,271,454,28,1,8.333333333333332,3.571428571428571,0.015479638512828735,8626
C0023452,271,383,32,1,8.333333333333332,3.125,0.01767299485796531,5836
C0023452,271,323,50,1,8.333333333333332,2.0,0.027487777421919688,643246
C0023452,271,119,87,1,8.333333333333332,1.1494252873563218,0.047380904875313185,1644
C0023452,271,496,87,1,8.333333333333332,1.1494252873563218,0.047380904875313185,1053
C1272641,272,492,39,2,3.225806451612903,5.128205128205128,0.0056317483053458335,"4036, 55333"
C1272641,272,269,45,2,3.225806451612903,4.444444444444445,0.007441464802086406,"54986, 3010"
C1272641,272,369,59,2,3.225806451612903,3.389830508474576,0.012534067235420254,"4883, 2982"
C1272641,272,169,73,2,3.225806451612903,2.73972602739726,0.018763700655939304,"4978, 1012"
C1272641,272,274,211,3,4.838709677419355,1.4218009478672986,0.02291186001552193,"2242, 1445, 2887"
C1272641,272,498,13,1,1.6129032258064515,7.6923076923076925,0.03676084917922774,10129
C1272641,272,10,15,1,1.6129032258064515,6.666666666666667,0.04229707979654288,55553
C0023186,273,225,11,1,3.7037037037037033,9.090909090909092,0.013694626792018995,5071
C0023186,273,256,18,1,3.7037037037037033,5.555555555555555,0.022315166449602363,43
C0023186,273,215,25,1,3.7037037037037033,4.0,0.030863127637600234,57030
C0023186,273,136,29,1,3.7037037037037033,3.4482758620689653,0.035715317012489,7422
C0023186,273,303,29,1,3.7037037037037033,3.4482758620689653,0.035715317012489,4137
C0023186,273,107,34,1,3.7037037037037033,2.941176470588235,0.0417476628848169,3162
C0023186,273,180,35,1,3.7037037037037033,2.857142857142857,0.04294976357255134,5368
C0023186,273,350,35,1,3.7037037037037033,2.857142857142857,0.04294976357255134,10367
C0023186,273,377,35,1,3.7037037037037033,2.857142857142857,0.04294976357255134,84282
C0023186,273,430,39,1,3.7037037037037033,2.564102564102564,0.047743661012177196,596
C0265221,274,410,236,6,42.857142857142854,2.5423728813559325,4.508868854309053e-09,"11041, 29954, 148789, 10585, 84892, 9215"
C0265221,274,93,192,2,14.285714285714285,1.0416666666666665,0.006693045200765812,"55624, 84197"
C0265221,274,242,16,1,7.142857142857142,6.25,0.01034417835907923,10329
C0265221,274,323,50,1,7.142857142857142,2.0,0.03199650925905867,2218
C0024796,275,255,58,3,30.0,5.172413793103448,2.188494955675789e-06,"6648, 6647, 847"
C0024796,275,219,49,1,10.0,2.0408163265306123,0.022503986704847337,2200
C0024796,275,149,56,1,10.0,1.7857142857142856,0.025681356679676606,3915
C0024796,275,184,82,1,10.0,1.2195121951219512,0.037401800347182136,7048
C0024796,275,285,96,1,10.0,1.0416666666666665,0.043660108512311765,4313
C0009363,276,419,14,1,8.333333333333332,7.142857142857142,0.007767490219555303,71
C0009363,276,87,22,1,8.333333333333332,4.545454545454546,0.012181185609525965,5080
C0009363,276,190,28,1,8.333333333333332,3.571428571428571,0.015479638512828735,60
C0009363,276,157,35,1,8.333333333333332,2.857142857142857,0.019315071608989536,9573
C0009363,276,149,56,1,8.333333333333332,1.7857142857142856,0.030739341978487,3912
C0009363,276,49,64,1,8.333333333333332,1.5625,0.035059259909030645,6469
C0009363,276,458,64,1,8.333333333333332,1.5625,0.035059259909030645,9158
C0009363,276,332,68,1,8.333333333333332,1.4705882352941175,0.037212593906081566,10058
C0009363,276,117,81,1,8.333333333333332,1.2345679012345678,0.04418054499987301,10413
C0009363,276,119,87,1,8.333333333333332,1.1494252873563218,0.047380904875313185,501
C0024121,277,206,82,8,4.49438202247191,9.75609756097561,3.9095609766740773e-07,"11200, 11009, 7490, 3845, 5290, 2254, 2260, 2263"
C0024121,277,347,66,7,3.932584269662921,10.606060606060606,1.201277001539533e-06,"1571, 7367, 1544, 1545, 1548, 5740, 5743"
C0024121,277,496,87,5,2.8089887640449436,5.747126436781609,0.0007760839343170213,"3558, 3725, 3726, 2353, 3569"
C0024121,277,184,82,4,2.247191011235955,4.878048780487805,0.004765272965179325,"7040, 1490, 1066, 7048"
C0024121,277,13,92,4,2.247191011235955,4.3478260869565215,0.0071445736611872165,"1432, 5609, 5594, 5595"
C0024121,277,165,50,3,1.6853932584269662,6.0,0.00816352840475936,"4854, 4853, 182"
C0024121,277,274,211,6,3.3707865168539324,2.843601895734597,0.008275284640765247,"1796, 2886, 4233, 2064, 2065, 6776"
C0024121,277,423,99,4,2.247191011235955,4.040404040404041,0.009208188192835063,"841, 355, 29108, 7124"
C0024121,277,255,58,3,1.6853932584269662,5.172413793103448,0.012250567805786665,"2876, 116285, 2878"
C0024121,277,254,21,2,1.1235955056179776,9.523809523809524,0.012843466139594825,"2627, 6414"
C0024121,277,458,64,3,1.6853932584269662,4.6875,0.015959485555273056,"595, 1027, 1028"
C0024121,277,32,65,3,1.6853932584269662,4.615384615384616,0.016632259243993797,"673, 3265, 5894"
C0024121,277,454,28,2,1.1235955056179776,7.142857142857142,0.022263947181179505,"8626, 153090"
C0024121,277,19,130,4,2.247191011235955,3.076923076923077,0.022858760529054698,"2520, 79930, 1139, 9046"
C0024121,277,174,4,1,0.5617977528089888,25.0,0.032624117872940055,84864
C0024121,277,135,36,2,1.1235955056179776,5.555555555555555,0.035551496156071394,"2, 348"
C0024121,277,430,39,2,1.1235955056179776,5.128205128205128,0.04115187677105633,"4170, 598"
C0024121,277,285,96,3,1.6853932584269662,3.125,0.04528149928458233,"4312, 3553, 4319"
C0270853,278,120,34,1,10.0,2.941176470588235,0.01566391325983915,1181
C0270853,278,494,40,1,10.0,2.5,0.01840509487160165,2563
C0270853,278,43,42,1,10.0,2.380952380952381,0.019317294163149153,114327
C0270853,278,219,49,1,10.0,2.0408163265306123,0.022503986704847337,785
C0270853,278,14,90,1,10.0,1.1111111111111112,0.04098247452831077,8629
C0270853,278,326,97,1,10.0,1.0309278350515463,0.04410572609373283,2554
C0006142,279,206,82,4,5.633802816901409,4.878048780487805,0.00015565266051158406,"11200, 5290, 4046, 2263"
C0006142,279,230,10,2,2.8169014084507045,20.0,0.0004731469025175208,"4214, 152110"
C0006142,279,61,17,2,2.8169014084507045,11.76470588235294,0.0014087840733161302,"84142, 29086"
C0006142,279,118,51,2,2.8169014084507045,3.9215686274509802,0.012288650432637818,"8178, 8028"
C0006142,279,11,65,2,2.8169014084507045,3.076923076923077,0.019464306570460534,"4683, 83990"
C0006142,279,112,14,1,1.4084507042253522,7.142857142857142,0.04514937935018365,22913
C0006142,279,163,15,1,1.4084507042253522,6.666666666666667,0.04829631311363987,10717
C1458155,280,206,82,16,3.695150115473441,19.51219512195122,6.620253282920238e-12,"11200, 11009, 7490, 3845, 2248, 2249, 10, 5290, 8493, 4046, 79728, 2260, 2263, 3161, 8412, 1950"
C1458155,280,165,50,9,2.0785219399538106,18.0,5.917571580647336e-07,"3714, 28514, 54567, 7087, 4851, 4853, 182, 4855, 4854"
C1458155,280,347,66,10,2.3094688221709005,15.151515151515152,7.449577593766005e-07,"3620, 1543, 1576, 1545, 10599, 5742, 5743, 1586, 1588, 1565"
C1458155,280,240,120,13,3.0023094688221708,10.833333333333334,9.046777092612863e-07,"10499, 8648, 8202, 9611, 8204, 2063, 6257, 7025, 133522, 2101, 5914, 5915, 7421"
C1458155,280,285,96,11,2.5404157043879905,11.458333333333332,3.603289485775487e-06,"3553, 3490, 4323, 2118, 2920, 2921, 3576, 6387, 4312, 4313, 4314"
C1458155,280,170,100,8,1.8475750577367205,8.0,0.0009229065916215076,"51649, 28998, 9801, 51081, 7818, 65005, 56945, 28957"
C1458155,280,255,58,6,1.3856812933025404,10.344827586206897,0.0010625374997239672,"6648, 847, 3032, 2876, 2877, 2879"
C1458155,280,345,31,4,0.9237875288683602,12.903225806451612,0.0032878389690847096,"1728, 1072, 4282, 23406"
C1458155,280,274,211,10,2.3094688221709005,4.739336492890995,0.010565056229181214,"3480, 2886, 3815, 2057, 2064, 2065, 6776, 1435, 1436, 1437"
C1458155,280,97,43,4,0.9237875288683602,9.30232558139535,0.010681466173623292,"2305, 10660, 5925, 1869"
C1458155,280,429,43,4,0.9237875288683602,9.30232558139535,0.010681466173623292,"5888, 5889, 7516, 7517"
C1458155,280,487,68,5,1.1547344110854503,7.352941176470589,0.011827847212958,"9968, 80306, 2100, 9623, 55294"
C1458155,280,323,50,4,0.9237875288683602,8.0,0.01787296643381238,"2050, 102, 1942, 5002"
C1458155,280,136,29,3,0.6928406466512702,10.344827586206897,0.01997279086216245,"2321, 7423, 3791"
C1458155,280,450,32,3,0.6928406466512702,9.375,0.025945165359548383,"9076, 100506658, 1364"
C1458155,280,53,13,2,0.4618937644341801,15.384615384615385,0.027123023989292856,"9510, 3014"
C1458155,280,35,59,4,0.9237875288683602,6.779661016949152,0.030725627792614202,"1825, 1499, 1003, 999"
C1458155,280,496,87,5,1.1547344110854503,5.747126436781609,0.03089158218362705,"2114, 3725, 2353, 3569, 1649"
C1458155,280,229,14,2,0.4618937644341801,14.285714285714285,0.031229496657694266,"51129, 6790"
C1458155,280,173,15,2,0.4618937644341801,13.333333333333334,0.035563375996169634,"196, 6492"
C1458155,280,49,64,4,0.9237875288683602,6.25,0.039715480359687645,"25800, 23493, 23462, 1719"
C1458155,280,458,64,4,0.9237875288683602,6.25,0.039715480359687645,"595, 1027, 3925, 898"
C1458155,280,436,2,1,0.23094688221709006,50.0,0.039770020097929536,6147
C1458155,280,482,2,1,0.23094688221709006,50.0,0.039770020097929536,9048
C1458155,280,430,39,3,0.6928406466512702,7.6923076923076925,0.043168486135492214,"597, 596, 581"
C1458155,280,256,18,2,0.4618937644341801,11.11111111111111,0.0498236641461751,"43, 10236"
C0270850,281,494,40,2,18.181818181818183,5.0,0.0001826990832617842,"4200, 2563"
C0270850,281,120,34,1,9.090909090909092,2.941176470588235,0.017217142338094387,1181
C0270850,281,219,49,1,9.090909090909092,2.0408163265306123,0.02472690890522152,785
C0270850,281,326,97,1,9.090909090909092,1.0309278350515463,0.048408958310231995,846
C0027796,282,155,7,1,9.090909090909092,14.285714285714285,0.003566957916562828,4914
C0027796,282,420,24,1,9.090909090909092,4.166666666666666,0.012181466787721838,6336
C0027796,282,180,35,1,9.090909090909092,2.857142857142857,0.01771942414984372,6863
C0027796,282,386,42,1,9.090909090909092,2.380952380952381,0.02122886763718952,2674
C0027796,282,326,97,1,9.090909090909092,1.0309278350515463,0.048408958310231995,2915
C0027796,282,423,99,1,9.090909090909092,1.0101010101010102,0.04938426702457444,7124
C0027794,283,38,35,2,7.4074074074074066,5.714285714285714,0.000876239501843411,"5697, 4886"
C0027794,283,164,36,2,7.4074074074074066,5.555555555555555,0.0009270671027094282,"2737, 7546"
C0027794,283,48,71,2,7.4074074074074066,2.8169014084507045,0.003559401294152851,"4522, 4524"
C0027794,283,202,139,2,7.4074074074074066,1.4388489208633095,0.013038259141954268,"51738, 2348"
C0027794,283,93,192,2,7.4074074074074066,1.0416666666666665,0.023935498543993062,"57216, 10653"
C0027794,283,159,20,1,3.7037037037037033,5.0,0.02476482125190343,635
C0027794,283,420,24,1,3.7037037037037033,4.166666666666666,0.029646411579114938,6240
C0027794,283,401,33,1,3.7037037037037033,3.0303030303030303,0.0405441082910545,3458
C0027794,283,91,34,1,3.7037037037037033,2.941176470588235,0.0417476628848169,6497
C0027794,283,47,39,1,3.7037037037037033,2.564102564102564,0.047743661012177196,57822
C0027794,283,212,39,1,3.7037037037037033,2.564102564102564,0.047743661012177196,5077
C0027794,283,492,39,1,3.7037037037037033,2.564102564102564,0.047743661012177196,3630
C0162820,284,496,87,4,6.0606060606060606,4.597701149425287,0.00014736775946324113,"2114, 4780, 3558, 3567"
C0162820,284,285,96,4,6.0606060606060606,4.166666666666666,0.00021544384838631745,"2920, 7130, 6363, 729230"
C0162820,284,274,211,5,7.575757575757576,2.3696682464454977,0.00047155650075972387,"1154, 8835, 8651, 3565, 915"
C0162820,284,372,176,4,6.0606060606060606,2.272727272727273,0.0020867893615144927,"3684, 2162, 948, 5327"
C0162820,284,268,77,2,3.0303030303030303,2.5974025974025974,0.023310650478742978,"8564, 10135"
C0162820,284,326,97,2,3.0303030303030303,2.0618556701030926,0.03567807680031554,"26034, 3559"
C0162820,284,410,236,3,4.545454545454546,1.2711864406779663,0.03580309278705215,"6480, 3290, 2215"
C0162820,284,423,99,2,3.0303030303030303,2.0202020202020203,0.03702839108755681,"841, 7124"
C0025521,285,387,1,1,6.25,100.0,0.000742218304958946,1733
C0025521,285,119,87,2,12.5,2.2988505747126435,0.001862378555427307,"3945, 64902"
C0025521,285,152,40,1,6.25,2.5,0.02928917253398894,5826
C0025521,285,23,47,1,6.25,2.127659574468085,0.03433134735695871,3704
C0025521,285,219,49,1,6.25,2.0408163265306123,0.03576745250981829,9719
C0025521,285,501,53,1,6.25,1.8867924528301887,0.0386336581503397,7941
C0025521,285,124,57,1,6.25,1.7543859649122806,0.04149187492932441,6513
C0025521,285,49,64,1,6.25,1.5625,0.04647459358783282,1719
C0025521,285,162,66,1,6.25,1.5151515151515151,0.047893760992970255,3953
C0025521,285,278,67,1,6.25,1.4925373134328357,0.04860260189493444,4594
C0025521,285,267,68,1,6.25,1.4705882352941175,0.04931094802660876,7167
C0344388,286,460,31,2,5.714285714285714,6.451612903225806,0.0011561098859644745,"7168, 7171"
C0344388,286,430,39,2,5.714285714285714,5.128205128205128,0.0018273733149890604,"578, 572"
C0344388,286,9,16,1,2.857142857142857,6.25,0.025672519196862816,8997
C0344388,286,216,18,1,2.857142857142857,5.555555555555555,0.028836211500272352,2972
C0344388,286,283,29,1,2.857142857142857,3.4482758620689653,0.04605894222030006,55604
C0344388,286,303,29,1,2.857142857142857,3.4482758620689653,0.04605894222030006,57551
C0344388,286,342,29,1,2.857142857142857,3.4482758620689653,0.04605894222030006,144406
C0021841,287,430,39,2,18.181818181818183,5.128205128205128,0.00017361245527080659,"596, 581"
C0021841,287,326,97,2,18.181818181818183,2.0618556701030926,0.0010734039287409684,"5578, 5580"
C0021841,287,0,20,1,9.090909090909092,5.0,0.01016063726465248,324
C0021841,287,468,41,1,9.090909090909092,2.4390243902439024,0.02072821744160751,1026
C0021841,287,35,59,1,9.090909090909092,1.694915254237288,0.029704397459168124,1499
C0021841,287,458,64,1,9.090909090909092,1.5625,0.03218447137137948,1027
C0021841,287,11,65,1,9.090909090909092,1.5384615384615385,0.03267979407248751,7507
C2607914,288,132,24,1,6.25,4.166666666666666,0.0176713672497525,23274
C2607914,288,284,28,1,6.25,3.571428571428571,0.020587977363310105,2302
C2607914,288,43,42,1,6.25,2.380952380952381,0.030732306739268626,63976
C2607914,288,23,47,1,6.25,2.127659574468085,0.03433134735695871,955
C1271104,289,492,39,2,3.225806451612903,5.128205128205128,0.0056317483053458335,"4036, 55333"
C1271104,289,269,45,2,3.225806451612903,4.444444444444445,0.007441464802086406,"54986, 3010"
C1271104,289,369,59,2,3.225806451612903,3.389830508474576,0.012534067235420254,"4883, 2982"
C1271104,289,169,73,2,3.225806451612903,2.73972602739726,0.018763700655939304,"4978, 1012"
C1271104,289,274,211,3,4.838709677419355,1.4218009478672986,0.02291186001552193,"2242, 1445, 2887"
C1271104,289,498,13,1,1.6129032258064515,7.6923076923076925,0.03676084917922774,10129
C1271104,289,10,15,1,1.6129032258064515,6.666666666666667,0.04229707979654288,55553
C0242383,290,510,23,2,4.761904761904762,8.695652173913043,0.0009135257654956858,"3426, 3075"
C0242383,290,136,29,2,4.761904761904762,6.896551724137931,0.0014551567051028383,"7148, 7422"
C0242383,290,135,36,2,4.761904761904762,5.555555555555555,0.0022385903076101383,"348, 5654"
C0242383,290,372,176,3,7.142857142857142,1.7045454545454544,0.004861821535137925,"629, 717, 718"
C0242383,290,214,5,1,2.380952380952381,20.0,0.009704626413248707,81579
C0242383,290,98,91,2,4.761904761904762,2.197802197802198,0.013600010024634205,"735, 1071"
C0242383,290,453,16,1,2.380952380952381,6.25,0.030732306739268626,55013
C0242383,290,111,19,1,2.380952380952381,5.263157894736842,0.03639106961010451,6103
C0242383,290,467,19,1,2.380952380952381,5.263157894736842,0.03639106961010451,7936
C0242383,290,37,20,1,2.380952380952381,5.0,0.0382701472903151,2444
C0242383,290,288,25,1,2.380952380952381,4.0,0.04761201037382968,114902
C0242383,290,110,26,1,2.380952380952381,3.8461538461538463,0.04946972426776887,24
C0007193,291,460,31,4,8.51063829787234,12.903225806451612,5.975754627906767e-07,"4624, 4625, 7139, 7134"
C0007193,291,238,46,3,6.382978723404255,6.521739130434782,0.00013805797545091557,"84665, 7273, 4607"
C0007193,291,310,31,2,4.25531914893617,6.451612903225806,0.002077999480430316,"70, 137735"
C0007193,291,141,147,3,6.382978723404255,2.0408163265306123,0.004044750962815395,"153, 6331, 1756"
C0007193,291,165,50,2,4.25531914893617,4.0,0.005332092241457277,"5664, 5663"
C0007193,291,255,58,2,4.25531914893617,3.4482758620689653,0.007115914618012869,"6648, 2876"
C0007193,291,35,59,2,4.25531914893617,3.389830508474576,0.0073554257138597375,"1824, 1832"
C0007193,291,369,59,2,4.25531914893617,3.389830508474576,0.0073554257138597375,"4878, 4879"
C0007193,291,448,10,1,2.127659574468085,10.0,0.02159445546573483,1956
C0007193,291,384,15,1,2.127659574468085,6.666666666666667,0.032219859723824365,1674
C0007193,291,57,17,1,2.127659574468085,5.88235294117647,0.036438325987209086,150094
C0007193,291,275,19,1,2.127659574468085,5.263157894736842,0.04063879389950456,3757
C0007193,291,227,20,1,2.127659574468085,5.0,0.042732301963703805,4000
C0007193,291,449,20,1,2.127659574468085,5.0,0.042732301963703805,64651
C3160731,292,492,39,2,4.878048780487805,5.128205128205128,0.0025012212787504733,"4035, 4324"
C3160731,292,235,76,2,4.878048780487805,2.631578947368421,0.009202594115685622,"3360, 2122"
C3160731,292,113,14,1,2.4390243902439024,7.142857142857142,0.026308229435767525,79807
C0080178,293,190,28,2,18.181818181818183,7.142857142857142,8.883506685548983e-05,"5130, 1119"
C0080178,293,232,10,1,9.090909090909092,10.0,0.005092110269309897,5110
C0080178,293,394,24,1,9.090909090909092,4.166666666666666,0.012181466787721838,25828
C0080178,293,345,31,1,9.090909090909092,3.225806451612903,0.015708895642477603,1072
C0080178,293,212,39,1,9.090909090909092,2.564102564102564,0.019726218566256292,5077
C0080178,293,206,82,1,9.090909090909092,1.2195121951219512,0.041065096971841304,2263
C0080178,293,98,91,1,9.090909090909092,1.098901098901099,0.04547757156867407,5444
C0080178,293,285,96,1,9.090909090909092,1.0416666666666665,0.047920962904237245,6347
C0007194,294,460,31,2,9.523809523809524,6.451612903225806,0.00041318685436454917,"4624, 7139"
C0007194,294,348,7,1,4.761904761904762,14.285714285714285,0.00680017784422788,4635
C0007194,294,432,21,1,4.761904761904762,4.761904761904762,0.02026864073835164,4609
C0007194,294,246,22,1,4.761904761904762,4.545454545454546,0.021223987996175475,4633
C0007194,294,177,26,1,4.761904761904762,3.8461538461538463,0.025036512345021723,7157
C0007194,294,337,26,1,4.761904761904762,3.8461538461538463,0.025036512345021723,3329
C0007194,294,148,36,1,4.761904761904762,2.7777777777777777,0.0345060435780664,9997
C0007194,294,492,39,1,4.761904761904762,2.564102564102564,0.037329778815345084,3630
C0007194,294,238,46,1,4.761904761904762,2.1739130434782608,0.04388793924600606,4607
C0007194,294,356,47,1,4.761904761904762,2.127659574468085,0.044821338589404035,3315
C0007194,294,424,49,1,4.761904761904762,2.0408163265306123,0.04668553441844935,2548
C0007194,294,252,52,1,4.761904761904762,1.9230769230769231,0.049475332507592874,5443
C0752166,295,31,21,9,40.909090909090914,42.857142857142854,5.252058948737311e-23,"582, 583, 123016, 585, 27241, 55212, 129880, 54585, 79738"
C0752166,295,428,85,3,13.636363636363635,3.5294117647058822,8.63072791002954e-05,"54903, 8195, 166379"
C0752166,295,132,24,2,9.090909090909092,8.333333333333332,0.0002706981237970479,"92482, 84100"
C0752166,295,420,24,1,4.545454545454546,4.166666666666666,0.02422065599088576,11020
C0752166,295,385,32,1,4.545454545454546,3.125,0.0321690154155136,4867
C0752166,295,164,36,1,4.545454545454546,2.7777777777777777,0.03611998221250125,26160
C0752166,295,366,38,1,4.545454545454546,2.631578947368421,0.03808968751520294,10806
C0022548,296,345,31,3,8.571428571428571,9.67741935483871,1.7082253639363744e-05,"4282, 3956, 822"
C0022548,296,372,176,4,11.428571428571429,2.272727272727273,0.00018449652360191714,"1281, 2266, 1277, 1289"
C0022548,296,255,58,2,5.714285714285714,3.4482758620689653,0.00399845406764889,"7001, 5052"
C0022548,296,10,15,1,2.857142857142857,6.666666666666667,0.024086920934524515,2495
C0022548,296,276,21,1,2.857142857142857,4.761904761904762,0.03356304682978209,1192
C0022548,296,413,23,1,2.857142857142857,4.3478260869565215,0.03670184616565834,6280
C0022548,296,190,28,1,2.857142857142857,3.571428571428571,0.04450558142090073,1381
C0022548,296,361,29,1,2.857142857142857,3.4482758620689653,0.04605894222030006,6275
C0022548,296,460,31,1,2.857142857142857,3.225806451612903,0.0491583077321676,7168
C0025202,297,32,65,5,2.450980392156863,7.6923076923076925,0.0003765208860983664,"673, 5605, 9610, 5909, 4893"
C0025202,297,274,211,8,3.9215686274509802,3.7914691943127963,0.000929924558917001,"6850, 5800, 2057, 3820, 6098, 1493, 9846, 1437"
C0025202,297,161,39,3,1.4705882352941175,7.6923076923076925,0.00594004238031495,"126129, 2194, 57678"
C0025202,297,252,52,3,1.4705882352941175,5.769230769230769,0.013134325414008156,"434, 5443, 4157"
C0025202,297,398,21,2,0.9803921568627451,9.523809523809524,0.016627554259349163,"26227, 51151"
C0025202,297,87,22,2,0.9803921568627451,9.090909090909092,0.01817769176573475,"5080, 30062"
C0025202,297,324,24,2,0.9803921568627451,8.333333333333332,0.021452480401421944,"3456, 356"
C0025202,297,338,24,2,0.9803921568627451,8.333333333333332,0.021452480401421944,"3440, 3442"
C0025202,297,268,77,3,1.4705882352941175,3.896103896103896,0.03665725522521918,"79068, 10397, 823"
C0025202,297,496,87,3,1.4705882352941175,3.4482758620689653,0.049643734480506664,"3558, 3238, 116071"
C3809874,298,274,211,3,14.285714285714285,1.4218009478672986,0.001079519259777861,"2322, 5156, 613"
C3809874,298,418,94,2,9.523809523809524,2.127659574468085,0.0037430816321587955,"6929, 861"
C3809874,298,185,22,1,4.761904761904762,4.545454545454546,0.021223987996175475,10320
C3809874,298,132,24,1,4.761904761904762,4.166666666666666,0.023132021542381715,5305
C3809874,298,177,26,1,4.761904761904762,3.8461538461538463,0.025036512345021723,7157
C3809874,298,106,48,1,4.761904761904762,2.083333333333333,0.04575387005800572,1029
C3809874,298,118,51,1,4.761904761904762,1.9607843137254901,0.0485462648782077,4299
C0032285,299,285,96,16,34.04255319148936,16.666666666666664,8.63993415606496e-27,"3553, 6369, 6374, 2919, 6347, 5196, 729230, 1230, 6351, 2833, 6354, 10803, 6355, 6356, 6361, 6363"
C0032285,299,301,70,4,8.51063829787234,5.714285714285714,1.636309696430136e-05,"7850, 1235, 6364, 3554"
C0032285,299,274,211,5,10.638297872340425,2.3696682464454977,9.407310552055932e-05,"3560, 3596, 3565, 3572, 1437"
C0032285,299,423,99,3,6.382978723404255,3.0303030303030303,0.00131572977298539,"834, 7132, 7124"
C0032285,299,173,15,1,2.127659574468085,6.666666666666667,0.032219859723824365,196
C0032285,299,453,16,1,2.127659574468085,6.25,0.03433134735695871,3605
C0032285,299,231,21,1,2.127659574468085,4.761904761904762,0.044821338589404035,23
C0032285,299,380,22,1,2.127659574468085,4.545454545454546,0.046905913119785626,7133
C0032285,299,471,22,1,2.127659574468085,4.545454545454546,0.046905913119785626,23411
C0033805,300,234,70,3,27.27272727272727,4.285714285714286,5.310426881166822e-06,"6337, 6338, 6340"
C0033805,300,494,40,2,18.181818181818183,5.0,0.0001826990832617842,"26249, 65125"
C0033805,300,450,32,1,9.090909090909092,3.125,0.016211878182100983,65266
C0027708,301,231,21,1,6.25,4.761904761904762,0.015478568242388472,1653
C0027708,301,368,26,1,6.25,3.8461538461538463,0.01913068861768153,4810
C0027708,301,136,29,1,6.25,3.4482758620689653,0.02131586032871432,11010
C0027708,301,297,30,1,6.25,3.3333333333333335,0.022043236129287543,7428
C0027708,301,389,31,1,6.25,3.225806451612903,0.022770105094862464,255738
C0027708,301,47,39,1,6.25,2.564102564102564,0.028566850273759374,3481
C0027708,301,161,39,1,6.25,2.564102564102564,0.028566850273759374,6948
C0027708,301,336,56,1,6.25,1.7857142857142856,0.040778068552729994,11281
C0027708,301,35,59,1,6.25,1.694915254237288,0.04291799399346388,1499
C0027708,301,54,61,1,6.25,1.639344262295082,0.04434212363320425,283120
C0027708,301,308,61,1,6.25,1.639344262295082,0.04434212363320425,675
C0027708,301,332,68,1,6.25,1.4705882352941175,0.04931094802660876,129563
C1838951,302,499,105,11,78.57142857142857,10.476190476190476,7.675847095325978e-24,"4704, 4705, 4722, 374291, 4724, 4695, 4536, 4537, 4540, 4541, 55967"
C1838951,302,148,36,1,7.142857142857142,2.7777777777777777,0.023134677896685333,91942
C1140680,303,34,17,1,6.666666666666667,5.88235294117647,0.011767827918736385,672
C1140680,303,61,17,1,6.666666666666667,5.88235294117647,0.011767827918736385,29086
C1140680,303,215,25,1,6.666666666666667,4.0,0.017260790103291155,8631
C1140680,303,292,42,1,6.666666666666667,2.380952380952381,0.028838853571038364,92421
C1140680,303,62,51,1,6.666666666666667,1.9607843137254901,0.03491675133572806,25976
C1140680,303,118,51,1,6.666666666666667,1.9607843137254901,0.03491675133572806,8028
C1140680,303,35,59,1,6.666666666666667,1.694915254237288,0.040289504566736495,1499
C1140680,303,308,61,1,6.666666666666667,1.639344262295082,0.04162832397497725,675
C1140680,303,11,65,1,6.666666666666667,1.5384615384615385,0.044300734893644195,83990
C1140680,303,169,73,1,6.666666666666667,1.36986301369863,0.04962470408479567,4978
C0031511,304,119,87,4,25.0,4.597701149425287,4.339928323896449e-07,"1312, 4129, 4128, 1644"
C0031511,304,386,42,2,12.5,4.761904761904762,0.0004370560475843827,"5979, 2668"
C0031511,304,278,67,2,12.5,2.9850746268656714,0.0011102614633335054,"6392, 6390"
C0031511,304,225,11,1,6.25,9.090909090909092,0.008136050157101735,1113
C0031511,304,339,23,1,6.25,4.3478260869565215,0.016940943505724074,4149
C0031511,304,297,30,1,6.25,3.3333333333333335,0.022043236129287543,7428
C0031511,304,323,50,1,6.25,2.0,0.036484754014367425,4763
C0031511,304,501,53,1,6.25,1.8867924528301887,0.0386336581503397,1621
C1336708,305,434,19,1,4.166666666666666,5.263157894736842,0.020951259809360114,8888
C1336708,305,469,19,1,4.166666666666666,5.263157894736842,0.020951259809360114,1618
C1336708,305,449,20,1,4.166666666666666,5.0,0.022042223211931163,81848
C1336708,305,488,21,1,4.166666666666666,4.761904761904762,0.023132021542381715,4254
C1336708,305,480,22,1,4.166666666666666,4.545454545454546,0.02422065599088576,1761
C1336708,305,245,27,1,4.166666666666666,3.7037037037037033,0.029646411579114938,7371
C1336708,305,303,29,1,4.166666666666666,3.4482758620689653,0.03180860816706902,6794
C1336708,305,364,291,2,8.333333333333332,0.6872852233676976,0.04123441027096563,"6928, 5307"
C1336708,305,322,38,1,4.166666666666666,2.631578947368421,0.041481485918182626,1062
C1336708,305,430,39,1,4.166666666666666,2.564102564102564,0.042550515349752994,578
C0020619,306,202,139,3,21.428571428571427,2.158273381294964,9.065301369957319e-05,"2488, 1082, 3972"
C0020619,306,180,35,2,14.285714285714285,5.714285714285714,0.00023020393419975507,"6866, 6870"
C0020619,306,347,66,2,14.285714285714285,3.0303030303030303,0.0008204048693167935,"1586, 1588"
C0020619,306,465,30,1,7.142857142857142,3.3333333333333335,0.01931373840462566,5617
C0020619,306,264,35,1,7.142857142857142,2.857142857142857,0.022498816147129532,5424
C0020619,306,162,66,1,7.142857142857142,1.5151515151515151,0.04203288348286697,3953
C0020619,306,267,68,1,7.142857142857142,1.4705882352941175,0.043280613518040904,3952
C0026650,307,293,39,3,14.285714285714285,7.6923076923076925,7.118726678049056e-06,"79042, 283989, 80746"
C0026650,307,202,139,3,14.285714285714285,2.158273381294964,0.00032045647074971926,"2348, 1813, 1268"
C0026650,307,123,32,2,9.523809523809524,6.25,0.0004404739434493194,"1812, 1814"
C0026650,307,273,4,1,4.761904761904762,25.0,0.003891226231756739,10911
C0026650,307,256,18,1,4.761904761904762,5.555555555555555,0.01739726762204124,43
C0026650,307,471,22,1,4.761904761904762,4.545454545454546,0.021223987996175475,1392
C0026650,307,374,28,1,4.761904761904762,3.571428571428571,0.02693746665376947,6323
C0026650,307,361,29,1,4.761904761904762,3.4482758620689653,0.02788661957310021,23237
C0026650,307,131,30,1,4.761904761904762,3.3333333333333335,0.0288348907078533,3064
C0026650,307,350,35,1,4.761904761904762,2.857142857142857,0.03356304682978209,10367
C0026650,307,92,41,1,4.761904761904762,2.4390243902439024,0.03920789752975901,3084
C1261473,308,177,26,1,7.6923076923076925,3.8461538461538463,0.015570699232345888,7157
C1261473,308,313,27,1,7.6923076923076925,3.7037037037037033,0.01616507854171281,2950
C1261473,308,401,33,1,7.6923076923076925,3.0303030303030303,0.019724403348457813,3458
C1261473,308,212,39,1,7.6923076923076925,2.564102564102564,0.023271838429959234,5077
C1261473,308,430,39,1,7.6923076923076925,2.564102564102564,0.023271838429959234,4170
C1261473,308,386,42,1,7.6923076923076925,2.380952380952381,0.025041108708132344,6657
C1261473,308,165,50,1,7.6923076923076925,2.0,0.029744709941246863,55534
C1261473,308,323,50,1,7.6923076923076925,2.0,0.029744709941246863,4763
C1261473,308,156,57,1,7.6923076923076925,1.7543859649122806,0.03384316898965285,23532
C1261473,308,505,57,1,7.6923076923076925,1.7543859649122806,0.03384316898965285,6597
C1261473,308,206,82,1,7.6923076923076925,1.2195121951219512,0.048350425982539504,5290
C0024232,309,202,139,2,14.285714285714285,1.4388489208633095,0.0035703459204055182,"4489, 7253"
C0024232,309,229,14,1,7.142857142857142,7.142857142857142,0.009056611967736784,51129
C0024232,309,208,33,1,7.142857142857142,3.0303030303030303,0.021225939492604706,6774
C0024232,309,269,45,1,7.142857142857142,2.2222222222222223,0.02884017484945256,2810
C0024232,309,319,47,1,7.142857142857142,2.127659574468085,0.030103853648601988,301
C0024232,309,255,58,1,7.142857142857142,1.7241379310344827,0.03702683759213226,6648
C0024232,309,500,58,1,7.142857142857142,1.7241379310344827,0.03702683759213226,6462
C0020615,310,47,39,1,10.0,2.564102564102564,0.017948708919803068,3481
C0020615,310,492,39,1,10.0,2.564102564102564,0.017948708919803068,3630
C0020615,310,255,58,1,10.0,1.7241379310344827,0.02658746775931236,6648
C0020615,310,49,64,1,10.0,1.5625,0.029301252368808546,5265
C0020615,310,347,66,1,10.0,1.5151515151515151,0.030204332908984208,6927
C0020615,310,268,77,1,10.0,1.2987012987012987,0.035157773431351534,2936
C0020615,310,143,96,1,10.0,1.0416666666666665,0.043660108512311765,775
C0020615,310,285,96,1,10.0,1.0416666666666665,0.043660108512311765,3553
C0020615,310,423,99,1,10.0,1.0101010101010102,0.044996400670389104,7124
C0002895,311,500,58,2,20.0,3.4482758620689653,0.0003157474847847362,"3240, 3043"
C0002895,311,348,7,1,10.0,14.285714285714285,0.003243140307714915,7412
C0002895,311,275,19,1,10.0,5.263157894736842,0.008780792561604425,790
C0002895,311,334,48,1,10.0,2.083333333333333,0.02204931624887491,53335
C0002895,311,416,50,1,10.0,2.0,0.022958466904445227,8131
C0002895,311,369,59,1,10.0,1.694915254237288,0.027040238833427755,4879
C0002895,311,278,67,1,10.0,1.4925373134328357,0.030655589559252235,1723
C0002895,311,267,68,1,10.0,1.4705882352941175,0.03110665722348711,7372
C0002895,311,423,99,1,10.0,1.0101010101010102,0.044996400670389104,7124
C0238288,312,440,1,1,7.6923076923076925,100.0,0.0006030523727791437,22947
C0238288,312,285,96,2,15.384615384615385,2.083333333333333,0.0014826782249060765,"176, 4060"
C0238288,312,372,176,2,15.384615384615385,1.1363636363636365,0.004872967768051211,"1281, 1634"
C0238288,312,76,20,1,7.6923076923076925,5.0,0.011997456916317858,3304
C0238288,312,313,27,1,7.6923076923076925,3.7037037037037033,0.01616507854171281,2953
C0238288,312,389,31,1,7.6923076923076925,3.225806451612903,0.018539284628106806,3308
C0238288,312,321,35,1,7.6923076923076925,2.857142857142857,0.020908200989063118,23347
C0238288,312,468,41,1,7.6923076923076925,2.4390243902439024,0.024451680926576545,1026
C0238288,312,219,49,1,7.6923076923076925,2.0408163265306123,0.029157907486221796,2006
C1527249,313,504,1,1,2.7777777777777777,100.0,0.0016699911861576286,745
C1527249,313,35,59,2,5.555555555555555,3.389830508474576,0.004370087669123739,"1499, 999"
C1527249,313,458,64,2,5.555555555555555,3.125,0.005122231982599603,"81928, 894"
C1527249,313,104,19,1,2.7777777777777777,5.263157894736842,0.03127028049560966,259217
C1527249,313,394,24,1,2.7777777777777777,4.166666666666666,0.03933999440739695,64359
C1527249,313,284,28,1,2.7777777777777777,3.571428571428571,0.045748674243139095,85415
C1527249,313,362,30,1,2.7777777777777777,3.3333333333333335,0.048937407794367234,6926
C0004153,314,285,96,4,7.2727272727272725,4.166666666666666,0.00010583628046878311,"4312, 6347, 6348, 6351"
C0004153,314,135,36,2,3.6363636363636362,5.555555555555555,0.003808768278702842,"348, 4846"
C0004153,314,255,58,2,3.6363636363636362,3.4482758620689653,0.00964190103771686,"6648, 6647"
C0004153,314,348,7,1,1.8181818181818181,14.285714285714285,0.017725956057838017,7412
C0004153,314,496,87,2,3.6363636363636362,2.2988505747126435,0.02081934878204273,"241, 3569"
C0004153,314,475,94,2,3.6363636363636362,2.127659574468085,0.024051910885309627,"337, 7274"
C0004153,314,143,96,2,3.6363636363636362,2.083333333333333,0.025011038722194658,"240, 3269"
C0004153,314,381,11,1,1.8181818181818181,9.090909090909092,0.027716180040210064,2099
C0004153,314,173,15,1,1.8181818181818181,6.666666666666667,0.03760662730005322,196
C0004153,314,249,16,1,1.8181818181818181,6.25,0.04006376384719354,1401
C0004153,314,341,18,1,1.8181818181818181,5.555555555555555,0.04495957309842322,2944
C0004153,314,76,20,1,1.8181818181818181,5.0,0.04983086475003013,3304
C0004096,315,285,96,6,5.3097345132743365,6.25,1.1466258416355976e-05,"3553, 7078, 6347, 6352, 6356, 4319"
C0004096,315,369,59,3,2.6548672566371683,5.084745762711865,0.003683206916929023,"5144, 108, 5142"
C0004096,315,274,211,5,4.424778761061947,2.3696682464454977,0.005119537911450779,"3560, 3596, 3565, 10451, 2549"
C0004096,315,185,22,2,1.7699115044247788,9.090909090909092,0.005874818562707709,"22806, 64375"
C0004096,315,301,70,3,2.6548672566371683,4.285714285714286,0.0059492344936579915,"7096, 929, 3557"
C0004096,315,492,39,2,1.7699115044247788,5.128205128205128,0.017786731367299902,"7356, 3119"
C0004096,315,252,52,2,1.7699115044247788,3.8461538461538463,0.030460918167096295,"1906, 94103"
C0004096,315,405,52,2,1.7699115044247788,3.8461538461538463,0.030460918167096295,"5592, 23108"
C0004096,315,501,53,2,1.7699115044247788,3.7735849056603774,0.03154898725217849,"30009, 7941"
C0004096,315,378,55,2,1.7699115044247788,3.6363636363636362,0.03377053914978125,"384, 383"
C0004096,315,149,56,2,1.7699115044247788,3.571428571428571,0.03490365110539692,"3123, 3371"
C0004096,315,255,58,2,1.7699115044247788,3.4482758620689653,0.037213631101964705,"6647, 847"
C0949658,316,460,31,5,21.73913043478261,16.129032258064516,1.448008776461001e-10,"7168, 23171, 7139, 4624, 4625"
C0949658,316,238,46,2,8.695652173913043,4.3478260869565215,0.001095296072846885,"4607, 27063"
C0949658,316,475,94,2,8.695652173913043,2.127659574468085,0.004484057422606853,"859, 57158"
C0949658,316,425,137,2,8.695652173913043,1.4598540145985401,0.009295057350704863,"91624, 1829"
C0949658,316,384,15,1,4.3478260869565215,6.666666666666667,0.015890227473409898,1674
C0949658,316,517,16,1,4.3478260869565215,6.25,0.016940943505724074,4565
C0949658,316,275,19,1,4.3478260869565215,5.263157894736842,0.020086657157088572,9992
C0949658,316,246,22,1,4.3478260869565215,4.545454545454546,0.02322274107975706,4633
C0949658,316,413,23,1,4.3478260869565215,4.3478260869565215,0.024265967314034555,3920
C0949658,316,179,31,1,4.3478260869565215,3.225806451612903,0.03257349551123034,88
C0949658,316,356,47,1,4.3478260869565215,2.127659574468085,0.04898603487893911,1410
C0037286,317,150,54,3,6.122448979591836,5.555555555555555,0.00025230991286419535,"3848, 3858, 3872"
C0037286,317,496,87,2,4.081632653061225,2.2988505747126435,0.016745779555091607,"1050, 4780"
C0037286,317,423,99,2,4.081632653061225,2.0202020202020203,0.021343775164007248,"841, 843"
C0037286,317,481,110,2,4.081632653061225,1.8181818181818181,0.025964919306186225,"3713, 4014"
C0037286,317,246,22,1,2.0408163265306123,4.545454545454546,0.04885457271773875,2709
C0036572,318,202,139,6,6.25,4.316546762589928,3.7140222553157916e-05,"2784, 1268, 1813, 3350, 3351, 51738"
C0036572,318,326,97,4,4.166666666666666,4.123711340206185,0.0009323643206942229,"5066, 4842, 5580, 1103"
C0036572,318,427,27,2,2.083333333333333,7.4074074074074066,0.006407077994612813,"627, 4803"
C0036572,318,179,31,2,2.083333333333333,6.451612903225806,0.008390594386831507,"147, 135"
C0036572,318,123,32,2,2.083333333333333,6.25,0.008924198824338083,"1812, 1814"
C0036572,318,125,40,2,2.083333333333333,5.0,0.0137144965466047,"6752, 6750"
C0036572,318,19,130,3,3.125,2.307692307692308,0.020386816940038237,"1139, 348980, 885"
C0036572,318,218,56,2,2.083333333333333,3.571428571428571,0.025863311492875747,"6505, 183"
C0036572,318,312,56,2,2.083333333333333,3.571428571428571,0.025863311492875747,"7200, 5020"
C0036572,318,255,58,2,2.083333333333333,3.4482758620689653,0.027602844484565365,"6648, 847"
C0036572,318,90,65,2,2.083333333333333,3.076923076923077,0.03404627349411583,"7249, 7779"
C0036572,318,70,160,3,3.125,1.875,0.03473011482196624,"1136, 1137, 1143"
C0036572,318,169,73,2,2.083333333333333,2.73972602739726,0.042047862654421626,"57468, 6854"
C0002395,319,135,36,4,2.3952095808383236,11.11111111111111,0.0001686636220229543,"642, 2, 348, 4846"
C0002395,319,47,39,4,2.3952095808383236,10.256410256410255,0.00023129256317949243,"3481, 7018, 3077, 3479"
C0002395,319,430,39,3,1.7964071856287425,7.6923076923076925,0.003400785884946929,"581, 54205, 596"
C0002395,319,165,50,3,1.7964071856287425,6.0,0.006854848875837734,"5664, 23385, 5663"
C0002395,319,337,26,2,1.1976047904191618,7.6923076923076925,0.017163278341115105,"56776, 323"
C0002395,319,239,75,3,1.7964071856287425,4.0,0.02053057901043764,"161, 3482, 6653"
C0002395,319,38,35,2,1.1976047904191618,5.714285714285714,0.03003185901741998,"5697, 4852"
C0002395,319,138,39,2,1.1976047904191618,5.128205128205128,0.036659439640731636,"27328, 64478"
C0002395,319,492,39,2,1.1976047904191618,5.128205128205128,0.036659439640731636,"5649, 3630"
C0002395,319,461,46,2,1.1976047904191618,4.3478260869565215,0.04944717014684161,"10347, 10659"
C0567312,320,78,10,1,4.761904761904762,10.0,0.00970103780199039,84446
C0567312,320,61,17,1,4.761904761904762,5.88235294117647,0.016438363519623054,51720
C0567312,320,329,21,1,4.761904761904762,4.761904761904762,0.02026864073835164,5428
C0567312,320,87,22,1,4.761904761904762,4.545454545454546,0.021223987996175475,9874
C0567312,320,134,32,1,4.761904761904762,3.125,0.03072879073607239,3839
C0567312,320,401,33,1,4.761904761904762,3.0303030303030303,0.03167442118413478,54971
C0567312,320,264,35,1,4.761904761904762,2.857142857142857,0.03356304682978209,5557
C0567312,320,426,36,1,4.761904761904762,2.7777777777777777,0.0345060435780664,81550
C0567312,320,429,43,1,4.761904761904762,2.3255813953488373,0.04108252629101781,113510
C0567312,320,106,48,1,4.761904761904762,2.083333333333333,0.04575387005800572,84515
C0567312,320,219,49,1,4.761904761904762,2.0408163265306123,0.04668553441844935,7916
C0567312,320,323,50,1,4.761904761904762,2.0,0.047616332436731496,54933
C0027672,321,11,65,10,20.833333333333336,15.384615384615385,1.798629251718156e-16,"4292, 4361, 4683, 2956, 5395, 4436, 4595, 83990, 472, 10111"
C0027672,321,278,67,5,10.416666666666668,7.462686567164178,3.846791111611532e-07,"54949, 6389, 6390, 6391, 6392"
C0027672,321,61,17,2,4.166666666666666,11.76470588235294,0.000646332610350876,"580, 84142"
C0027672,321,260,43,2,4.166666666666666,4.651162790697675,0.004136114348761387,"2176, 641"
C0027672,321,429,43,2,4.166666666666666,4.651162790697675,0.004136114348761387,"5889, 7516"
C0027672,321,206,82,2,4.166666666666666,2.4390243902439024,0.014396940186626808,"11200, 79728"
C0027672,321,34,17,1,2.083333333333333,5.88235294117647,0.03719985776118478,672
C0027672,321,0,20,1,2.083333333333333,5.0,0.043622369558344726,324
C0027672,321,37,20,1,2.083333333333333,5.0,0.043622369558344726,5728
C0017178,322,252,52,2,16.666666666666664,3.8461538461538463,0.000370889474087551,"1906, 5443"
C0017178,322,19,130,2,16.666666666666664,1.5384615384615385,0.002289439854602063,"2520, 885"
C0017178,322,159,20,1,8.333333333333332,5.0,0.01107945223052582,4548
C0017178,322,362,30,1,8.333333333333332,3.3333333333333335,0.01657687721598512,1440
C0017178,322,134,32,1,8.333333333333332,3.125,0.01767299485796531,57680
C0017178,322,438,32,1,8.333333333333332,3.125,0.01767299485796531,1244
C0017178,322,494,40,1,8.333333333333332,2.5,0.02204627562847252,9817
C0017178,322,48,71,1,8.333333333333332,1.4084507042253522,0.038824702718413026,4524
C0017178,322,496,87,1,8.333333333333332,1.1494252873563218,0.047380904875313185,4780
C0268237,323,499,105,5,29.411764705882355,4.761904761904762,1.4709891669546963e-08,"4512, 4513, 4514, 6834, 1340"
C0268237,323,28,15,1,5.88235294117647,6.666666666666667,0.011767827918736385,28958
C0268237,323,209,18,1,5.88235294117647,5.555555555555555,0.014105698775491504,51204
C0268237,323,392,21,1,5.88235294117647,4.761904761904762,0.016438363519623054,84334
C0268237,323,397,25,1,5.88235294117647,4.0,0.019540503566033086,22868
C0268237,323,148,36,1,5.88235294117647,2.7777777777777777,0.028023975267905697,9997
C0268237,323,461,46,1,5.88235294117647,2.1739130434782608,0.035676227333714255,6341
C0268237,323,378,55,1,5.88235294117647,1.8181818181818181,0.042514740727951354,116228
C0035304,324,43,42,2,13.333333333333334,4.761904761904762,0.00038289699923957956,"1406, 84839"
C0035304,324,312,56,2,13.333333333333334,3.571428571428571,0.0006810142185977272,"6010, 4901"
C0035304,324,370,158,2,13.333333333333334,1.2658227848101267,0.005264746748129276,"23322, 54806"
C0035304,324,111,19,1,6.666666666666667,5.263157894736842,0.013143748538032372,6103
C0035304,324,164,36,1,6.666666666666667,2.7777777777777777,0.024767094532981093,57560
C0035304,324,430,39,1,6.666666666666667,2.564102564102564,0.026804961568028852,596
C0035304,324,386,42,1,6.666666666666667,2.380952380952381,0.028838853571038364,2668
C0035304,324,493,47,1,6.666666666666667,2.127659574468085,0.032219859723824365,145226
C0035304,324,255,58,1,6.666666666666667,1.7241379310344827,0.039619440452442166,6647
C0035304,324,369,59,1,6.666666666666667,1.694915254237288,0.040289504566736495,5158
C0035304,324,253,61,1,6.666666666666667,1.639344262295082,0.04162832397497725,64802
C0035309,325,372,176,3,14.285714285714285,1.7045454545454544,0.0006385507939711259,"1297, 5155, 4318"
C0035309,325,471,22,1,4.761904761904762,4.545454545454546,0.021223987996175475,23411
C0035309,325,338,24,1,4.761904761904762,4.166666666666666,0.023132021542381715,3440
C0035309,325,477,25,1,4.761904761904762,4.0,0.024084709395797873,3383
C0035309,325,245,27,1,4.761904761904762,3.7037037037037033,0.025987431170935743,5311
C0035309,325,136,29,1,4.761904761904762,3.4482758620689653,0.02788661957310021,7422
C0035309,325,431,29,1,4.761904761904762,3.4482758620689653,0.02788661957310021,7431
C0035309,325,450,32,1,4.761904761904762,3.125,0.03072879073607239,100506658
C0035309,325,107,34,1,4.761904761904762,2.941176470588235,0.03261917295681332,3162
C0035309,325,148,36,1,4.761904761904762,2.7777777777777777,0.0345060435780664,7070
C0035309,325,366,38,1,4.761904761904762,2.631578947368421,0.03638940879744212,10806
C0035309,325,244,40,1,4.761904761904762,2.5,0.03826927480218758,30813
C0268583,326,278,67,2,20.0,2.9850746268656714,0.0004213939912944613,"8801, 4594"
C0268583,326,7,77,2,20.0,2.5974025974025974,0.0005562870330533997,"55752, 4735"
C0268583,326,430,39,1,10.0,2.564102564102564,0.017948708919803068,54205
C0268583,326,193,42,1,10.0,2.380952380952381,0.019317294163149153,197322
C0268583,326,255,58,1,10.0,1.7241379310344827,0.02658746775931236,6648
C0268583,326,253,61,1,10.0,1.639344262295082,0.027945212403068312,1382
C0268583,326,169,73,1,10.0,1.36986301369863,0.033359163215835506,2820
C0268583,326,271,73,1,10.0,1.36986301369863,0.033359163215835506,284119
C0011616,327,285,96,5,7.042253521126761,5.208333333333334,1.6271781210657104e-05,"10850, 1230, 2833, 4317, 4319"
C0011616,327,481,110,5,7.042253521126761,4.545454545454546,3.1440712703027214e-05,"2312, 6317, 6318, 1520, 5266"
C0011616,327,301,70,4,5.633802816901409,5.714285714285714,8.405916668855584e-05,"8744, 7099, 1672, 51311"
C0011616,327,510,23,2,2.8169014084507045,8.695652173913043,0.0025875098277700227,"960, 23657"
C0011616,327,345,31,2,2.8169014084507045,6.451612903225806,0.004675570961872023,"1728, 8544"
C0011616,327,47,39,2,2.8169014084507045,5.128205128205128,0.00732544823616565,"3489, 3485"
C0011616,327,150,54,2,2.8169014084507045,3.7037037037037033,0.013705129619259548,"3849, 3858"
C0011616,327,255,58,2,2.8169014084507045,3.4482758620689653,0.01569828363883028,"6649, 6647"
C0011616,327,129,59,2,2.8169014084507045,3.389830508474576,0.01621488370444604,"57016, 7295"
C0011616,327,347,66,2,2.8169014084507045,3.0303030303030303,0.020030370364446853,"1545, 1543"
C0011616,327,268,77,2,2.8169014084507045,2.5974025974025974,0.026699171531610878,"2936, 2539"
C0011616,327,10,15,1,1.4084507042253522,6.666666666666667,0.04829631311363987,2495
C0011616,327,137,15,1,1.4084507042253522,6.666666666666667,0.04829631311363987,54658
C0011616,327,173,15,1,1.4084507042253522,6.666666666666667,0.04829631311363987,196
C0011615,328,285,96,10,19.607843137254903,10.416666666666668,2.0835541603222112e-14,"3553, 6369, 3627, 1232, 2833, 1234, 6352, 6356, 6361, 6367"
C0011615,328,471,22,2,3.9215686274509802,9.090909090909092,0.0012298203056111533,"282617, 3586"
C0011615,328,24,73,2,3.9215686274509802,2.73972602739726,0.01295687529267637,"5017, 56946"
C0011615,328,496,87,2,3.9215686274509802,2.2988505747126435,0.018061523484761734,"3569, 3567"
C0011615,328,367,15,1,1.9607843137254901,6.666666666666667,0.03491675133572806,90865
C0011615,328,111,19,1,1.9607843137254901,5.263157894736842,0.044024194874715726,11127
C0010068,329,353,61,2,2.941176470588235,3.278688524590164,0.015916957493944242,"490, 55973"
C0010068,329,48,71,2,2.941176470588235,2.8169014084507045,0.021183037807193626,"4524, 25902"
C0010068,329,3,12,1,1.4705882352941175,8.333333333333332,0.037212593906081566,375056
C0010068,329,228,14,1,1.4705882352941175,7.142857142857142,0.043280613518040904,51530
C0029456,330,372,176,6,8.955223880597014,3.4090909090909087,1.796365438446927e-05,"2243, 2244, 118429, 4982, 1277, 1278"
C0029456,330,255,58,3,4.477611940298507,5.172413793103448,0.0007835693960810847,"6648, 2876, 10935"
C0029456,330,297,30,2,2.9850746268656714,6.666666666666667,0.003913385068076811,"3570, 8572"
C0029456,330,203,3,1,1.4925373134328357,33.33333333333333,0.00929559763918455,7307
C0029456,330,351,50,2,2.9850746268656714,4.0,0.01058922531891781,"7414, 471"
C0029456,330,81,63,2,2.9850746268656714,3.1746031746031744,0.01645145615291078,"4041, 7471"
C0029456,330,267,68,2,2.9850746268656714,2.941176470588235,0.01899971064538549,"9948, 7167"
C0029456,330,419,14,1,1.4925373134328357,7.142857142857142,0.042656937255666764,71
C0029456,330,200,111,2,2.9850746268656714,1.8018018018018018,0.04677659691667017,"5683, 5686"
C0018800,331,252,52,4,5.970149253731343,7.6923076923076925,2.061924782274539e-05,"857, 1906, 5443, 156"
C0018800,331,347,66,4,5.970149253731343,6.0606060606060606,5.312802952045396e-05,"3976, 1545, 1571, 1543"
C0018800,331,369,59,3,4.477611940298507,5.084745762711865,0.0008237194308230392,"4881, 4878, 4879"
C0018800,331,128,18,2,2.9850746268656714,11.11111111111111,0.0014099153738553962,"5337, 5338"
C0018800,331,326,97,3,4.477611940298507,3.0927835051546393,0.0034349053317735225,"5578, 5579, 150"
C0018800,331,238,46,2,2.9850746268656714,4.3478260869565215,0.009018395290185525,"84676, 4607"
C0018800,331,405,52,2,2.9850746268656714,3.8461538461538463,0.0114167473297699,"7220, 3709"
C0018800,331,423,99,2,2.9850746268656714,2.0202020202020203,0.03805578687277592,"10616, 7124"
C0018800,331,173,15,1,1.4925373134328357,6.666666666666667,0.04563433061795939,196
C0018801,332,255,58,5,6.25,8.620689655172415,2.435970798725513e-06,"847, 6647, 6648, 6649, 2879"
C0018801,332,312,56,3,3.75,5.357142857142857,0.0011840723486093126,"185, 554, 551"
C0018801,332,369,59,3,3.75,5.084745762711865,0.0013775920709409237,"4881, 4878, 4879"
C0018801,332,347,66,3,3.75,4.545454545454546,0.0019033435378902634,"2628, 5742, 5743"
C0018801,332,105,74,3,3.75,4.054054054054054,0.0026395905042518927,"1536, 27035, 5879"
C0018801,332,380,22,2,2.5,9.090909090909092,0.002993965086314472,"488, 5502"
C0018801,332,80,24,2,2.5,8.333333333333332,0.0035600614143429187,"3091, 5741"
C0018801,332,372,176,4,5.0,2.272727272727273,0.004192890485669687,"7450, 325, 5054, 5327"
C0018801,332,240,120,3,3.75,2.5,0.010125281691476272,"4306, 10891, 8204"
C0018801,332,252,52,2,2.5,3.8461538461538463,0.01599571434736818,"1906, 5443"
C0018801,332,218,56,2,2.5,3.571428571428571,0.01840110383209595,"1636, 183"
C0018801,332,184,82,2,2.5,2.4390243902439024,0.037309211311095776,"1490, 2660"
C0018801,332,285,96,2,2.5,2.083333333333333,0.04956522247967089,"2920, 3553"
C0677776,333,11,65,4,28.57142857142857,6.153846153846154,7.365213626737097e-08,"4361, 4683, 83990, 10111"
C0677776,333,429,43,3,21.428571428571427,6.976744186046512,2.65000368929577e-06,"5888, 5889, 5892"
C0677776,333,206,82,2,14.285714285714285,2.4390243902439024,0.0012626778437253166,"11200, 79728"
C0677776,333,34,17,1,7.142857142857142,5.88235294117647,0.010987378837375168,672
C0677776,333,61,17,1,7.142857142857142,5.88235294117647,0.010987378837375168,580
C0677776,333,37,20,1,7.142857142857142,5.0,0.012914651999017155,5728
C0677776,333,177,26,1,7.142857142857142,3.8461538461538463,0.016758740534794793,7157
C0677776,333,308,61,1,7.142857142857142,1.639344262295082,0.03890694457652614,675
C1269683,334,202,139,4,9.75609756097561,2.877697841726619,0.00013929438569917652,"1394, 3356, 2773, 2766"
C1269683,334,22,57,2,4.878048780487805,3.508771929824561,0.005272082797701608,"11075, 526"
C1269683,334,255,58,2,4.878048780487805,3.4482758620689653,0.005453827742491543,"6648, 847"
C1269683,334,137,15,1,2.4390243902439024,6.666666666666667,0.028161330795519347,55068
C1269683,334,167,20,1,2.4390243902439024,5.0,0.03737534839497673,2917
C0037274,335,285,96,6,9.090909090909092,6.25,4.877867039908013e-07,"3553, 2920, 2921, 414062, 6351, 7130"
C0037274,335,301,70,5,7.575757575757576,7.142857142857142,2.3928930130714616e-06,"3552, 3554, 3557, 57162, 6364"
C0037274,335,188,8,1,1.5151515151515151,12.5,0.024236234535967953,8975
C0037274,335,287,11,1,1.5151515151515151,9.090909090909092,0.03317488630518818,2803
C0037274,335,145,16,1,1.5151515151515151,6.25,0.047893760992970255,6421
C0349788,336,35,59,3,30.0,5.084745762711865,2.3051734950791316e-06,"1824, 1832, 5318"
C0349788,336,275,19,1,10.0,5.263157894736842,0.008780792561604425,3757
C0349788,336,227,20,1,10.0,5.0,0.009241011341174665,4000
C0349788,336,41,40,1,10.0,2.5,0.01840509487160165,9531
C0349788,336,271,73,1,10.0,1.36986301369863,0.033359163215835506,79188
C0021368,337,285,96,10,9.090909090909092,10.416666666666668,6.17001109211469e-11,"3553, 7076, 2920, 6347, 6348, 6351, 2833, 6356, 3576, 4313"
C0021368,337,301,70,7,6.363636363636363,10.0,6.83324798813459e-08,"3552, 3557, 4615, 3665, 7097, 54106, 7099"
C0021368,337,471,22,4,3.6363636363636362,18.181818181818183,4.373450409985312e-06,"1395, 3586, 114131, 7349"
C0021368,337,372,176,6,5.454545454545454,3.4090909090909087,0.0002887522108002614,"1280, 2150, 623, 4982, 10747, 4318"
C0021368,337,347,66,4,3.6363636363636362,6.0606060606060606,0.0003626023217401034,"9536, 412, 3620, 5743"
C0021368,337,427,27,2,1.8181818181818181,7.4074074074074066,0.008333189402765439,"627, 4803"
C0021368,337,274,211,4,3.6363636363636362,1.8957345971563981,0.023042760369654285,"916, 10019, 3596, 1437"
C0021368,337,240,120,3,2.727272727272727,2.5,0.02359940438326285,"2056, 5465, 5468"
C0021368,337,252,52,2,1.8181818181818181,3.8461538461538463,0.028989858412774797,"1241, 1906"
C0021368,337,501,53,2,1.8181818181818181,3.7735849056603774,0.03002805888114548,"2625, 30009"
C0021368,337,267,68,2,1.8181818181818181,2.941176470588235,0.04726440102968545,"3952, 9948"
C0011882,338,372,176,2,15.384615384615385,1.1363636363636365,0.004872967768051211,"3082, 4318"
C0011882,338,427,27,1,7.6923076923076925,3.7037037037037033,0.01616507854171281,4908
C0011882,338,158,34,1,7.6923076923076925,2.941176470588235,0.020316467219321493,6446
C0011882,338,319,47,1,7.6923076923076925,2.127659574468085,0.02798331967276742,4311
C0011882,338,252,52,1,7.6923076923076925,1.9230769230769231,0.03091733278561178,1129
C0011882,338,255,58,1,7.6923076923076925,1.7241379310344827,0.034427356840961425,847
C0011882,338,301,70,1,7.6923076923076925,1.4285714285714286,0.041412224985404526,7099
C0011882,338,105,74,1,7.6923076923076925,1.3513513513513513,0.04373012973493374,836
C0011882,338,184,82,1,7.6923076923076925,1.2195121951219512,0.048350425982539504,7040
C0021364,339,202,139,4,8.88888888888889,2.877697841726619,0.00020088945734641442,"2488, 346562, 3972, 3973"
C0021364,339,430,39,2,4.444444444444445,5.128205128205128,0.003006029158823298,"596, 581"
C0021364,339,447,3,1,2.2222222222222223,33.33333333333333,0.00624969253190006,83756
C0021364,339,255,58,2,4.444444444444445,3.4482758620689653,0.006539338872907736,"6648, 2879"
C0021364,339,347,66,2,4.444444444444445,3.0303030303030303,0.008396559487712068,"1586, 1543"
C0021364,339,119,87,2,4.444444444444445,2.2988505747126435,0.014244431958751129,"217, 3948"
C0021364,339,262,10,1,2.2222222222222223,10.0,0.020684162634664337,4193
C0021364,339,381,11,1,2.2222222222222223,9.090909090909092,0.02272942242402899,2099
C0021364,339,240,120,2,4.444444444444445,1.6666666666666667,0.026034145615669028,"2516, 2796"
C0021364,339,112,14,1,2.2222222222222223,7.142857142857142,0.02884017484945256,29102
C0021364,339,229,14,1,2.2222222222222223,7.142857142857142,0.02884017484945256,23424
C0021364,339,173,15,1,2.2222222222222223,6.666666666666667,0.03086877774281815,196
C0021364,339,261,15,1,2.2222222222222223,6.666666666666667,0.03086877774281815,367
C0021364,339,159,20,1,2.2222222222222223,5.0,0.04094980541308704,4548
C0021364,339,254,21,1,2.2222222222222223,4.761904761904762,0.04295367126053148,6414
C0021364,339,329,21,1,2.2222222222222223,4.761904761904762,0.04295367126053148,5428
C0042373,340,173,15,1,6.25,6.666666666666667,0.011079196376358846,196
C0042373,340,132,24,1,6.25,4.166666666666666,0.0176713672497525,10398
C0042373,340,50,25,1,6.25,4.0,0.01840128217679489,6559
C0042373,340,245,27,1,6.25,3.7037037037037033,0.019859586903042983,5311
C0042373,340,36,43,1,6.25,2.3255813953488373,0.03145311933941605,79001
C0042373,340,219,49,1,6.25,2.0408163265306123,0.03576745250981829,10516
C0042373,340,154,55,1,6.25,1.8181818181818181,0.04006376384719354,2641
C0042373,340,255,58,1,6.25,1.7241379310344827,0.04220518330147003,6648
C0021361,341,347,66,3,11.11111111111111,4.545454545454546,7.606999702871911e-05,"3976, 1586, 1588"
C0021361,341,240,120,3,11.11111111111111,2.5,0.0004463004209763908,"8856, 7026, 2494"
C0021361,341,496,87,2,7.4074074074074066,2.2988505747126435,0.005292846053942146,"1050, 1051"
C0021361,341,13,92,2,7.4074074074074066,2.1739130434782608,0.005899705688145065,"5594, 5595"
C0021361,341,202,139,2,7.4074074074074066,1.4388489208633095,0.013038259141954268,"2488, 3972"
C0021361,341,381,11,1,3.7037037037037033,9.090909090909092,0.013694626792018995,2099
C0021361,341,261,15,1,3.7037037037037033,6.666666666666667,0.018629571046495555,367
C0021361,341,392,21,1,3.7037037037037033,4.761904761904762,0.025987431170935743,51094
C0021361,341,177,26,1,3.7037037037037033,3.8461538461538463,0.03207837450522913,7157
C0021361,341,465,30,1,3.7037037037037033,3.3333333333333335,0.036924704156704125,5617
C0021361,341,244,40,1,3.7037037037037033,2.5,0.04893851746503858,406
C0023418,342,423,99,4,12.5,4.040404040404041,1.363327820556431e-05,"329, 330, 8837, 8743"
C0023418,342,45,78,2,6.25,2.564102564102564,0.005975380685809994,"55512, 54541"
C0023418,342,381,11,1,3.125,9.090909090909092,0.016211878182100983,2099
C0023418,342,498,13,1,3.125,7.6923076923076925,0.01913200920767731,8877
C0023418,342,261,15,1,3.125,6.666666666666667,0.02204374263465239,367
C0023418,342,517,16,1,3.125,6.25,0.023496467555072544,4255
C0023418,342,341,18,1,3.125,5.555555555555555,0.026395648388183788,2944
C0023418,342,275,19,1,3.125,5.263157894736842,0.02784211012046374,2078
C0023418,342,37,20,1,3.125,5.0,0.029286489936423687,5728
C0023418,342,274,211,2,6.25,0.9478672985781991,0.03902153744679175,"3717, 5781"
C0023418,342,454,28,1,3.125,3.571428571428571,0.04076692665884572,10848
C0023418,342,120,34,1,3.125,2.941176470588235,0.04929082306603379,29072
C0009324,343,208,33,3,3.1914893617021276,9.090909090909092,0.00039843137439621323,"3593, 149233, 6774"
C0009324,343,285,96,4,4.25531914893617,4.166666666666666,0.0008289784849909825,"3576, 3577, 3579, 3553"
C0009324,343,226,58,3,3.1914893617021276,5.172413793103448,0.0020827806293861892,"4584, 5970, 4790"
C0009324,343,249,16,2,2.127659574468085,12.5,0.0021694354192506172,"2212, 55876"
C0009324,343,301,70,3,3.1914893617021276,4.285714285714286,0.003558450392025624,"7850, 1235, 6364"
C0009324,343,324,24,2,2.127659574468085,8.333333333333332,0.004877874860533438,"9966, 639"
C0009324,343,372,176,4,4.25531914893617,2.272727272727273,0.007404649954833251,"4485, 10747, 629, 4318"
C0009324,343,423,99,3,3.1914893617021276,3.0303030303030303,0.009312902006773292,"64127, 7124, 8767"
C0009324,343,202,139,3,3.1914893617021276,2.158273381294964,0.022969662469279093,"2768, 51738, 5739"
C0009324,343,149,56,2,2.127659574468085,3.571428571428571,0.02487298566988573,"3912, 3123"
C0009324,343,35,59,2,2.127659574468085,3.389830508474576,0.02740387028228414,"1001, 999"
C0009324,343,348,7,1,1.0638297872340425,14.285714285714285,0.0301314567284754,7412
C0021400,344,338,24,5,9.615384615384617,20.833333333333336,2.7520913266124734e-09,"9636, 3433, 3434, 3437, 10964"
C0021400,344,285,96,4,7.6923076923076925,4.166666666666666,8.487343681711041e-05,"7130, 3627, 6355, 6347"
C0021400,344,266,6,1,1.9230769230769231,16.666666666666664,0.014387914462090675,51191
C0021400,344,423,99,2,3.8461538461538463,2.0202020202020203,0.02385384027777494,"54739, 8743"
C0021400,344,3,12,1,1.9230769230769231,8.333333333333332,0.028572741584050876,4600
C0021400,344,229,14,1,1.9230769230769231,7.142857142857142,0.03325637375735092,23424
C0021400,344,34,17,1,1.9230769230769231,5.88235294117647,0.040240323964674564,7503
C0021400,344,187,18,1,1.9230769230769231,5.555555555555555,0.042557292541918625,64135
C0021400,344,247,18,1,1.9230769230769231,5.555555555555555,0.042557292541918625,4940
C0027707,345,285,96,3,30.0,3.125,1.0040398874150772e-05,"6354, 6346, 6347"
C0027707,345,372,176,2,20.0,1.1363636363636365,0.0028569394538095687,"7057, 1634"
C0027707,345,249,16,1,10.0,6.25,0.0073989815956096395,1401
C0027707,345,427,27,1,10.0,3.7037037037037033,0.012457161872101916,4803
C0027707,345,135,36,1,10.0,2.7777777777777777,0.01657840498822985,1559
C0027707,345,150,54,1,10.0,1.8518518518518516,0.024774486554146418,213
C0027707,345,347,66,1,10.0,1.5151515151515151,0.030204332908984208,1565
C1527336,346,208,33,2,16.666666666666664,6.0606060606060606,0.000148554905605668,"3592, 6775"
C1527336,346,249,16,1,8.333333333333332,6.25,0.008872605582586117,2212
C1527336,346,295,18,1,8.333333333333332,5.555555555555555,0.009976592570415204,10318
C1527336,346,324,24,1,8.333333333333332,4.166666666666666,0.013281793753149045,639
C1527336,346,211,31,1,8.333333333333332,3.225806451612903,0.017125076104516183,55023
C1527336,346,401,33,1,8.333333333333332,3.0303030303030303,0.018220633606476546,134728
C1527336,346,376,49,1,8.333333333333332,2.0408163265306123,0.026944878897964673,1609
C1527336,346,77,67,1,8.333333333333332,1.4925373134328357,0.03667467376113663,50618
C1527336,346,243,74,1,8.333333333333332,1.3513513513513513,0.040434336786323286,9232
C1527336,346,235,76,1,8.333333333333332,1.3157894736842104,0.041506053012822966,2969
C0455806,347,231,21,1,9.090909090909092,4.761904761904762,0.010666196673580784,10643
C0455806,347,220,31,1,9.090909090909092,3.225806451612903,0.015708895642477603,10903
C0455806,347,464,36,1,9.090909090909092,2.7777777777777777,0.01822147258095384,57169
C0455806,347,429,43,1,9.090909090909092,2.3255813953488373,0.021729285134563035,253461
C0455806,347,62,51,1,9.090909090909092,1.9607843137254901,0.025724259651865984,6499
C0455806,347,198,52,1,9.090909090909092,1.9230769230769231,0.026222587241553935,387103
C0455806,347,235,76,1,9.090909090909092,1.3157894736842104,0.038113154085434725,254251
C0455806,347,184,82,1,9.090909090909092,1.2195121951219512,0.041065096971841304,8200
C0455806,347,285,96,1,9.090909090909092,1.0416666666666665,0.047920962904237245,176
C0008074,348,141,147,7,12.5,4.761904761904762,1.0416435563787649e-07,"9378, 9379, 54221, 1742, 85358, 2904, 57502"
C0008074,348,312,56,3,5.357142857142857,5.357142857142857,0.00041748541206262175,"552, 4923, 5021"
C0008074,348,202,139,4,7.142857142857142,2.877697841726619,0.00046880506207488184,"9248, 4543, 4544, 1815"
C0008074,348,245,27,2,3.571428571428571,7.4074074074074066,0.002231469566150544,"151531, 1806"
C0008074,348,155,7,1,1.7857142857142856,14.285714285714285,0.018045736464665063,54674
C0008074,348,143,96,2,3.571428571428571,2.083333333333333,0.025863311492875747,"6262, 6662"
C0008074,348,10,15,1,1.7857142857142856,6.666666666666667,0.038278002083352414,6660
C0008074,348,163,15,1,1.7857142857142856,6.666666666666667,0.038278002083352414,10319
C0008074,348,240,120,2,3.571428571428571,1.6666666666666667,0.03893367576773145,"29123, 6907"
C0008074,348,265,19,1,1.7857142857142856,5.263157894736842,0.04824003185685743,3720
C0038587,349,180,35,5,9.433962264150944,14.285714285714285,2.2723110577426334e-08,"3274, 1133, 6869, 5368, 4987"
C0038587,349,202,139,6,11.320754716981133,4.316546762589928,1.1540057702096301e-06,"134, 2770, 1268, 1813, 2775, 2778"
C0038587,349,38,35,3,5.660377358490567,8.571428571428571,8.687292180537787e-05,"4852, 5972, 4887"
C0038587,349,244,40,3,5.660377358490567,7.5,0.00013000521742760363,"8864, 5187, 8863"
C0038587,349,312,56,3,5.660377358490567,5.357142857142857,0.0003547647289264165,"3060, 3061, 551"
C0038587,349,369,59,2,3.7735849056603774,3.389830508474576,0.009278434725491507,"114, 107"
C0038587,349,13,92,2,3.7735849056603774,2.1739130434782608,0.02156126918138926,"5594, 5595"
C0038587,349,326,97,2,3.7735849056603774,2.0618556701030926,0.023796486944660987,"4985, 2890"
C0038587,349,249,16,1,1.8867924528301887,6.25,0.0386336581503397,1401
C0038587,349,19,130,2,3.7735849056603774,1.5384615384615385,0.04071932256743057,"1139, 887"
C1955869,350,363,34,2,18.181818181818183,5.88235294117647,0.00013162247728685055,"3800, 3796"
C1955869,350,57,17,1,9.090909090909092,5.88235294117647,0.008642549551200059,347733
C1955869,350,158,34,1,9.090909090909092,2.941176470588235,0.017217142338094387,2475
C1955869,350,94,35,1,9.090909090909092,2.857142857142857,0.01771942414984372,10000
C1955869,350,66,47,1,9.090909090909092,2.127659574468085,0.023728630088332432,7283
C1955869,350,218,56,1,9.090909090909092,1.7857142857142856,0.02821358130611824,6505
C1955869,350,156,57,1,9.090909090909092,1.7543859649122806,0.028710751233360365,26128
C1955869,350,300,57,1,9.090909090909092,1.7543859649122806,0.028710751233360365,1778
C1955869,350,206,82,1,9.090909090909092,1.2195121951219512,0.041065096971841304,5290
C0002736,351,38,35,2,2.7777777777777777,5.714285714285714,0.006095479992652045,"283, 9619"
C0002736,351,255,58,2,2.7777777777777777,3.4482758620689653,0.016119198210583552,"6648, 6647"
C0002736,351,169,73,2,2.7777777777777777,2.73972602739726,0.024819433492629342,"4978, 1804"
C0002736,351,403,9,1,1.3888888888888888,11.11111111111111,0.029666789978133164,3178
C0002736,351,486,11,1,1.3888888888888888,9.090909090909092,0.03614060526719382,23435
C0002736,351,13,92,2,2.7777777777777777,2.1739130434782608,0.03796901050961213,"4744, 5321"
C0002736,351,410,236,3,4.166666666666666,1.2711864406779663,0.04451610864211166,"10562, 5445, 6487"
C0002736,351,83,102,2,2.7777777777777777,1.9607843137254901,0.04574314762066076,"10133, 8878"
C0002736,351,384,15,1,1.3888888888888888,6.666666666666667,0.048960725070416176,2670
C0008073,352,223,143,2,10.0,1.3986013986013985,0.007677260770602557,"9197, 6535"
C0008073,352,37,20,1,5.0,5.0,0.018400858674362145,5728
C0008073,352,427,27,1,5.0,3.7037037037037033,0.02476482125190343,4915
C0008073,352,91,34,1,5.0,2.941176470588235,0.03108957484866707,81704
C0008073,352,492,39,1,5.0,2.564102564102564,0.03558337735352529,4036
C0008073,352,41,40,1,5.0,2.5,0.036479758636773246,152330
C0008073,352,16,41,1,5.0,2.4390243902439024,0.03737534839497673,4204
C0008073,352,292,42,1,5.0,2.380952380952381,0.0382701472903151,10617
C0008073,352,396,47,1,5.0,2.127659574468085,0.042732301963703805,55738
C0009952,353,12,44,2,16.666666666666664,4.545454545454546,0.00026525688223069335,"6324, 6326"
C0009952,353,191,22,1,8.333333333333332,4.545454545454546,0.012181185609525965,7918
C0009952,353,338,24,1,8.333333333333332,4.166666666666666,0.013281793753149045,10964
C0009952,353,374,28,1,8.333333333333332,3.571428571428571,0.015479638512828735,6323
C0009952,353,408,39,1,8.333333333333332,2.564102564102564,0.021500593275061448,63982
C0009952,353,244,40,1,8.333333333333332,2.5,0.02204627562847252,1460
C0009952,353,376,49,1,8.333333333333332,2.0408163265306123,0.026944878897964673,3613
C0009952,353,149,56,1,8.333333333333332,1.7857142857142856,0.030739341978487,4179
C0008370,354,240,120,4,7.547169811320755,3.3333333333333335,0.00021660435774640974,"7376, 10062, 9971, 1582"
C0008370,354,496,87,3,5.660377358490567,3.4482758620689653,0.0012856374127652355,"3569, 4780, 1958"
C0008370,354,285,96,3,5.660377358490567,3.125,0.001706268598013765,"2920, 6354, 3576"
C0008370,354,372,176,3,5.660377358490567,1.7045454545454544,0.009293820134281757,"9002, 2243, 5054"
C0008370,354,348,7,1,1.8867924528301887,14.285714285714285,0.01708612745047392,7412
C0008370,354,259,94,2,3.7735849056603774,2.127659574468085,0.022444268892773185,"406891, 406884"
C0008370,354,352,14,1,1.8867924528301887,7.142857142857142,0.03388573487185438,644
C0020542,355,285,96,3,9.375,3.125,0.00038652782423291056,"3576, 6346, 6347"
C0020542,355,88,45,2,6.25,4.444444444444445,0.0020308819434759363,"538, 1317"
C0020542,355,252,52,2,6.25,3.8461538461538463,0.0027025990672386703,"1906, 1910"
C0020542,355,143,96,2,6.25,2.083333333333333,0.008924198824338083,"240, 7166"
C0020542,355,80,24,1,3.125,4.166666666666666,0.035043247978693216,3091
C0020542,355,220,31,1,3.125,3.225806451612903,0.04503808805175578,4093
C0238463,356,32,65,3,11.11111111111111,4.615384615384616,7.267288778426145e-05,"673, 3265, 4893"
C0238463,356,155,7,1,3.7037037037037033,14.285714285714285,0.008735790110207125,4914
C0238463,356,240,120,2,7.4074074074074066,1.6666666666666667,0.009848837381067082,"5468, 8031"
C0238463,356,3,12,1,3.7037037037037033,8.333333333333332,0.014930598437643034,5987
C0238463,356,370,158,2,7.4074074074074066,1.2658227848101267,0.016617259843390707,"5108, 23085"
C0238463,356,290,14,1,3.7037037037037033,7.142857142857142,0.017398068835036893,7849
C0238463,356,227,20,1,3.7037037037037033,5.0,0.02476482125190343,7175
C0455988,357,424,49,3,23.076923076923077,6.122448979591836,3.106288968294587e-06,"4758, 5476, 2990"
C0455988,357,500,58,2,15.384615384615385,3.4482758620689653,0.000544461465063684,"3040, 3039"
C0455988,357,125,40,1,7.6923076923076925,2.5,0.02386192422326765,127602
C0455988,357,238,46,1,7.6923076923076925,2.1739130434782608,0.027395533979016656,4703
C0455988,357,314,46,1,7.6923076923076925,2.1739130434782608,0.027395533979016656,1134
C0455988,357,81,63,1,7.6923076923076925,1.5873015873015872,0.037343408330689463,8323
C0455988,357,63,79,1,7.6923076923076925,1.2658227848101267,0.046620235112127366,29855
C0400966,358,347,66,2,4.761904761904762,3.0303030303030303,0.00734561190576752,"3976, 1586"
C0400966,358,274,211,3,7.142857142857142,1.4218009478672986,0.008015506205404331,"3565, 3562, 1437"
C0400966,358,301,70,2,4.761904761904762,2.857142857142857,0.008229710287313124,"3552, 929"
C0400966,358,240,120,2,4.761904761904762,1.6666666666666667,0.022887090798811,"5465, 5467"
C0400966,358,290,14,1,2.380952380952381,7.142857142857142,0.026941789799585118,8517
C0400966,358,341,18,1,2.380952380952381,5.555555555555555,0.034508408072384124,2944
C0400966,358,449,20,1,2.380952380952381,5.0,0.0382701472903151,5244
C0400966,358,44,22,1,2.380952380952381,4.545454545454546,0.04201757769090117,27087
C0400966,358,380,22,1,2.380952380952381,4.545454545454546,0.04201757769090117,7133
C0400966,358,471,22,1,2.380952380952381,4.545454545454546,0.04201757769090117,23411
C0400966,358,372,176,2,4.761904761904762,1.1363636363636365,0.04611607881418644,"284217, 2147"
C0400966,358,233,25,1,2.380952380952381,4.0,0.04761201037382968,7494
C0009319,359,471,22,2,8.333333333333332,9.090909090909092,0.0002706981237970479,"3586, 23411"
C0009319,359,285,96,2,8.333333333333332,2.083333333333333,0.005081902014467447,"3553, 7078"
C0009319,359,453,16,1,4.166666666666666,6.25,0.0176713672497525,3605
C0009319,359,283,29,1,4.166666666666666,3.4482758620689653,0.03180860816706902,7263
C0009319,359,345,31,1,4.166666666666666,3.225806451612903,0.033966187144886514,4282
C0009319,359,401,33,1,4.166666666666666,3.0303030303030303,0.03611915794610371,3458
C0009319,359,107,34,1,4.166666666666666,2.941176470588235,0.03719391822343569,3162
C0009319,359,47,39,1,4.166666666666666,2.564102564102564,0.042550515349752994,3479
C0009319,359,88,45,1,4.166666666666666,2.2222222222222223,0.048940737008997905,8174
C0699790,360,32,65,2,8.0,3.076923076923077,0.002568153814964885,"673, 4893"
C0699790,360,206,82,2,8.0,2.4390243902439024,0.004051289618872304,"5290, 2261"
C0699790,360,85,9,1,4.0,11.11111111111111,0.010391077136241933,4163
C0699790,360,302,12,1,4.0,8.333333333333332,0.013831676188246904,27030
C0699790,360,0,20,1,4.0,5.0,0.02295055718935007,324
C0699790,360,254,21,1,4.0,4.761904761904762,0.024084709395797873,2033
C0699790,360,385,32,1,4.0,3.125,0.036477261635159186,5782
C0699790,360,94,35,1,4.0,2.857142857142857,0.03983074163544316,207
C0699790,360,322,38,1,4.0,2.631578947368421,0.0431730153629933,699
C0699790,360,430,39,1,4.0,2.564102564102564,0.04428462252949388,581
C0699790,360,429,43,1,4.0,2.3255813953488373,0.048718666183295345,25788
C0020445,361,98,91,3,18.75,3.296703296703297,3.9161601495635234e-05,"336, 5444, 1071"
C0020445,361,161,39,2,12.5,5.128205128205128,0.0003766309820710498,"3990, 4023"
C0020445,361,168,29,1,6.25,3.4482758620689653,0.02131586032871432,2053
C0020445,361,389,31,1,6.25,3.225806451612903,0.022770105094862464,255738
C0020445,361,69,35,1,6.25,2.857142857142857,0.025672519196862816,26228
C0020445,361,135,36,1,6.25,2.7777777777777777,0.026396858927968225,348
C0020445,361,492,39,1,6.25,2.564102564102564,0.028566850273759374,3949
C0020445,361,49,64,1,6.25,1.5625,0.04647459358783282,338
C0003123,362,471,22,3,20.0,13.636363636363635,4.164207247407205e-07,"1392, 90226, 1395"
C0003123,362,423,99,3,20.0,3.0303030303030303,4.106954125543108e-05,"7132, 7124, 8797"
C0003123,362,38,35,2,13.333333333333334,5.714285714285714,0.0002653491235995421,"5697, 4852"
C0003123,362,338,24,1,6.666666666666667,4.166666666666666,0.016575731633709834,3440
C0003123,362,301,70,1,6.666666666666667,1.4285714285714286,0.04763146795234633,3557
C0149931,363,492,39,2,6.0606060606060606,5.128205128205128,0.0016253068201768158,"4035, 4326"
C0149931,363,405,52,2,6.0606060606060606,3.8461538461538463,0.0028725326478642103,"5592, 10335"
C0149931,363,184,82,2,6.0606060606060606,2.4390243902439024,0.0069913686536579814,"7040, 7048"
C0149931,363,381,11,1,3.0303030303030303,9.090909090909092,0.016714627048070637,2099
C0149931,363,126,17,1,3.0303030303030303,5.88235294117647,0.025717178456746967,79054
C0149931,363,316,17,1,3.0303030303030303,5.88235294117647,0.025717178456746967,9457
C0149931,363,215,25,1,3.0303030303030303,4.0,0.037596335663457506,79783
C0149931,363,310,31,1,3.0303030303030303,3.225806451612903,0.04641341066594369,221692
C0005695,364,331,35,3,2.7027027027027026,8.571428571428571,0.0007712561442843339,"27127, 8243, 10735"
C0005695,364,347,66,3,2.7027027027027026,4.545454545454546,0.004804094304942271,"5743, 7364, 5447"
C0005695,364,518,1,1,0.9009009009009009,100.0,0.005149139490652688,255022
C0005695,364,210,68,3,2.7027027027027026,4.411764705882353,0.005222493056784769,"4297, 7403, 58508"
C0005695,364,206,82,3,2.7027027027027026,3.6585365853658534,0.008762203931955244,"2261, 10, 3845"
C0005695,364,423,99,3,2.7027027027027026,3.0303030303030303,0.014574919208948245,"330, 355, 7124"
C0005695,364,47,39,2,1.8018018018018018,5.128205128205128,0.017198784567939007,"3486, 3479"
C0005695,364,255,58,2,1.8018018018018018,3.4482758620689653,0.03602433188067268,"6648, 2876"
C0005695,364,129,59,2,1.8018018018018018,3.389830508474576,0.03716543549701833,"2026, 119391"
C0005695,364,49,64,2,1.8018018018018018,3.125,0.0430744167503306,"267, 5646"
C0005695,364,32,65,2,1.8018018018018018,3.076923076923077,0.044295738381821194,"9649, 3265"
C0005695,364,491,9,1,0.9009009009009009,11.11111111111111,0.04540739748432224,7874
C0018784,365,372,176,2,18.181818181818183,1.1363636363636365,0.003473120297361426,"1280, 1297"
C0018784,365,190,28,1,9.090909090909092,3.571428571428571,0.014198545004062093,60
C0018784,365,492,39,1,9.090909090909092,2.564102564102564,0.019726218566256292,4036
C0018784,365,468,41,1,9.090909090909092,2.4390243902439024,0.02072821744160751,1302
C0018784,365,67,62,1,9.090909090909092,1.6129032258064515,0.031193134177699432,2706
C0018784,365,332,68,1,9.090909090909092,1.4705882352941175,0.03416437975139368,2707
C0018784,365,206,82,1,9.090909090909092,1.2195121951219512,0.041065096971841304,2248
C0018784,365,423,99,1,9.090909090909092,1.0101010101010102,0.04938426702457444,8772
C0524620,366,161,39,3,6.8181818181818175,7.6923076923076925,6.887577286710404e-05,"3992, 9415, 4023"
C0524620,366,276,21,2,4.545454545454546,9.523809523809524,0.0008342006073136494,"3929, 8647"
C0524620,366,98,91,2,4.545454545454546,2.197802197802198,0.014861532324486578,"5444, 1071"
C0524620,366,240,120,2,4.545454545454546,1.6666666666666667,0.024966538942109096,"8856, 10062"
C0524620,366,163,15,1,2.272727272727273,6.666666666666667,0.03019257677836294,2590
C0524620,366,249,16,1,2.272727272727273,6.25,0.032173429374303536,1401
C0524620,366,141,147,2,4.545454545454546,1.3605442176870748,0.036251201535522415,"19, 3358"
C0524620,366,471,22,1,2.272727272727273,4.545454545454546,0.043975776830786316,23411
C0524620,366,80,24,1,2.272727272727273,4.166666666666666,0.04787854601305654,7021
C0524620,366,263,24,1,2.272727272727273,4.166666666666666,0.04787854601305654,57761
C0018781,367,275,19,2,9.090909090909092,10.526315789473683,0.00016823440286252474,"3753, 9132"
C0018781,367,303,29,1,4.545454545454546,3.4482758620689653,0.029195650406698803,57551
C0023467,368,496,87,5,4.3478260869565215,5.747126436781609,0.00010323608575468101,"6688, 2624, 60468, 1050, 1052"
C0023467,368,274,211,6,5.217391304347826,2.843601895734597,0.0009506731823307002,"3717, 3815, 4233, 2322, 1436, 1437"
C0023467,368,206,82,3,2.608695652173913,3.6585365853658534,0.009648314441810968,"7490, 3845, 79870"
C0023467,368,418,94,3,2.608695652173913,3.1914893617021276,0.013948145603052997,"862, 861, 3398"
C0023467,368,158,34,2,1.7391304347826086,5.88235294117647,0.014159932091395095,"1978, 6446"
C0023467,368,319,47,2,1.7391304347826086,4.25531914893617,0.026089550592944193,"309, 302"
C0023467,368,149,56,2,1.7391304347826086,3.571428571428571,0.03603747505549705,"928, 481"
C0023467,368,156,57,2,1.7391304347826086,3.508771929824561,0.03722031456378498,"4026, 6455"
C0023467,368,369,59,2,1.7391304347826086,3.389830508474576,0.039630188102658934,"113, 5142"
C0023467,368,458,64,2,1.7391304347826086,3.125,0.045903985877419236,"1021, 3005"
C0376358,369,108,84,3,3.8461538461538463,3.571428571428571,0.003518101187675758,"10481, 23394, 116113"
C0376358,369,385,32,2,2.564102564102564,6.25,0.005975380685809994,"4739, 64759"
C0376358,369,509,45,2,2.564102564102564,4.444444444444445,0.011570669202910932,"23112, 4316"
C0376358,369,382,167,3,3.8461538461538463,1.7964071856287425,0.02274717928953713,"11074, 81603, 220972"
C0376358,369,486,11,1,1.282051282051282,9.090909090909092,0.03909805165753958,22853
C0376358,369,418,94,2,2.564102564102564,2.127659574468085,0.04561605388197838,"22834, 10611"
C1319853,370,502,31,2,15.384615384615385,6.451612903225806,0.00015457382142869877,"10800, 57105"
C1319853,370,347,66,2,15.384615384615385,3.0303030303030303,0.0007045955923870025,"5732, 5743"
C1319853,370,202,139,2,15.384615384615385,1.4388489208633095,0.0030732469337332417,"6915, 5739"
C1319853,370,467,19,1,7.6923076923076925,5.263157894736842,0.011400753870553029,4056
C1319853,370,478,38,1,7.6923076923076925,2.631578947368421,0.022681423378326643,10631
C1319853,370,125,40,1,7.6923076923076925,2.5,0.02386192422326765,11251
C1319853,370,386,42,1,7.6923076923076925,2.380952380952381,0.025041108708132344,3115
C1319853,370,501,53,1,7.6923076923076925,1.8867924528301887,0.03150315350980555,30009
C0265275,371,406,27,2,20.0,7.4074074074074066,6.756258328948453e-05,"57728, 9742"
C0265275,371,164,36,2,20.0,5.555555555555555,0.00012099636958736122,"26160, 57560"
C0265275,371,251,41,1,10.0,2.4390243902439024,0.018861289929057803,79809
C0265275,371,66,47,1,10.0,2.127659574468085,0.02159445546573483,79659
C0265275,371,300,57,1,10.0,1.7543859649122806,0.02613450706492396,55112
C0007134,372,423,99,8,6.299212598425196,8.080808080808081,1.2700409521866647e-07,"8738, 835, 8743, 55367, 91662, 84433, 79444, 317"
C0007134,372,274,211,7,5.511811023622047,3.3175355450236967,0.00025814199533420794,"2886, 4233, 4585, 3596, 238, 3566, 2064"
C0007134,372,286,25,3,2.3622047244094486,12.0,0.00041773772541542174,"8633, 1612, 120892"
C0007134,372,337,26,2,1.574803149606299,7.6923076923076925,0.010203230528427469,"56776, 3329"
C0007134,372,297,30,2,1.574803149606299,6.666666666666667,0.013449089838657743,"3570, 7428"
C0007134,372,489,3,1,0.7874015748031495,33.33333333333333,0.017570963881509877,9820
C0007134,372,212,39,2,1.574803149606299,5.128205128205128,0.02213621891077053,"7030, 4286"
C0007134,372,65,4,1,0.7874015748031495,25.0,0.02335961042447398,4074
C0007134,372,356,47,2,1.574803149606299,4.25531914893617,0.03132590023688036,"1410, 3315"
C0007134,372,348,7,1,0.7874015748031495,14.285714285714285,0.0405232895804992,353
C0007134,372,156,57,2,1.574803149606299,3.508771929824561,0.04453206770556512,"210, 23532"
C0007134,372,129,59,2,1.574803149606299,3.389830508474576,0.047381845349408806,"2952, 8407"
C0007137,373,398,21,3,3.488372093023256,14.285714285714285,7.740414110875368e-05,"5223, 2597, 51151"
C0007137,373,347,66,4,4.651162790697675,6.0606060606060606,0.00014091492085917875,"1544, 1545, 5731, 5743"
C0007137,373,150,54,3,3.488372093023256,5.555555555555555,0.001312826072752757,"3848, 3858, 3861"
C0007137,373,206,82,3,3.488372093023256,3.6585365853658534,0.004326317009486706,"5290, 2260, 3845"
C0007137,373,496,87,3,3.488372093023256,3.4482758620689653,0.005104677707547091,"3569, 1050, 4780"
C0007137,373,481,110,3,3.488372093023256,2.727272727272727,0.009734950802048456,"3713, 6317, 4014"
C0007137,373,46,3,1,1.1627906976744187,33.33333333333333,0.01192113797758139,3312
C0007137,373,319,47,2,2.3255813953488373,4.25531914893617,0.015138271284437805,"301, 302"
C0007137,373,356,47,2,2.3255813953488373,4.25531914893617,0.015138271284437805,"1410, 3315"
C0007137,373,149,56,2,2.3255813953488373,3.571428571428571,0.021074201302506295,"3688, 3678"
C0007137,373,255,58,2,2.3255813953488373,3.4482758620689653,0.022505066728986996,"6648, 2876"
C0007137,373,267,68,2,2.3255813953488373,2.941176470588235,0.030232008516723332,"7372, 7167"
C0007137,373,24,73,2,2.3255813953488373,2.73972602739726,0.034435348048852045,"3065, 3066"
C0007137,373,371,9,1,1.1627906976744187,11.11111111111111,0.03534360851357687,10399
C0007137,373,448,10,1,1.1627906976744187,10.0,0.03919363866337418,1956
C0007131,374,274,211,7,5.982905982905983,3.3175355450236967,0.00015554544730076025,"3815, 4233, 238, 558, 2064, 6098, 9180"
C0007131,374,465,30,3,2.564102564102564,10.0,0.0005684555683697812,"5744, 8434, 374"
C0007131,374,345,31,3,2.564102564102564,9.67741935483871,0.0006268806277359659,"1728, 3956, 5478"
C0007131,374,206,82,4,3.418803418803419,4.878048780487805,0.0010404388329947447,"5290, 2260, 3845, 2254"
C0007131,374,97,43,3,2.564102564102564,6.976744186046512,0.0016415474135584055,"2305, 5925, 2309"
C0007131,374,255,58,3,2.564102564102564,5.172413793103448,0.0038693372009970493,"6648, 5052, 847"
C0007131,374,32,65,3,2.564102564102564,4.615384615384616,0.0053292048528046,"673, 4893, 5894"
C0007131,374,398,21,2,1.7094017094017095,9.523809523809524,0.0057334333521340975,"26227, 5223"
C0007131,374,324,24,2,1.7094017094017095,8.333333333333332,0.007455912810993849,"3659, 356"
C0007131,374,149,56,2,1.7094017094017095,3.571428571428571,0.037185474183799916,"928, 3688"
C0007131,374,129,59,2,1.7094017094017095,3.389830508474576,0.0408853900387796,"2026, 2023"
C0007131,374,49,64,2,1.7094017094017095,3.125,0.04734396617214514,"4320, 55829"
C0677050,375,225,11,1,9.090909090909092,9.090909090909092,0.005600022590609272,5071
C0677050,375,131,30,1,9.090909090909092,3.3333333333333335,0.015205679331456378,3064
C0677050,375,325,30,1,9.090909090909092,3.3333333333333335,0.015205679331456378,23400
C0677050,375,401,33,1,9.090909090909092,3.0303030303030303,0.016714627048070637,3458
C0677050,375,88,45,1,9.090909090909092,2.2222222222222223,0.02272942242402899,1317
C0677050,375,347,66,1,9.090909090909092,1.5151515151515151,0.03317488630518818,1565
C0677050,375,285,96,1,9.090909090909092,1.0416666666666665,0.047920962904237245,3553
C0677050,375,423,99,1,9.090909090909092,1.0101010101010102,0.04938426702457444,7124
C0242698,376,369,59,2,13.333333333333334,3.389830508474576,0.0007557218233721993,"4879, 111"
C0242698,376,275,19,1,6.666666666666667,5.263157894736842,0.013143748538032372,55600
C0242698,376,380,22,1,6.666666666666667,4.545454545454546,0.01520427735315438,488
C0242698,376,362,30,1,6.666666666666667,3.3333333333333335,0.020679406503212722,1440
C0242698,376,460,31,1,6.666666666666667,3.225806451612903,0.02136179647406104,7139
C0242698,376,492,39,1,6.666666666666667,2.564102564102564,0.026804961568028852,3630
C0242698,376,255,58,1,6.666666666666667,1.7241379310344827,0.039619440452442166,6648
C0242698,376,54,61,1,6.666666666666667,1.639344262295082,0.04162832397497725,478
C0242698,376,11,65,1,6.666666666666667,1.5384615384615385,0.044300734893644195,472
C0007138,377,210,68,3,9.67741935483871,4.411764705882353,0.00012666623634078526,"4297, 7403, 58508"
C0007138,377,423,99,2,6.451612903225806,2.0202020202020203,0.008902230460159664,"7124, 317"
C0007138,377,240,120,2,6.451612903225806,1.6666666666666667,0.012860310651566955,"9611, 7421"
C0007138,377,262,10,1,3.225806451612903,10.0,0.014290740584145057,8836
C0007138,377,229,14,1,3.225806451612903,7.142857142857142,0.019951523867641183,10460
C0007138,377,254,21,1,3.225806451612903,4.761904761904762,0.029782280836302903,2033
C0007138,377,80,24,1,3.225806451612903,4.166666666666666,0.033966187144886514,1387
C0007138,377,338,24,1,3.225806451612903,4.166666666666666,0.033966187144886514,3440
C0007138,377,286,25,1,3.225806451612903,4.0,0.035356938466045144,1612
C0007138,377,177,26,1,3.225806451612903,3.8461538461538463,0.03674575208798235,7157
C0007138,377,362,30,1,3.225806451612903,3.3333333333333335,0.042281681730185046,1440
C0007138,377,180,35,1,3.225806451612903,2.857142857142857,0.0491583077321676,3274
C0007138,377,331,35,1,3.225806451612903,2.857142857142857,0.0491583077321676,10735
C0026691,378,201,89,2,15.384615384615385,2.247191011235955,0.001276316687494383,"79934, 958"
C0026691,378,249,16,1,7.6923076923076925,6.25,0.009608648205499948,2212
C0026691,378,324,24,1,7.6923076923076925,4.166666666666666,0.014380946083152506,8190
C0026691,378,376,49,1,7.6923076923076925,2.0408163265306123,0.029157907486221796,80271
C0026691,378,198,52,1,7.6923076923076925,1.9230769230769231,0.03091733278561178,79682
C0026691,378,353,61,1,7.6923076923076925,1.639344262295082,0.03617796462117392,640
C0026691,378,487,68,1,7.6923076923076925,1.4705882352941175,0.04025132881508071,90390
C0026691,378,271,73,1,7.6923076923076925,1.36986301369863,0.043151139081799454,100529262
C0040336,379,173,15,1,9.090909090909092,6.666666666666667,0.007629315521075923,196
C0040336,379,427,27,1,9.090909090909092,3.7037037037037033,0.013694626792018995,627
C0040336,379,158,34,1,9.090909090909092,2.941176470588235,0.017217142338094387,57521
C0040336,379,129,59,1,9.090909090909092,1.694915254237288,0.029704397459168124,3936
C0040336,379,347,66,1,9.090909090909092,1.5151515151515151,0.03317488630518818,1548
C0033687,380,450,32,2,5.263157894736842,6.25,0.0014515026490757301,"7827, 4868"
C0033687,380,105,74,2,5.263157894736842,2.7027027027027026,0.007544818279189227,"1536, 387"
C0033687,380,481,110,2,5.263157894736842,1.8181818181818181,0.0160939384787202,"1514, 1508"
C0033687,380,439,22,1,2.631578947368421,4.545454545454546,0.03808968751520294,94025
C0033687,380,136,29,1,2.631578947368421,3.4482758620689653,0.04991011492320264,7422
C0011881,381,372,176,4,10.256410256410255,2.272727272727273,0.00028254596670931344,"3816, 1282, 7045, 5054"
C0011881,381,136,29,2,5.128205128205128,6.896551724137931,0.0012554816523894096,"7422, 3791"
C0011881,381,218,56,2,5.128205128205128,3.571428571428571,0.004617825606612556,"1636, 183"
C0011881,381,353,61,2,5.128205128205128,3.278688524590164,0.005456282430082476,"7416, 7417"
C0011881,381,184,82,2,5.128205128205128,2.4390243902439024,0.009668328404286896,"7040, 7048"
C0011881,381,119,87,2,5.128205128205128,2.2988505747126435,0.010829450608106665,"84735, 8639"
C0011881,381,178,19,1,2.564102564102564,5.263157894736842,0.033833889085084334,2621
C0011881,381,257,28,1,2.564102564102564,3.571428571428571,0.04946860282455645,9844
C0007959,382,77,67,2,6.666666666666667,2.9850746268656714,0.003913385068076811,"1785, 59341"
C0007959,382,326,97,2,6.666666666666667,2.0618556701030926,0.008030751679914773,"2705, 26353"
C0007959,382,189,13,1,3.3333333333333335,7.6923076923076925,0.017946229440794614,3508
C0007959,382,340,14,1,3.3333333333333335,7.142857142857142,0.01931373840462566,4359
C0007959,382,163,15,1,3.3333333333333335,6.666666666666667,0.020679406503212722,3908
C0007959,382,227,20,1,3.3333333333333335,5.0,0.02748021765820601,4000
C0007959,382,329,21,1,3.3333333333333335,4.761904761904762,0.0288348907078533,5428
C0007959,382,406,27,1,3.3333333333333335,3.7037037037037033,0.036924704156704125,9896
C0007959,382,474,28,1,3.3333333333333335,3.571428571428571,0.03826665765764698,1639
C0007959,382,283,29,1,3.3333333333333335,3.4482758620689653,0.03960680351998473,9639
C0007959,382,513,32,1,3.3333333333333335,3.125,0.04361641877134895,54332
C0007959,382,377,35,1,3.3333333333333335,2.857142857142857,0.04760984973712882,9927
C0029172,383,285,96,3,20.0,3.125,3.7458824250528785e-05,"4312, 4313, 7076"
C0029172,383,372,176,3,20.0,1.7045454545454544,0.0002264664317002155,"1278, 1277, 4318"
C0029172,383,401,33,1,6.666666666666667,3.0303030303030303,0.02272524525302546,3458
C0029172,383,100,40,1,6.666666666666667,2.5,0.027483366883415024,4015
C0029172,383,81,63,1,6.666666666666667,1.5873015873015872,0.04296540004790609,100507436
C0029172,383,347,66,1,6.666666666666667,1.5151515151515151,0.044967750014461016,5743
C0001430,384,430,39,2,6.25,5.128205128205128,0.0015285468521993974,"596, 598"
C0001430,384,85,9,1,3.125,11.11111111111111,0.013283326122231614,776
C0001430,384,202,139,2,6.25,1.4388489208633095,0.01804261042206659,"3762, 7253"
C0001430,384,173,15,1,3.125,6.666666666666667,0.02204374263465239,9049
C0001430,384,422,17,1,3.125,5.88235294117647,0.024947101835664783,6573
C0001430,384,265,19,1,3.125,5.263157894736842,0.02784211012046374,23512
C0001430,384,0,20,1,3.125,5.0,0.029286489936423687,324
C0001430,384,254,21,1,3.125,4.761904761904762,0.03072879073607239,6414
C0001430,384,93,192,2,6.25,1.0416666666666665,0.032859980795915913,"2697, 489"
C0001430,384,420,24,1,3.125,4.166666666666666,0.035043247978693216,7296
C0001430,384,177,26,1,3.125,3.8461538461538463,0.0379092107168829,7157
C0001430,384,359,28,1,3.125,3.571428571428571,0.04076692665884572,4552
C0001430,384,297,30,1,3.125,3.3333333333333335,0.04361641877134895,7428
C0001430,384,465,30,1,3.125,3.3333333333333335,0.04361641877134895,5617
C0027947,385,137,15,1,7.6923076923076925,6.666666666666667,0.009010613574382454,54658
C0027947,385,338,24,1,7.6923076923076925,4.166666666666666,0.014380946083152506,3440
C0027947,385,245,27,1,7.6923076923076925,3.7037037037037033,0.01616507854171281,1806
C0027947,385,362,30,1,7.6923076923076925,3.3333333333333335,0.017946229440794614,1440
C0027947,385,376,49,1,7.6923076923076925,2.0408163265306123,0.029157907486221796,2213
C0027947,385,48,71,1,7.6923076923076925,1.4084507042253522,0.04199218687283367,4524
C1843367,386,486,11,1,7.6923076923076925,9.090909090909092,0.006615140129897186,5813
C1843367,386,195,17,1,7.6923076923076925,5.88235294117647,0.01020634968515867,92154
C1843367,386,441,22,1,7.6923076923076925,4.545454545454546,0.013189865763463786,1859
C1843367,386,397,25,1,7.6923076923076925,4.0,0.014975988469300231,57102
C1843367,386,478,38,1,7.6923076923076925,2.631578947368421,0.022681423378326643,9871
C1843367,386,314,46,1,7.6923076923076925,2.1739130434782608,0.027395533979016656,283635
C1843367,386,55,50,1,7.6923076923076925,2.0,0.029744709941246863,93649
C1843367,386,77,67,1,7.6923076923076925,1.4925373134328357,0.039670394200124984,27245
C1843367,386,332,68,1,7.6923076923076925,1.4705882352941175,0.04025132881508071,1911
C1843367,386,445,71,1,7.6923076923076925,1.4084507042253522,0.04199218687283367,54617
C1843367,386,63,79,1,7.6923076923076925,1.2658227848101267,0.046620235112127366,8208
C0032273,387,248,6,1,7.142857142857142,16.666666666666664,0.0038907754835604737,64699
C0032273,387,245,27,1,7.142857142857142,3.7037037037037033,0.017398068835036893,761
C0032273,387,454,28,1,7.142857142857142,3.571428571428571,0.01803701110332809,4194
C0032273,387,208,33,1,7.142857142857142,3.0303030303030303,0.021225939492604706,9466
C0032273,387,401,33,1,7.142857142857142,3.0303030303030303,0.021225939492604706,759
C0032273,387,464,36,1,7.142857142857142,2.7777777777777777,0.023134677896685333,64711
C0032273,387,47,39,1,7.142857142857142,2.564102564102564,0.025039959405694093,64072
C0032273,387,309,46,1,7.142857142857142,2.1739130434782608,0.02947220523026828,5803
C0032273,387,11,65,1,7.142857142857142,1.5384615384615385,0.04140845198872227,545
C0032273,387,301,70,1,7.142857142857142,1.4285714285714286,0.04452683435464987,148022
C0032273,387,205,73,1,7.142857142857142,1.36986301369863,0.04639333954814871,8290
C0007222,388,38,35,2,3.8461538461538463,5.714285714285714,0.0032270860957549757,"4852, 9159"
C0007222,388,135,36,2,3.8461538461538463,5.555555555555555,0.00341165861062563,"348, 4846"
C0007222,388,218,56,2,3.8461538461538463,3.571428571428571,0.008087183326722822,"1636, 183"
C0007222,388,347,66,2,3.8461538461538463,3.0303030303030303,0.01109292588531542,"1557, 5743"
C0007222,388,348,7,1,1.9230769230769231,14.285714285714285,0.016766079208412023,7412
C0007222,388,98,91,2,3.8461538461538463,2.197802197802198,0.020383411008334715,"5444, 1071"
C0007222,388,444,13,1,1.9230769230769231,7.6923076923076925,0.03091733278561178,590
C0007222,388,249,16,1,1.9230769230769231,6.25,0.03791785650905371,1401
C0007222,388,159,20,1,1.9230769230769231,5.0,0.047174784091972434,875
C1561955,389,372,176,3,13.636363636363635,1.7045454545454544,0.0007349535402322331,"3083, 2244, 2243"
C1561955,389,390,109,2,9.090909090909092,1.834862385321101,0.005477949896551343,"9855, 6583"
C1561955,389,409,24,1,4.545454545454546,4.166666666666666,0.02422065599088576,114548
C1561955,389,142,25,1,4.545454545454546,4.0,0.025217597688196872,5339
C1561955,389,297,30,1,4.545454545454546,3.3333333333333335,0.030187739578524005,3570
C1561955,389,39,31,1,4.545454545454546,3.225806451612903,0.031178860948397766,54798
C1561955,389,459,32,1,4.545454545454546,3.125,0.0321690154155136,80205
C1561955,389,64,34,1,4.545454545454546,2.941176470588235,0.0341464272342775,54543
C1561955,389,376,49,1,4.545454545454546,2.0408163265306123,0.04885457271773875,146722
C1561955,389,323,50,1,4.545454545454546,2.0,0.04982747579567296,57609
C0011860,390,255,58,4,2.312138728323699,6.896551724137931,0.001212726164392031,"6648, 6647, 2876, 847"
C0011860,390,240,120,5,2.8901734104046244,4.166666666666666,0.0028489872990516245,"3172, 10891, 5465, 5468, 5629"
C0011860,390,423,99,4,2.312138728323699,4.040404040404041,0.008351440328925966,"841, 355, 7124, 7132"
C0011860,390,252,52,3,1.7341040462427744,5.769230769230769,0.008416359697101503,"1906, 1909, 1910"
C0011860,390,159,20,2,1.1560693641618496,10.0,0.011064757111078613,"635, 875"
C0011860,390,500,58,3,1.7341040462427744,5.172413793103448,0.011347782915672958,"3240, 6462, 3039"
C0011860,390,380,22,2,1.1560693641618496,9.090909090909092,0.013312165253048373,"488, 7133"
C0011860,390,267,68,3,1.7341040462427744,4.411764705882353,0.017392470871531427,"3952, 3098, 2645"
C0011860,390,38,35,2,1.1560693641618496,5.714285714285714,0.03204161427797021,"5126, 3375"
C0011860,390,161,39,2,1.1560693641618496,5.128205128205128,0.03908486666987753,"1374, 3990"
C0011860,390,430,39,2,1.1560693641618496,5.128205128205128,0.03908486666987753,"596, 598"
C0011860,390,326,97,3,1.7341040462427744,3.0927835051546393,0.043305834186949825,"5066, 5579, 2557"
C0040034,391,372,176,3,13.043478260869565,1.7045454545454544,0.0008401446715158526,"3674, 2812, 3690"
C0040034,391,274,211,3,13.043478260869565,1.4218009478672986,0.00141690723758163,"3562, 1437, 5175"
C0040034,391,249,16,1,4.3478260869565215,6.25,0.016940943505724074,2212
C0040034,391,480,22,1,4.3478260869565215,4.545454545454546,0.02322274107975706,2623
C0040034,391,338,24,1,4.3478260869565215,4.166666666666666,0.025308127746456605,3440
C0040034,391,427,27,1,4.3478260869565215,3.7037037037037033,0.02842822462196778,7498
C0040034,391,362,30,1,4.3478260869565215,3.3333333333333335,0.03153876664203199,1440
C0040034,391,430,39,1,4.3478260869565215,2.564102564102564,0.04081334252345107,54205
C0040034,391,23,47,1,4.3478260869565215,2.127659574468085,0.04898603487893911,3704
C0036920,392,505,57,3,11.538461538461538,5.263157894736842,4.3644167412441214e-05,"8289, 65980, 6597"
C0036920,392,210,68,2,7.6923076923076925,2.941176470588235,0.003034357581653942,"58508, 8085"
C0036920,392,423,99,2,7.6923076923076925,2.0202020202020203,0.006315314955306308,"84433, 8915"
C0036920,392,37,20,1,3.8461538461538463,5.0,0.023858089645982666,5728
C0036920,392,380,22,1,3.8461538461538463,4.545454545454546,0.02621356707566018,7133
C0036920,392,80,24,1,3.8461538461538463,4.166666666666666,0.028563578728317468,1387
C0036920,392,177,26,1,3.8461538461538463,3.8461538461538463,0.030908136780845787,7157
C1112705,393,356,47,5,41.66666666666667,10.638297872340425,3.097658063875067e-11,"1409, 1415, 2700, 1421, 4284"
C1112705,393,233,25,1,8.333333333333332,4.0,0.013831676188246904,7466
C1112705,393,368,26,1,8.333333333333332,3.8461538461538463,0.014381277706254572,4810
C1112705,393,224,27,1,8.333333333333332,3.7037037037037033,0.014930598437643034,146862
C1112705,393,30,89,1,8.333333333333332,1.1235955056179776,0.04844550670110406,1414
C0011884,394,249,16,1,5.263157894736842,6.25,0.014014153736146635,1401
C0011884,394,471,22,1,5.263157894736842,4.545454545454546,0.01922133118971474,23411
C0011884,394,299,25,1,5.263157894736842,4.0,0.02181513971757643,285600
C0011884,394,477,25,1,5.263157894736842,4.0,0.02181513971757643,3383
C0011884,394,136,29,1,5.263157894736842,3.4482758620689653,0.025263443315985724,7422
C0011884,394,296,41,1,5.263157894736842,2.4390243902439024,0.03553938939065959,84898
C0011884,394,219,49,1,5.263157894736842,2.0408163265306123,0.042332911597360565,58504
C0011884,394,218,56,1,5.263157894736842,1.7857142857142856,0.04824003185685743,183
C0011884,394,312,56,1,5.263157894736842,1.7857142857142856,0.04824003185685743,185
C0011884,394,255,58,1,5.263157894736842,1.7241379310344827,0.04992142989256558,6647
C1384666,395,86,7,1,2.3255813953488373,14.285714285714285,0.013881623138963286,64374
C1384666,395,111,19,1,2.3255813953488373,5.263157894736842,0.037242037292066314,6103
C1384666,395,324,24,1,2.3255813953488373,4.166666666666666,0.046815218191014356,285590
C1384666,395,442,24,1,2.3255813953488373,4.166666666666666,0.046815218191014356,1687
C0033975,396,202,139,3,15.0,2.158273381294964,0.0002759766951268012,"1816, 3356, 3351"
C0033975,396,155,7,1,5.0,14.285714285714285,0.0064772610418548935,4914
C0033975,396,5,437,3,15.0,0.6864988558352403,0.007298280506073469,"6616, 10814, 10815"
C0033975,396,128,18,1,5.0,5.555555555555555,0.016575349819968506,274
C0033975,396,449,20,1,5.0,5.0,0.018400858674362145,7447
C0033975,396,324,24,1,5.0,4.166666666666666,0.022042223211931163,2908
C0033975,396,427,27,1,5.0,3.7037037037037033,0.02476482125190343,627
C0033975,396,64,34,1,5.0,2.941176470588235,0.03108957484866707,10452
C0033975,396,350,35,1,5.0,2.857142857142857,0.031989923708167466,54504
C0003469,397,471,22,3,8.108108108108109,13.636363636363635,7.008484690577618e-06,"1392, 1395, 7349"
C0003469,397,202,139,4,10.81081081081081,2.877697841726619,9.267581812687212e-05,"1394, 1268, 1813, 2782"
C0003469,397,38,35,2,5.405405405405405,5.714285714285714,0.001645763102549181,"4852, 4886"
C0003469,397,326,97,2,5.405405405405405,2.0618556701030926,0.012047292240816174,"5066, 2555"
C0003469,397,249,16,1,2.7027027027027026,6.25,0.027120693798892075,1401
C0003469,397,365,16,1,2.7027027027027026,6.25,0.027120693798892075,9607
C0003469,397,338,24,1,2.7027027027027026,4.166666666666666,0.040411312660927144,3440
C0003469,397,374,28,1,2.7027027027027026,3.571428571428571,0.04699020749536684,2918
C1261502,398,368,26,1,6.666666666666667,3.8461538461538463,0.01794540315124074,10260
C1261502,398,64,34,1,6.666666666666667,2.941176470588235,0.023406304597069542,100287932
C1261502,398,120,34,1,6.666666666666667,2.941176470588235,0.023406304597069542,55692
C1261502,398,47,39,1,6.666666666666667,2.564102564102564,0.026804961568028852,3077
C1261502,398,125,40,1,6.666666666666667,2.5,0.027483366883415024,7037
C1261502,398,60,44,1,6.666666666666667,2.272727272727273,0.03019257677836294,10171
C1261502,398,416,50,1,6.666666666666667,2.0,0.03424318681265135,8131
C1261502,398,255,58,1,6.666666666666667,1.7241379310344827,0.039619440452442166,2639
C1261502,398,500,58,1,6.666666666666667,1.7241379310344827,0.039619440452442166,3039
C1261502,398,458,64,1,6.666666666666667,1.5625,0.043633284992508334,896
C0022665,399,458,64,2,7.4074074074074066,3.125,0.00290324047458955,"595, 1027"
C0022665,399,32,65,2,7.4074074074074066,3.076923076923077,0.0029930997630595612,"673, 5894"
C0022665,399,347,66,2,7.4074074074074066,3.0303030303030303,0.003084256943248025,"5743, 1543"
C0022665,399,268,77,2,7.4074074074074066,2.5974025974025974,0.004171750810508093,"883, 10397"
C0022665,399,13,92,2,7.4074074074074066,2.1739130434782608,0.005899705688145065,"5594, 5595"
C0022665,399,229,14,1,3.7037037037037033,7.142857142857142,0.017398068835036893,6790
C0022665,399,297,30,1,3.7037037037037033,3.3333333333333335,0.036924704156704125,7428
C0022665,399,158,34,1,3.7037037037037033,2.941176470588235,0.0417476628848169,1978
C0022665,399,73,39,1,3.7037037037037033,2.564102564102564,0.047743661012177196,6596
C0026603,400,336,56,2,11.76470588235294,3.571428571428571,0.0008791385784134136,"3232, 11281"
C0026603,400,254,21,1,5.88235294117647,4.761904761904762,0.016438363519623054,3213
C0026603,400,502,31,1,5.88235294117647,3.225806451612903,0.024176452374100172,29951
C0026603,400,69,35,1,5.88235294117647,2.857142857142857,0.02725561477404633,5607
C0026603,400,160,38,1,5.88235294117647,2.631578947368421,0.02955898291820381,131034
C0026603,400,43,42,1,5.88235294117647,2.380952380952381,0.03262215600889169,63976
C0026603,400,461,46,1,5.88235294117647,2.1739130434782608,0.035676227333714255,10659
C0024305,401,159,20,2,9.090909090909092,10.0,0.0001868115703118653,"635, 875"
C0024305,401,48,71,2,9.090909090909092,2.8169014084507045,0.0023675378270955846,"4524, 2356"
C0024305,401,338,24,1,4.545454545454546,4.166666666666666,0.02422065599088576,3440
C0024305,401,177,26,1,4.545454545454546,3.8461538461538463,0.02621356707566018,7157
C0024305,401,406,27,1,4.545454545454546,3.7037037037037033,0.027208565056447653,604
C0024305,401,362,30,1,4.545454545454546,3.3333333333333335,0.030187739578524005,1440
C0024305,401,430,39,1,4.545454545454546,2.564102564102564,0.03907309877384252,596
C0024305,401,125,40,1,4.545454545454546,2.5,0.04005555029475412,7037
C0024305,401,429,43,1,4.545454545454546,2.3255813953488373,0.04299715534792188,25788
C0024305,401,23,47,1,4.545454545454546,2.127659574468085,0.046905913119785626,7298
C0024301,402,423,99,2,8.695652173913043,2.0202020202020203,0.0049604045524213655,"7128, 8915"
C0024301,402,265,19,1,4.3478260869565215,5.263157894736842,0.020086657157088572,2146
C0024301,402,159,20,1,4.3478260869565215,5.0,0.021133087043121952,4548
C0024301,402,80,24,1,4.3478260869565215,4.166666666666666,0.025308127746456605,1387
C0024301,402,338,24,1,4.3478260869565215,4.166666666666666,0.025308127746456605,3440
C0024301,402,406,27,1,4.3478260869565215,3.7037037037037033,0.02842822462196778,604
C0024301,402,430,39,1,4.3478260869565215,2.564102564102564,0.04081334252345107,596
C0024301,402,23,47,1,4.3478260869565215,2.127659574468085,0.04898603487893911,7298
C0040028,403,274,211,3,25.0,1.4218009478672986,0.00019055719203514188,"4352, 10019, 3717"
C0040028,403,372,176,2,16.666666666666664,1.1363636363636365,0.004145445494021098,"5154, 5155"
C0040028,403,338,24,1,8.333333333333332,4.166666666666666,0.013281793753149045,3440
C0040028,403,177,26,1,8.333333333333332,3.8461538461538463,0.014381277706254572,7157
C0040028,403,124,57,1,8.333333333333332,1.7543859649122806,0.03128029951052079,811
C0040028,403,239,75,1,8.333333333333332,1.3333333333333335,0.040970332129551125,7066
C0040028,403,184,82,1,8.333333333333332,1.2195121951219512,0.04471462180467844,7040
C0040028,403,206,82,1,8.333333333333332,1.2195121951219512,0.04471462180467844,2247
C0003864,404,104,19,1,10.0,5.263157894736842,0.008780792561604425,221035
C0003864,404,123,32,1,10.0,3.125,0.014748656248651168,1314
C0003864,404,500,58,1,10.0,1.7241379310344827,0.02658746775931236,3240
C0003864,404,13,92,1,10.0,1.0869565217391304,0.04187576793954252,7538
C0003864,404,499,105,1,10.0,0.9523809523809524,0.04766394472436229,51300
C0020649,405,252,52,4,7.547169811320755,7.6923076923076925,8.076074222779795e-06,"1907, 1906, 5443, 1908"
C0020649,405,202,139,5,9.433962264150944,3.597122302158273,2.3204733531230396e-05,"134, 1268, 1813, 3351, 3352"
C0020649,405,496,87,3,5.660377358490567,3.4482758620689653,0.0012856374127652355,"7432, 3569, 3558"
C0020649,405,471,22,2,3.7735849056603774,9.090909090909092,0.0013275301299636947,"1392, 7349"
C0020649,405,326,97,3,5.660377358490567,3.0927835051546393,0.0017576840172385034,"624, 2890, 150"
C0020649,405,179,31,2,3.7735849056603774,6.451612903225806,0.002634750019643434,"147, 135"
C0020649,405,180,35,2,3.7735849056603774,5.714285714285714,0.003350231710419662,"5368, 6863"
C0020649,405,218,56,2,3.7735849056603774,3.571428571428571,0.008390415428597198,"1636, 183"
C0020649,405,312,56,2,3.7735849056603774,3.571428571428571,0.008390415428597198,"5020, 551"
C0020649,405,255,58,2,3.7735849056603774,3.4482758620689653,0.008977941911404986,"847, 6647"
C0020649,405,369,59,2,3.7735849056603774,3.389830508474576,0.009278434725491507,"4878, 4879"
C0020649,405,372,176,3,5.660377358490567,1.7045454545454544,0.009293820134281757,"5328, 3827, 5327"
C0020649,405,119,87,2,3.7735849056603774,2.2988505747126435,0.019419630339800674,"4128, 4129"
C0020649,405,261,15,1,1.8867924528301887,6.666666666666667,0.036262565213579866,11188
C0020649,405,0,20,1,1.8867924528301887,5.0,0.04806092705026868,1489
C0035126,406,301,70,6,7.0588235294117645,8.571428571428571,3.366626307250482e-07,"3552, 4615, 11213, 148022, 7097, 7099"
C0035126,406,285,96,6,7.0588235294117645,6.25,2.193715750350203e-06,"3553, 2919, 2920, 6347, 6348, 3576"
C0035126,406,372,176,7,8.235294117647058,3.977272727272727,6.197106159963795e-06,"3082, 2252, 5327, 5328, 7057, 948, 4318"
C0035126,406,255,58,4,4.705882352941177,6.896551724137931,8.119909516770573e-05,"6648, 6647, 2876, 847"
C0035126,406,496,87,4,4.705882352941177,4.597701149425287,0.00039059294296948525,"2353, 3569, 3725, 1958"
C0035126,406,136,29,2,2.3529411764705883,6.896551724137931,0.0058215806506151544,"2277, 3791"
C0035126,406,208,33,2,2.3529411764705883,6.0606060606060606,0.0074941183470535275,"3592, 6774"
C0035126,406,46,3,1,1.1764705882352942,33.33333333333333,0.011783067429998028,3312
C0035126,406,323,50,2,2.3529411764705883,4.0,0.016651805354677484,"1946, 1948"
C0035126,406,149,56,2,2.3529411764705883,3.571428571428571,0.02061802851329561,"3678, 1839"
C0035126,406,347,66,2,2.3529411764705883,3.0303030303030303,0.02800156903844717,"5742, 5743"
C0035126,406,105,74,2,2.3529411764705883,2.7027027027027026,0.034556260279373606,"1536, 836"
C0035126,406,206,82,2,2.3529411764705883,2.4390243902439024,0.041642779609927794,"1950, 2247"
C0018843,407,226,58,4,33.33333333333333,6.896551724137931,2.2975057748459274e-08,"5970, 5971, 4790, 4791"
C0018843,407,496,87,3,25.0,3.4482758620689653,1.3605696280946502e-05,"2353, 3569, 3725"
C0018843,407,471,22,1,8.333333333333332,4.545454545454546,0.012181185609525965,3586
C0018843,407,43,42,1,8.333333333333332,2.380952380952381,0.0231368035677213,5966
C0018843,407,301,70,1,8.333333333333332,1.4285714285714286,0.03828760825660259,3552
C0018923,408,136,29,3,16.666666666666664,10.344827586206897,1.7620170340511637e-06,"2321, 7422, 3791"
C0018923,408,274,211,2,11.11111111111111,0.9478672985781991,0.01315950858141508,"7010, 5787"
C0018923,408,432,21,1,5.555555555555555,4.761904761904762,0.01739726762204124,4609
C0018923,408,177,26,1,5.555555555555555,3.8461538461538463,0.021497134236340282,7157
C0018923,408,362,30,1,5.555555555555555,3.3333333333333335,0.024765389519835382,1440
C0018923,408,468,41,1,5.555555555555555,2.4390243902439024,0.03370001433088735,285
C0018923,408,376,49,1,5.555555555555555,2.0408163265306123,0.04014930585833175,5335
C0018923,408,149,56,1,5.555555555555555,1.7857142857142856,0.04575906745635401,7424
C0018923,408,35,59,1,5.555555555555555,1.694915254237288,0.048153759637935264,1499
C0013182,409,502,31,2,5.714285714285714,6.451612903225806,0.0011561098859644745,"10800, 57105"
C0013182,409,274,211,3,8.571428571428571,1.4218009478672986,0.004804207234010779,"3596, 3565, 2206"
C0013182,409,347,66,2,5.714285714285714,3.0303030303030303,0.005146578070619868,"6916, 5742"
C0013182,409,285,96,2,5.714285714285714,2.083333333333333,0.010613300287827221,"6369, 6356"
C0013182,409,423,99,2,5.714285714285714,2.0202020202020203,0.011256372121107824,"7124, 8797"
C0013182,409,202,139,2,5.714285714285714,1.4388489208633095,0.021374164111868366,"134, 4295"
C0013182,409,341,18,1,2.857142857142857,5.555555555555555,0.028836211500272352,2944
C0013182,409,467,19,1,2.857142857142857,5.263157894736842,0.030414313204041796,4056
C0013182,409,76,20,1,2.857142857142857,5.0,0.031989923708167466,3305
C0013182,409,471,22,1,2.857142857142857,4.545454545454546,0.035133686380346626,3586
C0013182,409,324,24,1,2.857142857142857,4.166666666666666,0.038267529985859035,356
C0013182,409,409,24,1,2.857142857142857,4.166666666666666,0.038267529985859035,114548
C0013182,409,50,25,1,2.857142857142857,4.0,0.03983074163544316,3303
C0013182,409,313,27,1,2.857142857142857,3.7037037037037033,0.04294976357255134,2950
C0013182,409,179,31,1,2.857142857142857,3.225806451612903,0.0491583077321676,135
C1840235,410,164,36,2,14.285714285714285,5.555555555555555,0.00024365491267610895,"2736, 7546"
C1840235,410,16,41,1,7.142857142857142,2.4390243902439024,0.026308229435767525,6496
C1840235,410,386,42,1,7.142857142857142,2.380952380952381,0.026941789799585118,6997
C1840235,410,165,50,1,7.142857142857142,2.0,0.03199650925905867,28514
C1840235,410,35,59,1,7.142857142857142,1.694915254237288,0.03765391905051218,50937
C1840235,410,49,64,1,7.142857142857142,1.5625,0.040783642562205305,6469
C1840235,410,239,75,1,7.142857142857142,1.3333333333333335,0.04763579475730502,84976
C1840235,410,45,78,1,7.142857142857142,1.282051282051282,0.04949665939349165,7050
C0025149,411,274,211,5,11.11111111111111,2.3696682464454977,7.612603787714057e-05,"4352, 5156, 2064, 7409, 8660"
C0025149,411,361,29,2,4.444444444444445,6.896551724137931,0.0016690005920037485,"6275, 6277"
C0025149,411,97,43,2,4.444444444444445,4.651162790697675,0.0036438686327778446,"84456, 6046"
C0025149,411,458,64,2,4.444444444444445,3.125,0.007912447809599191,"898, 1021"
C0025149,411,332,68,2,4.444444444444445,2.941176470588235,0.008893687166908385,"4613, 10389"
C0025149,411,34,17,1,2.2222222222222223,5.88235294117647,0.034913561405111,2313
C0025149,411,0,20,1,2.2222222222222223,5.0,0.04094980541308704,324
C0025149,411,37,20,1,2.2222222222222223,5.0,0.04094980541308704,5294
C0025149,411,432,21,1,2.2222222222222223,4.761904761904762,0.04295367126053148,4609
C0025149,411,339,23,1,2.2222222222222223,4.3478260869565215,0.04694912889160782,4610
C0008924,412,206,82,7,26.923076923076923,8.536585365853659,5.503624988964305e-12,"2247, 2248, 2253, 2254, 2260, 2261, 2263"
C0008924,412,159,20,2,7.6923076923076925,10.0,0.00026224577353524533,"4548, 23743"
C0008924,412,48,71,2,7.6923076923076925,2.8169014084507045,0.003302750614127064,"4524, 10588"
C0008924,412,422,17,1,3.8461538461538463,5.88235294117647,0.020314598468474932,6573
C0008924,412,432,21,1,3.8461538461538463,4.761904761904762,0.025036512345021723,4609
C0008924,412,110,26,1,3.8461538461538463,3.8461538461538463,0.030908136780845787,24
C0008924,412,454,28,1,3.8461538461538463,3.571428571428571,0.03324725338413594,8626
C0008924,412,135,36,1,3.8461538461538463,2.7777777777777777,0.04254954741569575,4846
C0008924,412,161,39,1,3.8461538461538463,2.564102564102564,0.04601566933059686,6948
C0008925,413,206,82,8,20.0,9.75609756097561,2.151780525255277e-12,"2247, 2248, 2253, 2254, 2260, 2261, 2263, 1950"
C0008925,413,184,82,3,7.5,3.6585365853658534,0.0004735074302994318,"7040, 7042, 7043"
C0008925,413,159,20,2,5.0,10.0,0.000624507306855058,"4548, 23743"
C0008925,413,141,147,3,7.5,2.0408163265306123,0.002551612388304311,"8322, 1739, 8573"
C0008925,413,153,65,2,5.0,3.076923076923077,0.0064858847632790935,"3664, 54796"
C0008925,413,173,15,1,2.5,6.666666666666667,0.027483366883415024,6493
C0008925,413,422,17,1,2.5,5.88235294117647,0.031091708771797764,6573
C0008925,413,432,21,1,2.5,4.761904761904762,0.03826927480218758,4609
C0008925,413,372,176,2,5.0,1.1363636363636365,0.042219390573234,"1280, 2252"
C0151786,414,275,19,3,3.225806451612903,15.789473684210526,7.164148278241393e-05,"9992, 3753, 2078"
C0151786,414,502,31,2,2.1505376344086025,6.451612903225806,0.007892766856233137,"150084, 26285"
C0151786,414,5,437,6,6.451612903225806,1.3729977116704806,0.011633171350918974,"5376, 7113, 10317, 54097, 9073, 757"
C0151786,414,358,4,1,1.0752688172043012,25.0,0.01714641081279808,29104
C0151786,414,405,52,2,2.1505376344086025,3.8461538461538463,0.021229466540233978,"2897, 4599"
C0151786,414,353,61,2,2.1505376344086025,3.278688524590164,0.028577463245387284,"539, 9551"
C0151786,414,77,67,2,2.1505376344086025,2.9850746268656714,0.03395973882734896,"6450, 6453"
C0027643,415,274,211,3,12.0,1.4218009478672986,0.0018138471772125575,"2064, 238, 3815"
C0027643,415,347,66,2,8.0,3.0303030303030303,0.002646531178383867,"3620, 5743"
C0027643,415,407,3,1,4.0,33.33333333333333,0.0034752760712307438,4904
C0027643,415,448,10,1,4.0,10.0,0.011539221886176669,1956
C0027643,415,381,11,1,4.0,9.090909090909092,0.012686087781793028,2099
C0027643,415,53,13,1,4.0,7.6923076923076925,0.014975988469300231,3014
C0027643,415,261,15,1,4.0,6.666666666666667,0.017260790103291155,367
C0027643,415,367,15,1,4.0,6.666666666666667,0.017260790103291155,7534
C0027643,415,87,22,1,4.0,4.545454545454546,0.025217597688196872,9874
C0027643,415,136,29,1,4.0,3.4482758620689653,0.03311253935933928,7422
C0027643,415,325,30,1,4.0,3.3333333333333335,0.03423536481994948,100124700
C0027643,415,465,30,1,4.0,3.3333333333333335,0.03423536481994948,354
C0027643,415,450,32,1,4.0,3.125,0.036477261635159186,1364
C0004114,416,165,50,3,12.5,6.0,2.296130277268129e-05,"10683, 4853, 4851"
C0004114,416,49,64,2,8.333333333333332,3.125,0.002296010361980614,"23493, 23462"
C0004114,416,117,81,2,8.333333333333332,2.4691358024691357,0.003647715776570845,"9113, 26524"
C0004114,416,206,82,2,8.333333333333332,2.4390243902439024,0.003736374902843354,"2260, 3845"
C0004114,416,381,11,1,4.166666666666666,9.090909090909092,0.012181466787721838,2099
C0004114,416,261,15,1,4.166666666666666,6.666666666666667,0.016575731633709834,367
C0004114,416,80,24,1,4.166666666666666,4.166666666666666,0.026394437996948177,3091
C0004114,416,177,26,1,4.166666666666666,3.8461538461538463,0.028563578728317468,7157
C0004114,416,427,27,1,4.166666666666666,3.7037037037037033,0.029646411579114938,4915
C1260899,417,343,59,8,50.0,13.559322033898304,2.4293913305998878e-17,"6138, 6218, 6125, 6229, 6165, 6231, 6234, 6235"
C1260899,417,319,47,2,12.5,4.25531914893617,0.0005475452268090568,"6204, 6223"
C1260899,417,250,2,1,6.25,50.0,0.0014839201284475641,6135
C1260899,417,373,9,1,6.25,11.11111111111111,0.006661399564471322,6154
C1260899,417,352,14,1,6.25,7.142857142857142,0.01034417835907923,6201
C1260899,417,480,22,1,6.25,4.545454545454546,0.016210010613679417,2623
C1260899,417,314,46,1,6.25,2.1739130434782608,0.03361254305631722,90121
C1565489,418,218,56,2,20.0,3.571428571428571,0.00029430846362500803,"1636, 183"
C1565489,418,338,24,1,10.0,4.166666666666666,0.01107996398620278,3440
C1565489,418,401,33,1,10.0,3.0303030303030303,0.015206380450161676,3458
C1565489,418,135,36,1,10.0,2.7777777777777777,0.01657840498822985,348
C1565489,418,492,39,1,10.0,2.564102564102564,0.017948708919803068,3630
C1565489,418,319,47,1,10.0,2.127659574468085,0.02159445546573483,4311
C1565489,418,252,52,1,10.0,1.9230769230769231,0.023866856817574465,1906
C1565489,418,89,59,1,10.0,1.694915254237288,0.027040238833427755,1591
C0025286,419,481,110,3,25.0,2.727272727272727,2.7503859960848897e-05,"1514, 1476, 1471"
C0025286,419,37,20,1,8.333333333333332,5.0,0.01107945223052582,5728
C0025286,419,110,26,1,8.333333333333332,3.8461538461538463,0.014381277706254572,5241
C0025286,419,94,35,1,8.333333333333332,2.857142857142857,0.019315071608989536,207
C0025286,419,118,51,1,8.333333333333332,1.9607843137254901,0.02803039827424391,8028
C0025286,419,156,57,1,8.333333333333332,1.7543859649122806,0.03128029951052079,210
C0025286,419,117,81,1,8.333333333333332,1.2345679012345678,0.04418054499987301,4771
C0006625,420,423,99,2,20.0,2.0202020202020203,0.0009172564988046777,"7132, 7124"
C0006625,420,465,30,1,10.0,3.3333333333333335,0.01383263338545757,5744
C0006625,420,35,59,1,10.0,1.694915254237288,0.027040238833427755,1004
C0006625,420,347,66,1,10.0,1.5151515151515151,0.030204332908984208,5743
C0006625,420,496,87,1,10.0,1.1494252873563218,0.03964112893459426,3569
C0006625,420,201,89,1,10.0,1.1235955056179776,0.040535546797174735,939
C0006625,420,13,92,1,10.0,1.0869565217391304,0.04187576793954252,7538
C0006625,420,285,96,1,10.0,1.0416666666666665,0.043660108512311765,3576
C0035229,421,303,29,1,9.090909090909092,3.4482758620689653,0.014702229151256817,4137
C0035229,421,331,35,1,9.090909090909092,2.857142857142857,0.01771942414984372,92667
C0035229,421,164,36,1,9.090909090909092,2.7777777777777777,0.01822147258095384,57560
C0035229,421,16,41,1,9.090909090909092,2.4390243902439024,0.02072821744160751,4204
C0035229,421,219,49,1,9.090909090909092,2.0408163265306123,0.02472690890522152,10516
C0035229,421,312,56,1,9.090909090909092,1.7857142857142856,0.02821358130611824,7200
C0035229,421,500,58,1,9.090909090909092,1.7241379310344827,0.029207689918775873,779
C0035229,421,243,74,1,9.090909090909092,1.3513513513513513,0.03712733887845199,5173
C0035228,422,285,96,4,22.22222222222222,4.166666666666666,1.0772355396538928e-06,"1232, 6355, 6356, 2919"
C0035228,422,274,211,3,16.666666666666664,1.4218009478672986,0.0006768053220590631,"3600, 5777, 3565"
C0035228,422,86,7,1,5.555555555555555,14.285714285714285,0.0058311574565063145,3309
C0035228,422,93,192,2,11.11111111111111,1.0416666666666665,0.010993443226109801,"27173, 55630"
C0035228,422,245,27,1,5.555555555555555,3.7037037037037033,0.022315166449602363,7378
C0035228,422,331,35,1,5.555555555555555,2.857142857142857,0.028836211500272352,7782
C2931822,423,206,82,2,9.090909090909092,2.4390243902439024,0.003142627472561125,"5290, 3845"
C2931822,423,265,19,1,4.545454545454546,5.263157894736842,0.01922133118971474,100048912
C2931822,423,274,211,2,9.090909090909092,0.9478672985781991,0.019366467587472583,"2064, 2065"
C2931822,423,37,20,1,4.545454545454546,5.0,0.02022314801178857,5728
C2931822,423,177,26,1,4.545454545454546,3.8461538461538463,0.02621356707566018,7157
C2931822,423,94,35,1,4.545454545454546,2.857142857142857,0.035133686380346626,208
C2931822,423,507,38,1,4.545454545454546,2.631578947368421,0.03808968751520294,23345
C2931822,423,106,48,1,4.545454545454546,2.083333333333333,0.04788071878744552,1029
C0020429,424,326,97,5,7.042253521126761,5.154639175257731,1.711247719497245e-05,"4842, 5581, 5582, 624, 1269"
C0020429,424,180,35,3,4.225352112676056,8.571428571428571,0.00020775459919710555,"5368, 6869, 6863"
C0020429,424,285,96,4,5.633802816901409,4.166666666666666,0.0002855579979180003,"3576, 3553, 4314, 6347"
C0020429,424,372,176,5,7.042253521126761,2.840909090909091,0.00028864543469552494,"623, 3827, 4982, 6678, 3673"
C0020429,424,347,66,3,4.225352112676056,4.545454545454546,0.001350265162899704,"5731, 5742, 5743"
C0020429,424,427,27,2,2.8169014084507045,7.4074074074074066,0.003559401294152851,"4803, 4908"
C0020429,424,183,30,2,2.8169014084507045,6.666666666666667,0.004383213868263045,"5024, 22953"
C0020429,424,252,52,2,2.8169014084507045,3.8461538461538463,0.012753238332599455,"1906, 4157"
C0020429,424,301,70,2,2.8169014084507045,2.857142857142857,0.022362759667475085,"3552, 3557"
C0020429,424,169,73,2,2.8169014084507045,2.73972602739726,0.02418220642727594,"57468, 6854"
C0020429,424,496,87,2,2.8169014084507045,2.2988505747126435,0.03342791598939989,"7432, 3569"
C0020429,424,13,92,2,2.8169014084507045,2.1739130434782608,0.03701505700330197,"5594, 5595"
C0020429,424,340,14,1,1.4084507042253522,7.142857142857142,0.04514937935018365,4359
C0339527,425,370,158,3,13.636363636363635,1.89873417721519,0.0005370373405773673,"57096, 80184, 167691"
C0339527,425,493,47,2,9.090909090909092,4.25531914893617,0.0010452734513905651,"145226, 9227"
C0339527,425,109,9,1,4.545454545454546,11.11111111111111,0.009149236745787933,5189
C0339527,425,316,17,1,4.545454545454546,5.88235294117647,0.017214763399831377,343035
C0339527,425,406,27,1,4.545454545454546,3.7037037037037033,0.027208565056447653,9742
C0339527,425,431,29,1,4.545454545454546,3.4482758620689653,0.029195650406698803,6121
C0339527,425,350,35,1,4.545454545454546,2.857142857142857,0.035133686380346626,23746
C0339527,425,43,42,1,4.545454545454546,2.380952380952381,0.04201757769090117,1406
C0339527,425,23,47,1,4.545454545454546,2.127659574468085,0.046905913119785626,3614
C1720824,426,381,11,1,5.88235294117647,9.090909090909092,0.008642549551200059,2099
C1720824,426,327,12,1,5.88235294117647,8.333333333333332,0.009424740057912653,29994
C1720824,426,422,17,1,5.88235294117647,5.88235294117647,0.013326987484276685,221079
C1720824,426,398,21,1,5.88235294117647,4.761904761904762,0.016438363519623054,98
C1720824,426,80,24,1,5.88235294117647,4.166666666666666,0.018765833021351125,284252
C1720824,426,168,29,1,5.88235294117647,3.4482758620689653,0.02263343333138212,143
C1720824,426,376,49,1,5.88235294117647,2.0408163265306123,0.037960823050973244,51196
C1720824,426,165,50,1,5.88235294117647,2.0,0.038721222251648944,84441
C1720824,426,89,59,1,5.88235294117647,1.694915254237288,0.045539406107775494,162333
C3714756,427,293,39,3,2.3255813953488373,7.6923076923076925,0.0016346063271059916,"79042, 283989, 80746"
C3714756,427,141,147,5,3.875968992248062,3.4013605442176873,0.0019253807077773842,"9378, 85358, 2904, 22941, 8831"
C3714756,427,163,15,2,1.550387596899225,13.333333333333334,0.0035454698449427433,"9179, 23431"
C3714756,427,427,27,2,1.550387596899225,7.4074074074074066,0.011309841936295487,"627, 4909"
C3714756,427,23,47,2,1.550387596899225,4.25531914893617,0.03223599872219407,"953, 56270"
C3714756,427,376,49,2,1.550387596899225,4.081632653061225,0.03479984228941115,"3631, 56623"
C3714756,427,500,58,2,1.550387596899225,3.4482758620689653,0.04725294037795751,"3954, 113246"
C0018213,428,274,211,4,17.391304347826086,1.8957345971563981,6.826338185113302e-05,"115352, 114836, 1493, 26191"
C0018213,428,189,13,1,4.3478260869565215,7.6923076923076925,0.01378557190440063,84159
C0018213,428,187,18,1,4.3478260869565215,5.555555555555555,0.01903915730184658,64135
C0018213,428,463,20,1,4.3478260869565215,5.0,0.021133087043121952,114904
C0018213,428,231,21,1,4.3478260869565215,4.761904761904762,0.022178448003237473,23
C0018213,428,474,28,1,4.3478260869565215,3.571428571428571,0.029466132231521662,8635
C0018213,428,492,39,1,4.3478260869565215,2.564102564102564,0.04081334252345107,2638
C0235032,429,496,87,3,11.538461538461538,3.4482758620689653,0.00015435402894375646,"2353, 4780, 241"
C0235032,429,326,97,3,11.538461538461538,3.0927835051546393,0.00021299824975760603,"120, 5243, 5580"
C0235032,429,444,13,1,3.8461538461538463,7.6923076923076925,0.015570699232345888,590
C0235032,429,316,17,1,3.8461538461538463,5.88235294117647,0.020314598468474932,6489
C0235032,429,274,211,2,7.6923076923076925,0.9478672985781991,0.02656122979904334,"27040, 915"
C0235032,429,224,27,1,3.8461538461538463,3.7037037037037033,0.03207837450522913,83716
C0235032,429,183,30,1,3.8461538461538463,3.3333333333333335,0.03558094066313179,5023
C0235032,429,465,30,1,3.8461538461538463,3.3333333333333335,0.03558094066313179,7051
C0235032,429,179,31,1,3.8461538461538463,3.225806451612903,0.03674575208798235,147
C0235032,429,345,31,1,3.8461538461538463,3.225806451612903,0.03674575208798235,1728
C0235032,429,158,34,1,3.8461538461538463,2.941176470588235,0.04023207561859757,2475
C0235032,429,430,39,1,3.8461538461538463,2.564102564102564,0.04601566933059686,598
C3495498,430,460,31,4,40.0,12.903225806451612,7.30151752906209e-10,"4624, 4625, 7139, 7134"
C3495498,430,284,28,1,10.0,3.571428571428571,0.012915844100679672,85366
C3495498,430,310,31,1,10.0,3.225806451612903,0.014290740584145057,70
C3495498,430,238,46,1,10.0,2.1739130434782608,0.021139404284611044,4607
C3495498,430,55,50,1,10.0,2.0,0.022958466904445227,4634
C3495498,430,54,61,1,10.0,1.639344262295082,0.027945212403068312,291
C3495498,430,475,94,1,10.0,1.0638297872340425,0.042768312414812375,859
C0004238,431,252,52,3,11.538461538461538,5.769230769230769,3.309643697187897e-05,"857, 1906, 3782"
C0004238,431,19,130,2,7.6923076923076925,1.5384615384615385,0.010669309376036674,"858, 10021"
C0004238,431,141,147,2,7.6923076923076925,1.3605442176870748,0.013484528152760671,"6331, 3759"
C0004238,431,10,15,1,3.8461538461538463,6.666666666666667,0.01794540315124074,6660
C0004238,431,384,15,1,3.8461538461538463,6.666666666666667,0.01794540315124074,1674
C0004238,431,275,19,1,3.8461538461538463,5.263157894736842,0.022678297452360278,9992
C0004238,431,339,23,1,3.8461538461538463,4.3478260869565215,0.02738925536245064,463
C0004238,431,510,23,1,3.8461538461538463,4.3478260869565215,0.02738925536245064,6401
C0004238,431,420,24,1,3.8461538461538463,4.166666666666666,0.028563578728317468,6336
C0004238,431,502,31,1,3.8461538461538463,3.225806451612903,0.03674575208798235,7478
C0004238,431,135,36,1,3.8461538461538463,2.7777777777777777,0.04254954741569575,4846
C0004238,431,16,41,1,3.8461538461538463,2.4390243902439024,0.04831971090485409,1482
C0019189,432,88,45,3,13.636363636363635,6.666666666666667,1.273175773510727e-05,"538, 475, 9973"
C0019189,432,255,58,3,13.636363636363635,5.172413793103448,2.7448147503957794e-05,"6647, 2876, 847"
C0019189,432,17,11,1,4.545454545454546,9.090909090909092,0.011171521331669128,4288
C0019189,432,372,176,2,9.090909090909092,1.1363636363636365,0.01375386740340897,"3082, 1356"
C0019189,432,338,24,1,4.545454545454546,4.166666666666666,0.02422065599088576,3440
C0019189,432,310,31,1,4.545454545454546,3.225806451612903,0.031178860948397766,59
C0019189,432,208,33,1,4.545454545454546,3.0303030303030303,0.033158203878271265,6774
C0004943,433,208,33,4,14.814814814814813,12.121212121212121,7.788152895793098e-08,"3592, 149233, 3595, 6775"
C0004943,433,285,96,2,7.4074074074074066,2.083333333333333,0.006407077994612813,"3576, 1230"
C0004943,433,365,16,1,3.7037037037037033,6.25,0.019859586903042983,3683
C0004943,433,471,22,1,3.7037037037037033,4.545454545454546,0.027208565056447653,3586
C0004943,433,477,25,1,3.7037037037037033,4.0,0.030863127637600234,3383
C0011854,434,274,211,6,7.792207792207792,2.843601895734597,0.0001088986139811399,"7297, 10019, 5771, 26191, 2065, 1493"
C0011854,434,326,97,4,5.194805194805195,4.123711340206185,0.00040536861017486357,"10666, 4842, 5588, 3559"
C0011854,434,249,16,2,2.5974025974025974,12.5,0.001462960231408475,"1401, 55876"
C0011854,434,208,33,2,2.5974025974025974,6.0606060606060606,0.006189231296176415,"246778, 6774"
C0011854,434,47,39,2,2.5974025974025974,5.128205128205128,0.008566867364978314,"3481, 3479"
C0011854,434,492,39,2,2.5974025974025974,5.128205128205128,0.008566867364978314,"3630, 3119"
C0011854,434,149,56,2,2.5974025974025974,3.571428571428571,0.017122983089602674,"3122, 3123"
C0011854,434,35,59,2,2.5974025974025974,3.389830508474576,0.01889410881079775,"84162, 26291"
C0011854,434,206,82,2,2.5974025974025974,2.4390243902439024,0.034798583008027434,"50604, 29949"
C0011854,434,108,84,2,2.5974025974025974,2.380952380952381,0.03636182359853241,"10745, 50943"
C0011854,434,17,11,1,1.2987012987012987,9.090909090909092,0.03860571752778193,25865
C0011854,434,381,11,1,1.2987012987012987,9.090909090909092,0.03860571752778193,146754
C0011854,434,496,87,2,2.5974025974025974,2.2988505747126435,0.038756666014892006,"1649, 60468"
C0011854,434,30,89,2,2.5974025974025974,2.247191011235955,0.04038589434690792,"6833, 677"
C0011854,434,423,99,2,2.5974025974025974,2.0202020202020203,0.04890759902904746,"7124, 100506742"
C0011853,435,255,58,5,4.716981132075472,8.620689655172415,9.73642493999762e-06,"847, 51, 6647, 6648, 2876"
C0011853,435,161,39,4,3.7735849056603774,10.256410256410255,3.978652169785125e-05,"1374, 2180, 57678, 1375"
C0011853,435,105,74,4,3.7735849056603774,5.405405405405405,0.0004878018518640729,"1536, 653361, 836, 1535"
C0011853,435,38,35,3,2.8301886792452833,8.571428571428571,0.0006745192884210794,"5972, 5126, 3375"
C0011853,435,430,39,3,2.8301886792452833,7.6923076923076925,0.0009285159374600848,"596, 581, 598"
C0011853,435,285,96,4,3.7735849056603774,4.166666666666666,0.0012966724257828725,"3553, 7076, 7077, 4313"
C0011853,435,252,52,3,2.8301886792452833,5.769230769230769,0.002143822710462312,"857, 1906, 1129"
C0011853,435,240,120,4,3.7735849056603774,3.3333333333333335,0.0029309521982531822,"5465, 10891, 5468, 2101"
C0011853,435,347,66,3,2.8301886792452833,4.545454545454546,0.004223825979541976,"5743, 412, 1543"
C0011853,435,177,26,2,1.8867924528301887,7.6923076923076925,0.00720750388781937,"6376, 7157"
C0011853,435,326,97,3,2.8301886792452833,3.0927835051546393,0.012198229556925781,"5578, 5580, 5581"
C0011853,435,423,99,3,2.8301886792452833,3.0303030303030303,0.012885690469590537,"355, 7124, 7132"
C0011853,435,218,56,2,1.8867924528301887,3.571428571428571,0.031049409859876462,"1636, 183"
C0011853,435,202,139,3,2.8301886792452833,2.158273381294964,0.03128079104629231,"8698, 53637, 9294"
C0011853,435,267,68,2,1.8867924528301887,2.941176470588235,0.044225651605384844,"3098, 2645"
C0242422,436,119,87,3,13.043478260869565,3.4482758620689653,0.00010606305114150465,"216, 1644, 8854"
C0242422,436,225,11,1,4.3478260869565215,9.090909090909092,0.0116766113370256,5071
C0242422,436,329,21,1,4.3478260869565215,4.761904761904762,0.022178448003237473,5428
C0242422,436,272,24,1,4.3478260869565215,4.166666666666666,0.025308127746456605,8575
C0242422,436,286,25,1,4.3478260869565215,4.0,0.026349223416443694,120892
C0242422,436,427,27,1,4.3478260869565215,3.7037037037037033,0.02842822462196778,4803
C0242422,436,474,28,1,4.3478260869565215,3.571428571428571,0.029466132231521662,1639
C0242422,436,303,29,1,4.3478260869565215,3.4482758620689653,0.03050297922667587,4137
C0242422,436,465,30,1,4.3478260869565215,3.3333333333333335,0.03153876664203199,5617
C0242422,436,64,34,1,4.3478260869565215,2.941176470588235,0.03567134116388205,65018
C0242422,436,244,40,1,4.3478260869565215,2.5,0.04183859083286464,6571
C0242422,436,386,42,1,4.3478260869565215,2.380952380952381,0.043885943687510504,2668
C0027540,437,255,58,4,7.6923076923076925,6.896551724137931,1.1597635891821606e-05,"6648, 6649, 6647, 847"
C0027540,437,496,87,3,5.769230769230769,3.4482758620689653,0.00121639260599084,"3569, 468, 4780"
C0027540,437,347,66,2,3.8461538461538463,3.0303030303030303,0.01109292588531542,"1571, 2628"
C0027540,437,151,7,1,1.9230769230769231,14.285714285714285,0.016766079208412023,22827
C0027540,437,423,99,2,3.8461538461538463,2.0202020202020203,0.02385384027777494,"355, 7124"
C0027540,437,173,15,1,1.9230769230769231,6.666666666666667,0.03558987738101605,196
C0027540,437,453,16,1,1.9230769230769231,6.25,0.03791785650905371,3605
C0027540,437,517,16,1,1.9230769230769231,6.25,0.03791785650905371,4255
C0027540,437,0,20,1,1.9230769230769231,5.0,0.047174784091972434,1489
C0027540,437,31,21,1,1.9230769230769231,4.761904761904762,0.049475332507592874,3875
C0027540,437,398,21,1,1.9230769230769231,4.761904761904762,0.049475332507592874,2597
C0085207,438,267,68,2,16.666666666666664,2.941176470588235,0.0006340240498269189,"3952, 2645"
C0085207,438,261,15,1,8.333333333333332,6.666666666666667,0.008320189013472831,367
C0085207,438,398,21,1,8.333333333333332,4.761904761904762,0.011630459639785873,10644
C0085207,438,337,26,1,8.333333333333332,3.8461538461538463,0.014381277706254572,23410
C0085207,438,426,36,1,8.333333333333332,2.7777777777777777,0.019861871123007375,54901
C0085207,438,255,58,1,8.333333333333332,1.7241379310344827,0.031820980273584674,6648
C0085207,438,162,66,1,8.333333333333332,1.5151515151515151,0.03613647813215641,3953
C0085207,438,347,66,1,8.333333333333332,1.5151515151515151,0.03613647813215641,1588
C0085207,438,206,82,1,8.333333333333332,1.2195121951219512,0.04471462180467844,2247
C0086445,439,327,12,1,4.761904761904762,8.333333333333332,0.011630459639785873,8859
C0086445,439,191,22,1,4.761904761904762,4.545454545454546,0.021223987996175475,7918
C0086445,439,364,291,2,9.523809523809524,0.6872852233676976,0.032211164023784,"29113, 170679"
C0086445,439,161,39,1,4.761904761904762,2.564102564102564,0.037329778815345084,10554
C0086445,439,244,40,1,4.761904761904762,2.5,0.03826927480218758,1460
C0086445,439,415,40,1,4.761904761904762,2.5,0.03826927480218758,6941
C0086445,439,238,46,1,4.761904761904762,2.1739130434782608,0.04388793924600606,22925
C0086445,439,219,49,1,4.761904761904762,2.0408163265306123,0.04668553441844935,7916
C0086445,439,62,51,1,4.761904761904762,1.9607843137254901,0.0485462648782077,1797
C0020517,440,285,96,18,28.57142857142857,18.75,1.9351885084610875e-28,"3553, 5473, 6369, 6374, 2919, 6347, 5196, 6348, 729230, 1230, 6351, 2833, 6354, 10803, 6355, 6356, 6361, 6363"
C0020517,440,301,70,4,6.349206349206349,5.714285714285714,5.254975615190924e-05,"7850, 1235, 6364, 3554"
C0020517,440,274,211,5,7.936507936507936,2.3696682464454977,0.00037977310874825224,"50856, 3560, 3596, 3565, 3572"
C0020517,440,149,56,3,4.761904761904762,5.357142857142857,0.000590438840709482,"3123, 3126, 3127"
C0020517,440,423,99,3,4.761904761904762,3.0303030303030303,0.0030559041249831665,"834, 7132, 7124"
C0020517,440,500,58,2,3.1746031746031744,3.4482758620689653,0.01250773564164662,"6696, 3240"
C0020517,440,13,92,2,3.1746031746031744,2.1739130434782608,0.02973291431081376,"5608, 4638"
C0020517,440,453,16,1,1.5873015873015872,6.25,0.04576426643900173,3605
C0027092,441,358,4,1,2.857142857142857,25.0,0.006479060521366513,1665
C0027092,441,184,82,2,5.714285714285714,2.4390243902439024,0.007839932679033816,"650, 654"
C0027092,441,349,8,1,2.857142857142857,12.5,0.01291733464120973,646960
C0027092,441,229,14,1,2.857142857142857,7.142857142857142,0.022498816147129532,10579
C0027092,441,141,147,2,5.714285714285714,1.3605442176870748,0.02372277305308933,"6641, 7434"
C0027092,441,163,15,1,2.857142857142857,6.666666666666667,0.024086920934524515,3908
C0027092,441,34,17,1,2.857142857142857,5.88235294117647,0.02725561477404633,2313
C0027092,441,0,20,1,2.857142857142857,5.0,0.031989923708167466,89795
C0027092,441,175,20,1,2.857142857142857,5.0,0.031989923708167466,6711
C0027092,441,372,176,2,5.714285714285714,1.1363636363636365,0.03306604455866191,"1280, 1297"
C0027092,441,474,28,1,2.857142857142857,3.571428571428571,0.04450558142090073,4285
C0027092,441,362,30,1,2.857142857142857,3.3333333333333335,0.04760984973712882,5371
C0020452,442,180,35,1,7.6923076923076925,2.857142857142857,0.020908200989063118,6863
C0020452,442,161,39,1,7.6923076923076925,2.564102564102564,0.023271838429959234,3990
C0020452,442,386,42,1,7.6923076923076925,2.380952380952381,0.025041108708132344,116
C0020452,442,23,47,1,7.6923076923076925,2.127659574468085,0.02798331967276742,100
C0020452,442,218,56,1,7.6923076923076925,1.7857142857142856,0.033258654897920965,183
C0020452,442,255,58,1,7.6923076923076925,1.7241379310344827,0.034427356840961425,847
C0020452,442,347,66,1,7.6923076923076925,1.5151515151515151,0.03908913501047054,5743
C0040427,443,140,10,1,10.0,10.0,0.004630157402276101,56172
C0040427,443,462,18,1,10.0,5.555555555555555,0.00832038139181558,4038
C0040427,443,87,22,1,10.0,4.545454545454546,0.010160872015492435,5080
C0040427,443,362,30,1,10.0,3.3333333333333335,0.01383263338545757,6926
C0040427,443,16,41,1,10.0,2.4390243902439024,0.018861289929057803,4487
C0040427,443,206,82,1,10.0,1.2195121951219512,0.037401800347182136,2263
C0020456,444,173,15,1,5.0,6.666666666666667,0.013831038155078046,6492
C0020456,444,274,211,2,10.0,0.9478672985781991,0.01613401390283254,"3643, 8660"
C0020456,444,276,21,1,5.0,4.761904761904762,0.019312405446266917,10549
C0020456,444,361,29,1,5.0,3.4482758620689653,0.026575884589262532,177
C0020456,444,345,31,1,5.0,3.225806451612903,0.02838375255144871,1728
C0020456,444,135,36,1,5.0,2.7777777777777777,0.03288947772386473,4846
C0020456,444,492,39,1,5.0,2.564102564102564,0.03558337735352529,3630
C0020456,444,219,49,1,5.0,2.0408163265306123,0.04451165091074754,2200
C0020456,444,501,53,1,5.0,1.8867924528301887,0.04806092705026868,6667
C0020456,444,154,55,1,5.0,1.8181818181818181,0.04983086475003013,2641
C0028326,445,32,65,7,41.17647058823529,10.76923076923077,3.0838884332567996e-14,"6016, 3265, 673, 8036, 5605, 5894, 4893"
C0028326,445,274,211,2,11.76470588235294,0.9478672985781991,0.01177254155259773,"5781, 6654"
C0028326,445,18,16,1,5.88235294117647,6.25,0.012547697333153869,5922
C0028326,445,211,31,1,5.88235294117647,3.225806451612903,0.024176452374100172,23522
C0028326,445,415,40,1,5.88235294117647,2.5,0.031091708771797764,8216
C0028326,445,323,50,1,5.88235294117647,2.0,0.038721222251648944,1969
C0020459,446,274,211,2,12.5,0.9478672985781991,0.010454370768812728,"3643, 3667"
C0020459,446,249,16,1,6.25,6.25,0.011813702590172712,2746
C0020459,446,107,34,1,6.25,2.941176470588235,0.024947674276936744,3162
C0020459,446,135,36,1,6.25,2.7777777777777777,0.026396858927968225,4846
C0020459,446,492,39,1,6.25,2.564102564102564,0.028566850273759374,3630
C0020459,446,296,41,1,6.25,2.4390243902439024,0.030010991246609473,1831
C0020459,446,219,49,1,6.25,2.0408163265306123,0.03576745250981829,2200
C0020459,446,252,52,1,6.25,1.9230769230769231,0.03791785650905371,4160
C0020459,446,154,55,1,6.25,1.8181818181818181,0.04006376384719354,2641
C0020459,446,82,58,1,6.25,1.7241379310344827,0.04220518330147003,79661
C0020459,446,255,58,1,6.25,1.7241379310344827,0.04220518330147003,2876
C0020459,446,162,66,1,6.25,1.5151515151515151,0.047893760992970255,3953
C0020459,446,267,68,1,6.25,1.4705882352941175,0.04931094802660876,3952
C0013604,447,423,99,3,12.0,3.0303030303030303,0.00020079356140988885,"841, 842, 7124"
C0013604,447,390,109,3,12.0,2.7522935779816518,0.00026670420034020757,"6548, 6549, 6550"
C0013604,447,496,87,2,8.0,2.2988505747126435,0.004547512242976515,"7432, 3569"
C0013604,447,372,176,2,8.0,1.1363636363636365,0.017579228525791066,"1280, 3827"
C0013604,447,333,33,1,4.0,3.0303030303030303,0.037596335663457506,6778
C0013604,447,180,35,1,4.0,2.857142857142857,0.03983074163544316,6863
C0013604,447,492,39,1,4.0,2.564102564102564,0.04428462252949388,3630
C0013604,447,292,42,1,4.0,2.380952380952381,0.04761201037382968,81693
C0019829,448,137,15,1,5.555555555555555,6.666666666666667,0.01245601188258128,54658
C0019829,448,338,24,1,5.555555555555555,4.166666666666666,0.019859130143332907,3440
C0019829,448,313,27,1,5.555555555555555,3.7037037037037033,0.022315166449602363,2950
C0019829,448,362,30,1,5.555555555555555,3.3333333333333335,0.024765389519835382,1440
C0019829,448,69,35,1,5.555555555555555,2.857142857142857,0.028836211500272352,8320
C0019829,448,43,42,1,5.555555555555555,2.380952380952381,0.034508408072384124,5966
C0019829,448,501,53,1,5.555555555555555,1.8867924528301887,0.04335868611244852,2625
C0019829,448,226,58,1,5.555555555555555,1.7241379310344827,0.04735616025585261,4792
C0019829,448,89,59,1,5.555555555555555,1.694915254237288,0.048153759637935264,200942
C0005944,449,492,39,2,18.181818181818183,5.128205128205128,0.00017361245527080659,"4036, 2638"
C0005944,449,381,11,1,9.090909090909092,9.090909090909092,0.005600022590609272,2099
C0005944,449,388,21,1,9.090909090909092,4.761904761904762,0.010666196673580784,3778
C0005944,449,432,21,1,9.090909090909092,4.761904761904762,0.010666196673580784,80169
C0005944,449,47,39,1,9.090909090909092,2.564102564102564,0.019726218566256292,3479
C0005944,449,54,61,1,9.090909090909092,1.639344262295082,0.03069711949191655,1717
C0005944,449,428,85,1,9.090909090909092,1.1764705882352942,0.04253797787998191,1593
C0005944,449,285,96,1,9.090909090909092,1.0416666666666665,0.047920962904237245,4313
C0005941,450,164,36,2,8.0,5.555555555555555,0.0007940303135870564,"57560, 7547"
C0005941,450,111,19,1,4.0,5.263157894736842,0.02181513971757643,11127
C0005941,450,175,20,1,4.0,5.0,0.02295055718935007,286
C0005941,450,324,24,1,4.0,4.166666666666666,0.027479587929055787,285590
C0005941,450,331,35,1,4.0,2.857142857142857,0.03983074163544316,25836
C0005941,450,47,39,1,4.0,2.564102564102564,0.04428462252949388,3481
C0005941,450,492,39,1,4.0,2.564102564102564,0.04428462252949388,9270
C0005941,450,16,41,1,4.0,2.4390243902439024,0.04650411871031217,3237
C0005941,450,375,309,2,8.0,0.6472491909385114,0.049478887621107165,"1146, 5125"
C0042514,451,141,147,2,20.0,1.3605442176870748,0.0020051132138138527,"6331, 3759"
C0042514,451,216,18,1,10.0,5.555555555555555,0.00832038139181558,845
C0042514,451,227,20,1,10.0,5.0,0.009241011341174665,4000
C0042514,451,460,31,1,10.0,3.225806451612903,0.014290740584145057,7139
C0042514,451,135,36,1,10.0,2.7777777777777777,0.01657840498822985,4846
C0042514,451,369,59,1,10.0,1.694915254237288,0.027040238833427755,4879
C0042514,451,143,96,1,10.0,1.0416666666666665,0.043660108512311765,6262
C0013421,452,104,19,1,7.142857142857142,5.263157894736842,0.012272615441127647,84947
C0013421,452,272,24,1,7.142857142857142,4.166666666666666,0.015478924977229937,8575
C0013421,452,190,28,1,7.142857142857142,3.571428571428571,0.01803701110332809,60
C0013421,452,148,36,1,7.142857142857142,2.7777777777777777,0.023134677896685333,6342
C0013421,452,251,41,1,7.142857142857142,2.4390243902439024,0.026308229435767525,1861
C0013421,452,269,45,1,7.142857142857142,2.2222222222222223,0.02884017484945256,25792
C0013421,452,54,61,1,7.142857142857142,1.639344262295082,0.03890694457652614,478
C0013421,452,253,61,1,7.142857142857142,1.639344262295082,0.03890694457652614,2643
C0013421,452,347,66,1,7.142857142857142,1.5151515151515151,0.04203288348286697,1565
C0013421,452,194,70,1,7.142857142857142,1.4285714285714286,0.04452683435464987,55145
C1168401,453,153,65,2,8.0,3.076923076923077,0.002568153814964885,"3202, 3236"
C1168401,453,423,99,2,8.0,2.0202020202020203,0.005846923723552318,"841, 8795"
C1168401,453,448,10,1,4.0,10.0,0.011539221886176669,1956
C1168401,453,37,20,1,4.0,5.0,0.02295055718935007,5728
C1168401,453,471,22,1,4.0,4.545454545454546,0.025217597688196872,282617
C1168401,453,177,26,1,4.0,3.8461538461538463,0.02973653869455829,7157
C1168401,453,438,32,1,4.0,3.125,0.036477261635159186,1244
C1168401,453,100,40,1,4.0,2.5,0.04539498987017434,8900
C1168401,453,16,41,1,4.0,2.4390243902439024,0.04650411871031217,3237
C0034065,454,372,176,4,36.36363636363637,2.272727272727273,1.3550967520804461e-06,"5328, 2243, 7056, 5327"
C0034065,454,178,19,1,9.090909090909092,5.263157894736842,0.009654843006739687,10461
C0034065,454,427,27,1,9.090909090909092,3.7037037037037033,0.013694626792018995,7498
C0034065,454,454,28,1,9.090909090909092,3.571428571428571,0.014198545004062093,153090
C0034065,454,255,58,1,9.090909090909092,1.7241379310344827,0.029207689918775873,847
C0034065,454,48,71,1,9.090909090909092,1.4084507042253522,0.03564689381936796,4524
C0034069,455,285,96,12,25.0,12.5,1.8234892085591216e-18,"3553, 7076, 2920, 6347, 6348, 729230, 6351, 1232, 6352, 6356, 3576, 4313"
C0034069,455,372,176,6,12.5,3.4090909090909087,2.5110602616055618e-06,"5154, 5155, 3082, 2252, 5806, 4318"
C0034069,455,496,87,4,8.333333333333332,4.597701149425287,4.204716780676047e-05,"3569, 1051, 4780, 3567"
C0034069,455,252,52,2,4.166666666666666,3.8461538461538463,0.00599680314909911,"1906, 1215"
C0034069,455,274,211,3,6.25,1.4218009478672986,0.011571096848538829,"3565, 3596, 1437"
C0034069,455,184,82,2,4.166666666666666,2.4390243902439024,0.014396940186626808,"7040, 1490"
C0034069,455,206,82,2,4.166666666666666,2.4390243902439024,0.014396940186626808,"1950, 2247"
C0037769,456,57,17,1,6.666666666666667,5.88235294117647,0.011767827918736385,150094
C0037769,456,175,20,1,6.666666666666667,5.0,0.013831038155078046,6709
C0037769,456,471,22,1,6.666666666666667,4.545454545454546,0.01520427735315438,1392
C0037769,456,289,37,1,6.666666666666667,2.7027027027027026,0.025446825659880642,170302
C0037769,456,36,43,1,6.666666666666667,2.3255813953488373,0.029515935476519855,5277
C0037769,456,12,44,1,6.666666666666667,2.272727272727273,0.03019257677836294,6326
C0037769,456,376,49,1,6.666666666666667,2.0408163265306123,0.033569183546573546,23236
C0037769,456,252,52,1,6.666666666666667,1.9230769230769231,0.03558987738101605,5443
C0037769,456,255,58,1,6.666666666666667,1.7241379310344827,0.039619440452442166,3295
C0037769,456,21,59,1,6.666666666666667,1.694915254237288,0.040289504566736495,6792
C0037769,456,90,65,1,6.666666666666667,1.5384615384615385,0.044300734893644195,7249
C2937358,457,372,176,7,25.0,3.977272727272727,2.198045047510747e-09,"3690, 2155, 462, 5327, 5328, 3674, 4318"
C2937358,457,136,29,3,10.714285714285714,10.344827586206897,7.010270493635422e-06,"2321, 7422, 3791"
C2937358,457,430,39,3,10.714285714285714,7.6923076923076925,1.738151991536206e-05,"596, 581, 598"
C2937358,457,285,96,2,7.142857142857142,2.083333333333333,0.006880037015564462,"4313, 4314"
C2937358,457,361,29,1,3.571428571428571,3.4482758620689653,0.03701416772343363,6285
C2937358,457,297,30,1,3.571428571428571,3.3333333333333335,0.03826665765764698,1270
C2937358,457,107,34,1,3.571428571428571,2.941176470588235,0.04326092714222126,3162
C2937358,457,322,38,1,3.571428571428571,2.631578947368421,0.048230183061822654,11243
C0035828,458,275,19,3,21.428571428571427,15.789473684210526,2.0999621223359183e-07,"9992, 3753, 3757"
C0035828,458,141,147,2,14.285714285714285,1.3605442176870748,0.003982897143497434,"6640, 6331"
C0035828,458,484,318,2,14.285714285714285,0.628930817610063,0.01756013092243134,"801, 805"
C0035828,458,492,39,1,7.142857142857142,2.564102564102564,0.025039959405694093,9722
C0035828,458,12,44,1,7.142857142857142,2.272727272727273,0.028207762292956566,6330
C0035828,458,169,73,1,7.142857142857142,1.36986301369863,0.04639333954814871,287
C0026640,459,119,87,3,6.976744186046512,3.4482758620689653,0.0006972548659377504,"131, 125, 126"
C0026640,459,398,21,2,4.651162790697675,9.523809523809524,0.0007967498529787619,"2597, 5223"
C0026640,459,319,47,2,4.651162790697675,4.25531914893617,0.0039687805706812625,"301, 302"
C0026640,459,356,47,2,4.651162790697675,4.25531914893617,0.0039687805706812625,"1410, 3315"
C0026640,459,46,3,1,2.3255813953488373,33.33333333333333,0.005972482907136657,3312
C0026640,459,153,65,2,4.651162790697675,3.076923076923077,0.0074652135636071055,"3202, 3236"
C0026640,459,347,66,2,4.651162790697675,3.0303030303030303,0.00768881666304633,"1545, 5743"
C0026640,459,267,68,2,4.651162790697675,2.941176470588235,0.008145031255788642,"7372, 7167"
C0026640,459,206,82,2,4.651162790697675,2.4390243902439024,0.011667118888955502,"5290, 3845"
C0026640,459,371,9,1,2.3255813953488373,11.11111111111111,0.017813109673601574,10399
C0026640,459,57,17,1,2.3255813953488373,5.88235294117647,0.033386526138933496,56952
C0026640,459,265,19,1,2.3255813953488373,5.263157894736842,0.037242037292066314,3963
C0026640,459,477,25,1,2.3255813953488373,4.0,0.048718666183295345,3383
C0023890,460,372,176,9,14.0625,5.113636363636364,2.45846294342888e-09,"1281, 2147, 2153, 3082, 2252, 5328, 7057, 6678, 1277"
C0023890,460,496,87,3,4.6875,3.4482758620689653,0.0022147405685057683,"3569, 4780, 3727"
C0023890,460,136,29,2,3.125,6.896551724137931,0.0033453653244750335,"2321, 7422"
C0023890,460,202,139,3,4.6875,2.158273381294964,0.008205259366696709,"1131, 1268, 2149"
C0023890,460,184,82,2,3.125,2.4390243902439024,0.024745483173522553,"7040, 1490"
C0023890,460,206,82,2,3.125,2.4390243902439024,0.024745483173522553,"2263, 2247"
C0023890,460,285,96,2,3.125,2.083333333333333,0.03309289126418447,"4313, 6347"
C0023890,460,326,97,2,3.125,2.0618556701030926,0.033726076939487114,"2152, 1269"
C0023890,460,173,15,1,1.5625,6.666666666666667,0.043633284992508334,405
C0028754,461,38,35,6,2.013422818791946,17.142857142857142,7.68678406770891e-06,"5697, 5122, 5126, 4886, 5367, 4889"
C0028754,461,255,58,7,2.348993288590604,12.068965517241379,1.4786161378819396e-05,"34, 1892, 6647, 6648, 3033, 2876, 2878"
C0028754,461,278,67,6,2.013422818791946,8.955223880597014,0.00032638822563012943,"8801, 8803, 54511, 47, 4594, 1431"
C0028754,461,253,61,5,1.6778523489932886,8.19672131147541,0.0015429950153807406,"51181, 5167, 23057, 5105, 2643"
C0028754,461,161,39,4,1.342281879194631,10.256410256410255,0.00201115693542663,"32, 2194, 2180, 4023"
C0028754,461,347,66,5,1.6778523489932886,7.575757575757576,0.0021918288267951096,"1571, 7364, 5743, 1528, 412"
C0028754,461,202,139,7,2.348993288590604,5.0359712230215825,0.0032522878457448587,"2784, 4544, 154, 51738, 1268, 2778, 3356"
C0028754,461,252,52,4,1.342281879194631,7.6923076923076925,0.005754673707263628,"4160, 5443, 181, 4159"
C0028754,461,240,120,6,2.013422818791946,5.0,0.006513500304767437,"8431, 133522, 8856, 5465, 5467, 5468"
C0028754,461,143,96,5,1.6778523489932886,5.208333333333334,0.010739620818108017,"5346, 8165, 2119, 5577, 783"
C0028754,461,372,176,7,2.348993288590604,3.977272727272727,0.011433782757652751,"1282, 2147, 3818, 7436, 1361, 5054, 4318"
C0028754,461,267,68,4,1.342281879194631,5.88235294117647,0.014588439760461652,"3952, 2673, 3099, 132789"
C0028754,461,234,70,4,1.342281879194631,5.714285714285714,0.01607873895619786,"6337, 221002, 56603, 155"
C0028754,461,47,39,3,1.006711409395973,7.6923076923076925,0.016559735323596086,"3481, 7018, 3485"
C0028754,461,492,39,3,1.006711409395973,7.6923076923076925,0.016559735323596086,"1363, 3949, 3630"
C0028754,461,141,147,6,2.013422818791946,4.081632653061225,0.016603125590659178,"153, 9194, 9369, 22941, 3358, 10207"
C0028754,461,175,20,2,0.6711409395973155,10.0,0.030716306364450174,"6546, 6710"
C0028754,461,254,21,2,0.6711409395973155,9.523809523809524,0.03364517237168079,"2033, 3213"
C0028754,461,336,56,3,1.006711409395973,5.357142857142857,0.042374129219880194,"63940, 130013, 5079"
C0023892,462,208,33,3,9.090909090909092,9.090909090909092,1.7282006157724146e-05,"3592, 3593, 6775"
C0023892,462,274,211,3,9.090909090909092,1.4218009478672986,0.004062623983808662,"7297, 915, 941"
C0023892,462,285,96,2,6.0606060606060606,2.083333333333333,0.009472610879947102,"6352, 3627"
C0023892,462,365,16,1,3.0303030303030303,6.25,0.024222323839352182,3385
C0023892,462,449,20,1,3.0303030303030303,5.0,0.030188430480036728,5244
C0023892,462,80,24,1,3.0303030303030303,4.166666666666666,0.03611915794610371,3091
C0023892,462,132,24,1,3.0303030303030303,4.166666666666666,0.03611915794610371,23274
C0023892,462,421,24,1,3.0303030303030303,4.166666666666666,0.03611915794610371,3575
C0023892,462,502,31,1,3.0303030303030303,3.225806451612903,0.04641341066594369,163486
C0023892,462,438,32,1,3.0303030303030303,3.125,0.04787528734753915,1244
C1961102,463,185,22,3,6.8181818181818175,13.636363636363635,1.189083294376541e-05,"10320, 22806, 22807"
C1961102,463,418,94,3,6.8181818181818175,3.1914893617021276,0.0009342042828013324,"6929, 63978, 861"
C1961102,463,347,66,2,4.545454545454546,3.0303030303030303,0.008039147685454896,"1544, 1545"
C1961102,463,274,211,3,6.8181818181818175,1.4218009478672986,0.009116231877954045,"55824, 613, 3055"
C1961102,463,496,87,2,4.545454545454546,2.2988505747126435,0.013646771531841455,"3131, 1053"
C1961102,463,189,13,1,2.272727272727273,7.6923076923076925,0.026218978178579367,84159
C1961102,463,173,15,1,2.272727272727273,6.666666666666667,0.03019257677836294,405
C1961102,463,422,17,1,2.272727272727273,5.88235294117647,0.03415032780555232,6573
C1961102,463,132,24,1,2.272727272727273,4.166666666666666,0.04787854601305654,5305
C1961102,463,421,24,1,2.272727272727273,4.166666666666666,0.04787854601305654,64109
C1961102,463,288,25,1,2.272727272727273,4.0,0.049824087459925295,3417
C0878544,464,460,31,4,4.444444444444445,12.903225806451612,8.19947182753631e-06,"7168, 4625, 23171, 7139"
C0878544,464,238,46,4,4.444444444444445,8.695652173913043,4.0539543945273046e-05,"84665, 4607, 84676, 27063"
C0878544,464,13,92,5,5.555555555555555,5.434782608695652,4.188656522307495e-05,"5600, 1432, 4217, 5594, 5595"
C0878544,464,179,31,3,3.3333333333333335,9.67741935483871,0.00029063988918125037,"88, 9499, 135"
C0878544,464,252,52,3,3.3333333333333335,5.769230769230769,0.0013413558381921704,"1906, 5443, 156"
C0878544,464,326,97,3,3.3333333333333335,3.0927835051546393,0.007820551261643726,"624, 7137, 5581"
C0878544,464,499,105,3,3.3333333333333335,2.857142857142857,0.009709022547772896,"4720, 4729, 4512"
C0878544,464,312,56,2,2.2222222222222223,3.571428571428571,0.022940711536308115,"554, 551"
C0878544,464,141,147,3,3.3333333333333335,2.0408163265306123,0.023716209465798343,"6331, 1756, 6444"
C0878544,464,255,58,2,2.2222222222222223,3.4482758620689653,0.024492444989755943,"6648, 847"
C0878544,464,35,59,2,2.2222222222222223,3.389830508474576,0.025284037580761674,"1824, 1832"
C0878544,464,369,59,2,2.2222222222222223,3.389830508474576,0.025284037580761674,"111, 4879"
C0878544,464,270,63,2,2.2222222222222223,3.1746031746031744,0.028552949093318594,"5563, 51422"
C0878544,464,278,67,2,2.2222222222222223,2.9850746268656714,0.03198128122403999,"5164, 1431"
C0878544,464,301,70,2,2.2222222222222223,2.857142857142857,0.03465349489726918,"3552, 7097"
C1832200,465,101,21,4,36.36363636363637,19.047619047619047,2.1859386584167397e-10,"5824, 5193, 8504, 5192"
C1832200,465,109,9,3,27.27272727272727,33.33333333333333,8.288662443062985e-09,"55670, 5189, 5190"
C1832200,465,428,85,2,18.181818181818183,2.3529411764705883,0.0008257893289514052,"5194, 5195"
C1832200,465,411,30,1,9.090909090909092,3.3333333333333335,0.015205679331456378,5828
C0265965,466,74,143,3,25.0,2.097902097902098,6.018612782728821e-05,"1736, 55505, 55651"
C0265965,466,432,21,1,8.333333333333332,4.761904761904762,0.011630459639785873,80169
C0265965,466,139,31,1,8.333333333333332,3.225806451612903,0.017125076104516183,54433
C0265965,466,389,31,1,8.333333333333332,3.225806451612903,0.017125076104516183,7015
C0265965,466,426,36,1,8.333333333333332,2.7777777777777777,0.019861871123007375,51750
C0265965,466,62,51,1,8.333333333333332,1.9607843137254901,0.02803039827424391,5073
C0265965,466,445,71,1,8.333333333333332,1.4084507042253522,0.038824702718413026,7012
C0265965,466,428,85,1,8.333333333333332,1.1764705882352942,0.04631521132842717,55135
C0265965,466,30,89,1,8.333333333333332,1.1235955056179776,0.04844550670110406,26277
C0041948,467,184,82,3,17.647058823529413,3.6585365853658534,3.471143484313298e-05,"4256, 650, 7040"
C0041948,467,136,29,2,11.76470588235294,6.896551724137931,0.00023469228602936314,"2321, 3791"
C0041948,467,240,120,2,11.76470588235294,1.6666666666666667,0.003956974242587994,"2056, 7421"
C0041948,467,348,7,1,5.88235294117647,14.285714285714285,0.005507970631734826,7412
C0041948,467,372,176,2,11.76470588235294,1.1363636363636365,0.008316484558142151,"4982, 6678"
C0041948,467,58,246,2,11.76470588235294,0.8130081300813009,0.015756344680394687,"860, 7046"
C0041948,467,80,24,1,5.88235294117647,4.166666666666666,0.018765833021351125,5741
C0041948,467,477,25,1,5.88235294117647,4.0,0.019540503566033086,3383
C0041948,467,158,34,1,5.88235294117647,2.941176470588235,0.0264866826365572,6446
C0041948,467,135,36,1,5.88235294117647,2.7777777777777777,0.028023975267905697,4846
C0041948,467,500,58,1,5.88235294117647,1.7241379310344827,0.044784083973143346,6696
C0011581,468,206,82,3,8.108108108108109,3.6585365853658534,0.0003754555836505422,"3363, 2260, 2247"
C0011581,468,38,35,2,5.405405405405405,5.714285714285714,0.001645763102549181,"4852, 4886"
C0011581,468,202,139,3,8.108108108108109,2.158273381294964,0.001736268928843733,"1816, 51738, 2782"
C0011581,468,122,56,2,5.405405405405405,3.571428571428571,0.004164245715661339,"2931, 2932"
C0011581,468,326,97,2,5.405405405405405,2.0618556701030926,0.012047292240816174,"4842, 1269"
C0011581,468,10,15,1,2.7027027027027026,6.666666666666667,0.025446825659880642,2495
C0011581,468,471,22,1,2.7027027027027026,4.545454545454546,0.03710531562597298,1392
C0011581,468,324,24,1,2.7027027027027026,4.166666666666666,0.040411312660927144,2908
C0011581,468,338,24,1,2.7027027027027026,4.166666666666666,0.040411312660927144,3440
C0011581,468,427,27,1,2.7027027027027026,3.7037037037037033,0.045349609983494486,627
C0040053,469,372,176,15,36.58536585365854,8.522727272727272,1.3720210262102377e-21,"2243, 2147, 2153, 3082, 462, 5327, 7056, 5328, 2158, 2159, 5624, 7450, 5627, 5054, 2811"
C0040053,469,249,16,2,4.878048780487805,12.5,0.0004164240291673149,"1401, 2212"
C0040053,469,178,19,2,4.878048780487805,10.526315789473683,0.0005912632549876102,"10461, 2621"
C0040053,469,6,54,2,4.878048780487805,3.7037037037037033,0.004744076247465278,"6403, 2526"
C0040053,469,369,59,2,4.878048780487805,3.389830508474576,0.005638425718799812,"5139, 2982"
C0040053,469,347,66,2,4.878048780487805,3.0303030303030303,0.0070095791040255696,"1557, 5743"
C0040053,469,326,97,2,4.878048780487805,2.0618556701030926,0.014661573655291022,"2152, 624"
C0027765,470,418,94,3,5.660377358490567,3.1914893617021276,0.0016062919356720309,"4760, 429, 3399"
C0027765,470,423,99,3,5.660377358490567,3.0303030303030303,0.0018634016625136902,"10392, 842, 7124"
C0027765,470,427,27,2,3.7735849056603774,7.4074074074074066,0.0020013543013307914,"627, 4803"
C0027765,470,135,36,2,3.7735849056603774,5.555555555555555,0.0035417391051794354,"1558, 1559"
C0027765,470,496,87,2,3.7735849056603774,2.2988505747126435,0.019419630339800674,"2353, 467"
C0027765,470,326,97,2,3.7735849056603774,2.0618556701030926,0.023796486944660987,"4842, 5243"
C0027765,470,384,15,1,1.8867924528301887,6.666666666666667,0.036262565213579866,2670
C0027765,470,422,17,1,1.8867924528301887,5.88235294117647,0.04099902726588828,6573
C0027765,470,256,18,1,1.8867924528301887,5.555555555555555,0.04335868611244852,43
C0027765,470,463,20,1,1.8867924528301887,5.0,0.04806092705026868,84254
C0024299,471,37,20,1,4.761904761904762,5.0,0.019312405446266917,5728
C0024299,471,159,20,1,4.761904761904762,5.0,0.019312405446266917,4548
C0024299,471,185,22,1,4.761904761904762,4.545454545454546,0.021223987996175475,10320
C0024299,471,106,48,1,4.761904761904762,2.083333333333333,0.04575387005800572,1029
C0024299,471,334,48,1,4.761904761904762,2.083333333333333,0.04575387005800572,64919
C0024299,471,165,50,1,4.761904761904762,2.0,0.047616332436731496,4851
C0024299,471,198,52,1,4.761904761904762,1.9230769230769231,0.049475332507592874,80829
C0017661,472,372,176,15,3.3333333333333335,8.522727272727272,4.590497259590052e-06,"64866, 3684, 7045, 712, 713, 4811, 1356, 717, 5806, 5328, 948, 5054, 3673, 5627, 4318"
C0017661,472,274,211,13,2.888888888888889,6.161137440758294,0.0005189355850994679,"5921, 3590, 7462, 9180, 3597, 941, 26191, 10451, 3702, 1436, 9050, 5788, 3903"
C0017661,472,510,23,4,0.8888888888888888,17.391304347826086,0.0012108865021053193,"960, 6401, 6402, 3075"
C0017661,472,301,70,6,1.3333333333333335,8.571428571428571,0.0034014028086602082,"929, 51311, 695, 7096, 7097, 7099"
C0017661,472,198,52,5,1.1111111111111112,9.615384615384617,0.004499737259518146,"1058, 79682, 29127, 9493, 55839"
C0017661,472,124,57,5,1.1111111111111112,8.771929824561402,0.0066612746398221545,"6787, 7305, 912, 10288, 821"
C0017661,472,322,38,4,0.8888888888888888,10.526315789473683,0.007894095898141747,"57405, 11130, 10403, 699"
C0017661,472,353,61,5,1.1111111111111112,8.19672131147541,0.00884666336702632,"515, 490, 8140, 81555, 29015"
C0017661,472,338,24,3,0.6666666666666667,12.5,0.013206045726137363,"8761, 10146, 10973"
C0017661,472,142,25,3,0.6666666666666667,12.0,0.014778625499018653,"24137, 10051, 64151"
C0017661,472,25,27,3,0.6666666666666667,11.11111111111111,0.018228147311908218,"10112, 332, 9212"
C0017661,472,243,74,5,1.1111111111111112,6.756756756756757,0.019256882221609865,"81930, 9232, 4085, 701, 991"
C0017661,472,17,11,2,0.4444444444444444,18.181818181818183,0.02111099952165202,"4288, 23683"
C0017661,472,268,77,5,1.1111111111111112,6.493506493506493,0.02246432279757605,"10988, 8942, 2799, 10135, 25816"
C0017661,472,6,54,4,0.8888888888888888,7.4074074074074066,0.026102536484710274,"133619, 7525, 2526, 23167"
C0017661,472,264,35,3,0.6666666666666667,8.571428571428571,0.03611382400773597,"7153, 54107, 5111"
C0017661,472,321,35,3,0.6666666666666667,8.571428571428571,0.03611382400773597,"23347, 11196, 55165"
C0017661,472,54,61,4,0.8888888888888888,6.557377049180328,0.038498501544202,"23405, 6745, 5250, 29957"
C0017661,472,402,62,4,0.8888888888888888,6.451612903225806,0.0405010270938778,"8522, 55740, 10006, 3071"
C0017661,472,250,2,1,0.2222222222222222,50.0,0.041314966816108564,57103
C0017661,472,242,16,2,0.4444444444444444,12.5,0.04301455130156953,"6059, 6036"
C0017661,472,478,38,3,0.6666666666666667,7.894736842105263,0.04448447031068305,"5352, 25939, 10484"
C0334634,473,158,34,2,15.384615384615385,5.88235294117647,0.0001862956099560645,"1978, 2475"
C0334634,473,37,20,1,7.6923076923076925,5.0,0.011997456916317858,5293
C0334634,473,263,24,1,7.6923076923076925,4.166666666666666,0.014380946083152506,1977
C0334634,473,23,47,1,7.6923076923076925,2.127659574468085,0.02798331967276742,203
C0334634,473,122,56,1,7.6923076923076925,1.7857142857142856,0.033258654897920965,2932
C0334634,473,218,56,1,7.6923076923076925,1.7857142857142856,0.033258654897920965,80326
C0334634,473,35,59,1,7.6923076923076925,1.694915254237288,0.03501121861876818,1499
C0334634,473,458,64,1,7.6923076923076925,1.5625,0.03792564224209269,595
C0334634,473,11,65,1,7.6923076923076925,1.5384615384615385,0.038507551079893496,472
C0334634,473,487,68,1,7.6923076923076925,1.4705882352941175,0.04025132881508071,3492
C0020672,474,202,139,3,25.0,2.158273381294964,5.5311148450824014e-05,"3972, 1268, 7252"
C0020672,474,208,33,2,16.666666666666664,6.0606060606060606,0.000148554905605668,"3592, 3593"
C0020672,474,154,55,1,8.333333333333332,1.8181818181818181,0.030198107548693707,2641
C0020672,474,312,56,1,8.333333333333332,1.7857142857142856,0.030739341978487,7200
C0020672,474,255,58,1,8.333333333333332,1.7241379310344827,0.031820980273584674,6647
C0086543,475,356,47,6,28.57142857142857,12.76595744680851,4.082165551037256e-12,"1409, 1410, 1420, 1421, 2703, 4284"
C0086543,475,30,89,2,9.523809523809524,2.247191011235955,0.003363280676371445,"1427, 1414"
C0086543,475,229,14,1,4.761904761904762,7.142857142857142,0.013556301015686783,23424
C0086543,475,145,16,1,4.761904761904762,6.25,0.015478568242388472,5309
C0086543,475,431,29,1,4.761904761904762,3.4482758620689653,0.02788661957310021,7431
C0086543,475,460,31,1,4.761904761904762,3.225806451612903,0.029782280836302903,2584
C0086543,475,158,34,1,4.761904761904762,2.941176470588235,0.03261917295681332,57447
C0524909,476,338,24,1,6.666666666666667,4.166666666666666,0.016575731633709834,3440
C0524909,476,492,39,1,6.666666666666667,2.564102564102564,0.026804961568028852,3118
C0524909,476,415,40,1,6.666666666666667,2.5,0.027483366883415024,6941
C0524909,476,386,42,1,6.666666666666667,2.380952380952381,0.028838853571038364,3115
C0524909,476,165,50,1,6.666666666666667,2.0,0.03424318681265135,4855
C0524909,476,323,50,1,6.666666666666667,2.0,0.03424318681265135,3113
C0524909,476,149,56,1,6.666666666666667,1.7857142857142856,0.038278002083352414,3111
C0524909,476,22,57,1,6.666666666666667,1.7543859649122806,0.038948939712706826,7332
C0524909,476,124,57,1,6.666666666666667,1.7543859649122806,0.038948939712706826,3107
C0524909,476,500,58,1,6.666666666666667,1.7241379310344827,0.039619440452442166,3240
C0011609,477,347,66,2,11.11111111111111,3.0303030303030303,0.001368504369692426,"1571, 1543"
C0011609,477,240,120,2,11.11111111111111,1.6666666666666667,0.004435453383068093,"344, 345"
C0011609,477,372,176,2,11.11111111111111,1.1363636363636365,0.009306183798434137,"721, 3827"
C0011609,477,431,29,1,5.555555555555555,3.4482758620689653,0.023949293611483794,7276
C0011609,477,180,35,1,5.555555555555555,2.857142857142857,0.028836211500272352,6863
C0011609,477,492,39,1,5.555555555555555,2.564102564102564,0.0320813086978433,3119
C0011609,477,386,42,1,5.555555555555555,2.380952380952381,0.034508408072384124,3115
C0011609,477,115,47,1,5.555555555555555,2.127659574468085,0.038540805034497895,3606
C0011609,477,124,57,1,5.555555555555555,1.7543859649122806,0.04655792968535666,3106
C0011609,477,500,58,1,5.555555555555555,1.7241379310344827,0.04735616025585261,2205
C0346647,478,474,28,1,5.88235294117647,3.571428571428571,0.0218610629505079,636
C0346647,478,389,31,1,5.88235294117647,3.225806451612903,0.024176452374100172,7015
C0346647,478,385,32,1,5.88235294117647,3.125,0.024947101835664783,9564
C0346647,478,464,36,1,5.88235294117647,2.7777777777777777,0.028023975267905697,84133
C0346647,478,461,46,1,5.88235294117647,2.1739130434782608,0.035676227333714255,81846
C0038356,479,285,96,7,2.464788732394366,7.291666666666667,0.000280643723908581,"3553, 3490, 7078, 3814, 3576, 84634, 4319"
C0038356,479,423,99,7,2.464788732394366,7.07070707070707,0.00033899276982116025,"329, 841, 843, 174, 54739, 29108, 7124"
C0038356,479,107,34,4,1.4084507042253522,11.76470588235294,0.0010018798172215855,"8189, 3162, 51741, 29894"
C0038356,479,343,59,4,1.4084507042253522,6.779661016949152,0.007607534458297589,"6209, 6138, 6227, 6231"
C0038356,479,458,64,4,1.4084507042253522,6.25,0.010092886489380245,"1032, 595, 1027, 1019"
C0038356,479,481,110,5,1.7605633802816902,4.545454545454546,0.0152876565312777,"1890, 1514, 8530, 1469, 5055"
C0038356,479,206,82,4,1.4084507042253522,4.878048780487805,0.02315115837844746,"11200, 5290, 3845, 2263"
C0038356,479,119,87,4,1.4084507042253522,4.597701149425287,0.028015218852311938,"501, 220, 229, 5550"
C0038356,479,202,139,5,1.7605633802816902,3.597122302158273,0.03711117723416869,"2149, 59340, 3350, 154, 51292"
C0038356,479,46,3,1,0.35211267605633806,33.33333333333333,0.03900650444651994,3312
C0038356,479,80,24,2,0.7042253521126761,8.333333333333332,0.03945582994243084,"328, 7022"
C0038356,479,324,24,2,0.7042253521126761,8.333333333333332,0.03945582994243084,"3659, 8190"
C0038356,479,255,58,3,1.056338028169014,5.172413793103448,0.04105988555605796,"6648, 27034, 1892"
C0038356,479,337,26,2,0.7042253521126761,7.6923076923076925,0.04567341056512194,"2272, 3329"
C0038356,479,25,27,2,0.7042253521126761,7.4074074074074066,0.04890829865911407,"332, 9212"
C0029463,480,332,68,3,7.6923076923076925,4.411764705882353,0.0002529248274071435,"648, 54880, 11174"
C0029463,480,448,10,1,2.564102564102564,10.0,0.017948708919803068,1956
C0029463,480,240,120,2,5.128205128205128,1.6666666666666667,0.01991091581886161,"8856, 2101"
C0029463,480,393,14,1,2.564102564102564,7.142857142857142,0.025039959405694093,7262
C0029463,480,202,139,2,5.128205128205128,1.4388489208633095,0.02617839335091418,"5996, 2348"
C0029463,480,192,19,1,2.564102564102564,5.263157894736842,0.033833889085084334,9183
C0029463,480,265,19,1,2.564102564102564,5.263157894736842,0.033833889085084334,2146
C0029463,480,434,19,1,2.564102564102564,5.263157894736842,0.033833889085084334,85417
C0029463,480,432,21,1,2.564102564102564,4.761904761904762,0.037329778815345084,4609
C0029463,480,177,26,1,2.564102564102564,3.8461538461538463,0.04601566933059686,7157
C0029463,480,313,27,1,2.564102564102564,3.7037037037037033,0.047743661012177196,2950
C0042900,481,274,211,4,11.428571428571429,1.8957345971563981,0.0003682052209898027,"6503, 10019, 941, 26191"
C0042900,481,301,70,2,5.714285714285714,2.857142857142857,0.005770924973382202,"1235, 148022"
C0042900,481,113,14,1,2.857142857142857,7.142857142857142,0.022498816147129532,116449
C0042900,481,384,15,1,2.857142857142857,6.666666666666667,0.024086920934524515,53347
C0042900,481,187,18,1,2.857142857142857,5.555555555555555,0.028836211500272352,64135
C0042900,481,227,20,1,2.857142857142857,5.0,0.031989923708167466,64094
C0042900,481,463,20,1,2.857142857142857,5.0,0.031989923708167466,114904
C0042900,481,185,22,1,2.857142857142857,4.545454545454546,0.035133686380346626,64375
C0042900,481,510,23,1,2.857142857142857,4.3478260869565215,0.03670184616565834,960
C0042900,481,215,25,1,2.857142857142857,4.0,0.03983074163544316,6311
C0042900,481,474,28,1,2.857142857142857,3.571428571428571,0.04450558142090073,8635
C0042900,481,297,30,1,2.857142857142857,3.3333333333333335,0.04760984973712882,6506
C0038358,482,347,66,2,11.11111111111111,3.0303030303030303,0.001368504369692426,"5742, 5743"
C0038358,482,265,19,1,5.555555555555555,5.263157894736842,0.015752782733386695,7425
C0038358,482,136,29,1,5.555555555555555,3.4482758620689653,0.023949293611483794,7422
C0038358,482,38,35,1,5.555555555555555,2.857142857142857,0.028836211500272352,3375
C0038358,482,135,36,1,5.555555555555555,2.7777777777777777,0.029648447732638993,4846
C0038358,482,92,41,1,5.555555555555555,2.4390243902439024,0.03370001433088735,3084
C0038358,482,255,58,1,5.555555555555555,1.7241379310344827,0.04735616025585261,847
C0021390,483,208,33,4,4.0,12.121212121212121,1.60860063460228e-05,"149233, 246778, 6774, 6775"
C0021390,483,496,87,3,3.0,3.4482758620689653,0.007746391180058606,"3569, 2355, 60468"
C0021390,483,326,97,3,3.0,3.0927835051546393,0.010423263044515026,"10666, 5579, 3559"
C0021390,483,22,57,2,2.0,3.508771929824561,0.02881969741795609,"7332, 63892"
C0860207,484,285,96,6,4.137931034482759,6.25,4.7060811112745024e-05,"3553, 2919, 3627, 6347, 729230, 4313"
C0860207,484,347,66,5,3.4482758620689653,7.575757575757576,8.255483627441008e-05,"1571, 54600, 1548, 5743, 1557"
C0860207,484,240,120,6,4.137931034482759,5.0,0.0001625098385241855,"10062, 1582, 9971, 8856, 5465, 5468"
C0860207,484,341,18,3,2.0689655172413794,16.666666666666664,0.0002258661349371961,"2944, 2946, 2947"
C0860207,484,372,176,6,4.137931034482759,3.4090909090909087,0.0012399789681356538,"1281, 2243, 9002, 718, 5327, 5340"
C0860207,484,98,91,4,2.7586206896551726,4.395604395604396,0.0033374775408619955,"4057, 1191, 5444, 335"
C0860207,484,173,15,2,1.3793103448275863,13.333333333333334,0.004454677177831182,"196, 405"
C0860207,484,255,58,3,2.0689655172413794,5.172413793103448,0.007020224541283492,"6649, 6647, 847"
C0860207,484,496,87,3,2.0689655172413794,3.4482758620689653,0.020952886433274278,"3569, 4780, 350"
C0860207,484,135,36,2,1.3793103448275863,5.555555555555555,0.02437994640489652,"348, 1559"
C0860207,484,47,39,2,1.3793103448275863,5.128205128205128,0.028303664487998034,"7018, 3479"
C0860207,484,492,39,2,1.3793103448275863,5.128205128205128,0.028303664487998034,"2638, 3119"
C0010278,485,406,27,2,18.181818181818183,7.4074074074074066,8.251267293115732e-05,"57539, 55764"
C0010278,485,418,94,2,18.181818181818183,2.127659574468085,0.001008541387287616,"6938, 7291"
C0010278,485,265,19,1,9.090909090909092,5.263157894736842,0.009654843006739687,2146
C0010278,485,31,21,1,9.090909090909092,4.761904761904762,0.010666196673580784,27241
C0010278,485,219,49,1,9.090909090909092,2.0408163265306123,0.02472690890522152,4745
C0010278,485,323,50,1,9.090909090909092,2.0,0.025225700238773806,1947
C0010278,485,184,82,1,9.090909090909092,1.2195121951219512,0.041065096971841304,650
C0010278,485,206,82,1,9.090909090909092,1.2195121951219512,0.041065096971841304,2263
C0079773,486,423,99,3,14.285714285714285,3.0303030303030303,0.00011766976259157766,"7128, 84433, 355"
C0079773,486,430,39,2,9.523809523809524,5.128205128205128,0.0006553481171297822,"4170, 581"
C0079773,486,274,211,3,14.285714285714285,1.4218009478672986,0.001079519259777861,"6777, 940, 1493"
C0079773,486,177,26,1,4.761904761904762,3.8461538461538463,0.025036512345021723,7157
C0079773,486,331,35,1,4.761904761904762,2.857142857142857,0.03356304682978209,10664
C0079773,486,182,44,1,4.761904761904762,2.272727272727273,0.04201853386505742,1788
C0079773,486,106,48,1,4.761904761904762,2.083333333333333,0.04575387005800572,1029
C0079773,486,376,49,1,4.761904761904762,2.0408163265306123,0.04668553441844935,5335
C0079772,487,344,5,1,9.090909090909092,20.0,0.002549009204769257,1654
C0079772,487,254,21,1,9.090909090909092,4.761904761904762,0.010666196673580784,2033
C0079772,487,177,26,1,9.090909090909092,3.8461538461538463,0.013190474417237962,7157
C0079772,487,406,27,1,9.090909090909092,3.7037037037037033,0.013694626792018995,604
C0079772,487,342,29,1,9.090909090909092,3.4482758620689653,0.014702229151256817,80816
C0079772,487,208,33,1,9.090909090909092,3.0303030303030303,0.016714627048070637,6774
C0079772,487,505,57,1,9.090909090909092,1.7543859649122806,0.028710751233360365,8289
C0079772,487,332,68,1,9.090909090909092,1.4705882352941175,0.03416437975139368,23269
C0079772,487,105,74,1,9.090909090909092,1.3513513513513513,0.03712733887845199,387
C0424295,488,369,59,3,9.67741935483871,5.084745762711865,8.28879841530802e-05,"4880, 114, 107"
C0424295,488,427,27,2,6.451612903225806,7.4074074074074066,0.0006869102405490866,"4915, 4803"
C0424295,488,123,32,2,6.451612903225806,6.25,0.0009663403591454636,"1812, 1814"
C0424295,488,202,139,3,9.67741935483871,2.158273381294964,0.0010331853588361967,"1394, 3356, 1813"
C0424295,488,312,56,2,6.451612903225806,3.571428571428571,0.0029366119768507904,"4922, 5020"
C0424295,488,496,87,2,6.451612903225806,2.2988505747126435,0.006939022102377634,"2353, 3558"
C0424295,488,19,130,2,6.451612903225806,1.5384615384615385,0.014969154996533514,"885, 2550"
C0424295,488,444,13,1,3.225806451612903,7.6923076923076925,0.018539284628106806,590
C0424295,488,179,31,1,3.225806451612903,3.225806451612903,0.04366084593636168,135
C0424295,488,38,35,1,3.225806451612903,2.857142857142857,0.0491583077321676,4852
C0424295,488,157,35,1,3.225806451612903,2.857142857142857,0.0491583077321676,2891
C0037268,489,40,23,1,10.0,4.3478260869565215,0.010620514053098431,84627
C0037268,489,454,28,1,10.0,3.571428571428571,0.012915844100679672,8626
C0037268,489,350,35,1,10.0,2.857142857142857,0.016121254748823116,6832
C0037268,489,226,58,1,10.0,1.7241379310344827,0.02658746775931236,1147
C0037268,489,255,58,1,10.0,1.7241379310344827,0.02658746775931236,6648
C0037268,489,153,65,1,10.0,1.5384615384615385,0.029752887202303725,3664
C0037268,489,95,78,1,10.0,1.282051282051282,0.03560695510107622,2068
C0037268,489,206,82,1,10.0,1.2195121951219512,0.037401800347182136,2263
C0037268,489,423,99,1,10.0,1.0101010101010102,0.044996400670389104,317
C0677886,490,259,94,2,9.090909090909092,2.127659574468085,0.004105746217895165,"1306, 28"
C0677886,490,305,16,1,4.545454545454546,6.25,0.016210010613679417,57522
C0677886,490,61,17,1,4.545454545454546,5.88235294117647,0.017214763399831377,29086
C0677886,490,215,25,1,4.545454545454546,4.0,0.025217597688196872,8631
C0677886,490,177,26,1,4.545454545454546,3.8461538461538463,0.02621356707566018,7157
C0677886,490,368,26,1,4.545454545454546,3.8461538461538463,0.02621356707566018,79915
C0677886,490,389,31,1,4.545454545454546,3.225806451612903,0.031178860948397766,7015
C0677886,490,450,32,1,4.545454545454546,3.125,0.0321690154155136,1366
C0677886,490,464,36,1,4.545454545454546,2.7777777777777777,0.03611998221250125,284654
C0677886,490,292,42,1,4.545454545454546,2.380952380952381,0.04201757769090117,92421
C0282527,491,101,21,4,30.76923076923077,19.047619047619047,4.730224649847418e-10,"5824, 5193, 8504, 5192"
C0282527,491,109,9,3,23.076923076923077,33.33333333333333,1.436101531324112e-08,"55670, 5189, 5190"
C0282527,491,428,85,2,15.384615384615385,2.3529411764705883,0.0011651308250619306,"5194, 5195"
C0282527,491,411,30,1,7.6923076923076925,3.3333333333333335,0.017946229440794614,5828
C0282527,491,513,32,1,7.6923076923076925,3.125,0.01913200920767731,8799
C0282527,491,255,58,1,7.6923076923076925,1.7241379310344827,0.034427356840961425,5830
C0282525,492,101,21,4,30.76923076923077,19.047619047619047,4.730224649847418e-10,"5824, 5193, 8504, 5192"
C0282525,492,109,9,3,23.076923076923077,33.33333333333333,1.436101531324112e-08,"55670, 5189, 5190"
C0282525,492,428,85,2,15.384615384615385,2.3529411764705883,0.0011651308250619306,"5194, 5195"
C0282525,492,411,30,1,7.6923076923076925,3.3333333333333335,0.017946229440794614,5828
C0282525,492,513,32,1,7.6923076923076925,3.125,0.01913200920767731,8799
C0282525,492,255,58,1,7.6923076923076925,1.7241379310344827,0.034427356840961425,5830
C0019569,493,386,42,3,18.75,7.142857142857142,3.783660825957267e-06,"5979, 2668, 4902"
C0019569,493,252,52,2,12.5,3.8461538461538463,0.0006701904604512346,"1908, 1910"
C0019569,493,136,29,1,6.25,3.4482758620689653,0.02131586032871432,10512
C0019569,493,92,41,1,6.25,2.4390243902439024,0.030010991246609473,3084
C0019569,493,501,53,1,6.25,1.8867924528301887,0.0386336581503397,8929
C0019569,493,90,65,1,6.25,1.5384615384615385,0.04718442499818011,1889
C1720887,494,58,246,3,16.666666666666664,1.2195121951219512,0.0010552817149211125,"657, 268, 269"
C1720887,494,81,63,2,11.11111111111111,3.1746031746031744,0.001247857335773995,"54361, 7476"
C1720887,494,153,65,2,11.11111111111111,3.076923076923077,0.0013276904190942555,"3209, 2018"
C1720887,494,381,11,1,5.555555555555555,9.090909090909092,0.009148813801661375,2099
C1720887,494,31,21,1,5.555555555555555,4.761904761904762,0.01739726762204124,5076
C1720887,494,454,28,1,5.555555555555555,3.571428571428571,0.023132552747972407,8626
C1720887,494,47,39,1,5.555555555555555,2.564102564102564,0.0320813086978433,3479
C1720887,494,399,51,1,5.555555555555555,1.9607843137254901,0.04175526495748799,3975
C0919267,495,448,10,2,1.9801980198019802,20.0,0.0009544119832989604,"1956, 2069"
C0919267,495,35,59,3,2.9702970297029703,5.084745762711865,0.002683033306668829,"999, 1499, 607"
C0919267,495,274,211,5,4.9504950495049505,2.3696682464454977,0.0031734053164427494,"1796, 3590, 4233, 2064, 3572"
C0919267,495,458,64,3,2.9702970297029703,4.6875,0.003381044673306172,"898, 1027, 894"
C0919267,495,11,65,3,2.9702970297029703,4.615384615384616,0.003532701824076164,"4292, 4436, 83990"
C0919267,495,153,65,3,2.9702970297029703,4.615384615384616,0.003532701824076164,"3235, 54796, 3231"
C0919267,495,206,82,3,2.9702970297029703,3.6585365853658534,0.006763843339352379,"79728, 5290, 3845"
C0919267,495,429,43,2,1.9801980198019802,4.651162790697675,0.01732343658653554,"5889, 5892"
C0919267,495,255,58,2,1.9801980198019802,3.4482758620689653,0.030309853184570124,"6648, 6647"
C0919267,495,278,67,2,1.9801980198019802,2.9850746268656714,0.03946126866003152,"10013, 8991"
C0919267,495,373,9,1,0.9900990099009901,11.11111111111111,0.04139313663517502,10772
C0919267,495,235,76,2,1.9801980198019802,2.631578947368421,0.04951516186052646,"2122, 6935"
C0162871,496,492,39,2,18.181818181818183,5.128205128205128,0.00017361245527080659,"4035, 3949"
C0162871,496,265,19,1,9.090909090909092,5.263157894736842,0.009654843006739687,100048912
C0162871,496,454,28,1,9.090909090909092,3.571428571428571,0.014198545004062093,153090
C0162871,496,218,56,1,9.090909090909092,1.7857142857142856,0.02821358130611824,183
C0162871,496,312,56,1,9.090909090909092,1.7857142857142856,0.02821358130611824,185
C0162871,496,255,58,1,9.090909090909092,1.7241379310344827,0.029207689918775873,6648
C0162871,496,347,66,1,9.090909090909092,1.5151515151515151,0.03317488630518818,5743
C0162871,496,105,74,1,9.090909090909092,1.3513513513513513,0.03712733887845199,653361
C0162871,496,285,96,1,9.090909090909092,1.0416666666666665,0.047920962904237245,4323
C0042487,497,372,176,11,55.00000000000001,6.25,1.2343787536562038e-18,"2147, 2153, 2155, 2157, 462, 5327, 5328, 2162, 2165, 5624, 5340"
C0042487,497,274,211,2,10.0,0.9478672985781991,0.01613401390283254,"3717, 1437"
C0042487,497,413,23,1,5.0,4.3478260869565215,0.021133087043121952,7035
C0042487,497,219,49,1,5.0,2.0408163265306123,0.04451165091074754,4018
C0002622,498,312,56,2,11.76470588235294,3.571428571428571,0.0008791385784134136,"7200, 551"
C0002622,498,496,87,2,11.76470588235294,2.2988505747126435,0.0021051698267847583,"3569, 3558"
C0002622,498,279,5,1,5.88235294117647,20.0,0.003937185360494633,2922
C0002622,498,202,139,2,11.76470588235294,1.4388489208633095,0.005268797904283531,"2770, 2773"
C0002622,498,427,27,1,5.88235294117647,3.7037037037037033,0.02108811812970924,4803
C0002622,498,123,32,1,5.88235294117647,3.125,0.024947101835664783,11255
C0002622,498,180,35,1,5.88235294117647,2.857142857142857,0.02725561477404633,6863
C0002622,498,252,52,1,5.88235294117647,1.9230769230769231,0.040240323964674564,5443
C0020557,499,161,39,2,14.285714285714285,5.128205128205128,0.0002862657454062019,"64788, 4023"
C0020557,499,444,13,1,7.142857142857142,7.6923076923076925,0.008412245621594115,590
C0020557,499,249,16,1,7.142857142857142,6.25,0.01034417835907923,1401
C0020557,499,338,24,1,7.142857142857142,4.166666666666666,0.015478924977229937,3440
C0020557,499,492,39,1,7.142857142857142,2.564102564102564,0.025039959405694093,3630
C0020557,499,468,41,1,7.142857142857142,2.4390243902439024,0.026308229435767525,2646
C0020557,499,193,42,1,7.142857142857142,2.380952380952381,0.026941789799585118,85019
C0020557,499,22,57,1,7.142857142857142,1.7543859649122806,0.03639937672116,8882
C0020557,499,49,64,1,7.142857142857142,1.5625,0.040783642562205305,338
C0019080,500,372,176,5,31.25,2.840909090909091,1.391712352118032e-07,"2147, 3690, 2155, 5327, 5328"
C0019080,500,38,35,1,6.25,2.857142857142857,0.025672519196862816,5972
C0019080,500,135,36,1,6.25,2.7777777777777777,0.026396858927968225,1559
C0019080,500,36,43,1,6.25,2.3255813953488373,0.03145311933941605,79001
C0019080,500,252,52,1,6.25,1.9230769230769231,0.03791785650905371,5443
C0019080,500,49,64,1,6.25,1.5625,0.04647459358783282,5265
C0019080,500,90,65,1,6.25,1.5384615384615385,0.04718442499818011,5420
C0038220,501,285,96,8,11.940298507462686,8.333333333333332,6.041719081682646e-10,"2826, 6347, 6348, 729230, 1232, 10803, 1236, 1237"
C0038220,501,125,40,5,7.462686567164178,12.5,1.5068791659735616e-07,"6752, 6753, 6754, 6755, 6751"
C0038220,501,427,27,4,5.970149253731343,14.814814814814813,1.4170552709152048e-06,"627, 4915, 4803, 4908"
C0038220,501,496,87,4,5.970149253731343,4.597701149425287,0.00015624440704381658,"2353, 3725, 3726, 3727"
C0038220,501,175,20,2,2.9850746268656714,10.0,0.0017438678802764256,"1000, 6546"
C0038220,501,326,97,3,4.477611940298507,3.0927835051546393,0.0034349053317735225,"4842, 2915, 2911"
C0038220,501,423,99,3,4.477611940298507,3.0303030303030303,0.0036380280679377554,"841, 834, 7124"
C0038220,501,386,42,2,2.9850746268656714,4.761904761904762,0.007562336663155766,"5979, 2668"
C0038220,501,141,147,3,4.477611940298507,2.0408163265306123,0.010825555488041537,"6640, 361, 1756"
C0038220,501,169,73,2,2.9850746268656714,2.73972602739726,0.021702748546833243,"57468, 6334"
C0038220,501,201,89,2,2.9850746268656714,2.247191011235955,0.031332353243592924,"4916, 958"
C1561643,502,468,41,2,9.090909090909092,4.878048780487805,0.0007958432844545369,"2646, 6582"
C1561643,502,425,137,2,9.090909090909092,1.4598540145985401,0.008522022272568465,"92912, 1601"
C1561643,502,167,20,1,4.545454545454546,5.0,0.02022314801178857,7369
C1561643,502,215,25,1,4.545454545454546,4.0,0.025217597688196872,6311
C1561643,502,296,41,1,4.545454545454546,2.4390243902439024,0.041037042970011615,79029
C1561643,502,97,43,1,4.545454545454546,2.3255813953488373,0.04299715534792188,7029
C1561643,502,60,44,1,4.545454545454546,2.272727272727273,0.043975776830786316,6540
C0023473,503,244,40,6,27.27272727272727,15.0,2.012164417196079e-12,"1408, 8864, 5187, 1407, 406, 8863"
C0023473,503,206,82,2,9.090909090909092,2.4390243902439024,0.003142627472561125,"3161, 7490"
C0023473,503,86,7,1,4.545454545454546,14.285714285714285,0.007123004680924127,3309
C0023473,503,338,24,1,4.545454545454546,4.166666666666666,0.02422065599088576,3440
C0023473,503,25,27,1,4.545454545454546,3.7037037037037033,0.027208565056447653,332
C0023473,503,313,27,1,4.545454545454546,3.7037037037037033,0.027208565056447653,2950
C0023473,503,389,31,1,4.545454545454546,3.225806451612903,0.031178860948397766,7015
C0023473,503,401,33,1,4.545454545454546,3.0303030303030303,0.033158203878271265,26040
C0023470,504,331,35,4,23.52941176470588,11.428571428571429,1.364758092613739e-08,"8243, 5885, 9126, 10735"
C0023470,504,409,24,1,5.88235294117647,4.166666666666666,0.018765833021351125,55102
C0023470,504,136,29,1,5.88235294117647,3.4482758620689653,0.02263343333138212,7422
C0023470,504,345,31,1,5.88235294117647,3.225806451612903,0.024176452374100172,1728
C0023470,504,401,33,1,5.88235294117647,3.0303030303030303,0.025717178456746967,26040
C0023470,504,264,35,1,5.88235294117647,2.857142857142857,0.02725561477404633,7155
C0023470,504,154,55,1,5.88235294117647,1.8181818181818181,0.042514740727951354,55904
C0023470,504,122,56,1,5.88235294117647,1.7857142857142856,0.043271751676124785,51527
C0023470,504,255,58,1,5.88235294117647,1.7241379310344827,0.044784083973143346,7001
C0023470,504,54,61,1,5.88235294117647,1.639344262295082,0.047048364311834505,27161
C0006663,505,285,96,4,10.526315789473683,4.166666666666666,2.4271473196800854e-05,"4313, 6347, 7076, 3553"
C0006663,505,274,211,4,10.526315789473683,1.8957345971563981,0.0005073181724591507,"5777, 2209, 3717, 5159"
C0006663,505,372,176,3,7.894736842105263,1.7045454545454544,0.003658791696612566,"5155, 1277, 4318"
C0006663,505,206,82,2,5.263157894736842,2.4390243902439024,0.009195039521813022,"8074, 4046"
C0006663,505,423,99,2,5.263157894736842,2.0202020202020203,0.013181605360482204,"11035, 29108"
C0006663,505,432,21,1,2.631578947368421,4.761904761904762,0.03638940879744212,80169
C0003504,506,184,82,4,36.36363636363637,4.878048780487805,6.287606513153136e-08,"7040, 1490, 7042, 11167"
C0003504,506,372,176,3,27.27272727272727,1.7045454545454544,8.412565782621054e-05,"1281, 1277, 2335"
C0003504,506,369,59,2,18.181818181818183,3.389830508474576,0.0003986525760240593,"4878, 4879"
C0003504,506,100,40,1,9.090909090909092,2.5,0.02022733445043564,4015
C0003504,506,285,96,1,9.090909090909092,1.0416666666666665,0.047920962904237245,7076
C1960469,507,460,31,4,33.33333333333333,12.903225806451612,1.7176241387040335e-09,"7168, 4625, 7139, 57644"
C1960469,507,227,20,1,8.333333333333332,5.0,0.01107945223052582,4000
C1960469,507,179,31,1,8.333333333333332,3.225806451612903,0.017125076104516183,11155
C1960469,507,310,31,1,8.333333333333332,3.225806451612903,0.017125076104516183,70
C1960469,507,43,42,1,8.333333333333332,2.380952380952381,0.0231368035677213,63976
C1960469,507,238,46,1,8.333333333333332,2.1739130434782608,0.02531451600436828,4607
C0030567,508,372,176,5,4.545454545454546,2.840909090909091,0.0021023818026316777,"4099, 2244, 3082, 1356, 1305"
C0030567,508,255,58,3,2.727272727272727,5.172413793103448,0.0032531240407101896,"6648, 2876, 6647"
C0030567,508,347,66,3,2.727272727272727,4.545454545454546,0.00468439709347174,"1586, 1571, 1565"
C0030567,508,427,27,2,1.8181818181818181,7.4074074074074066,0.008333189402765439,"627, 4803"
C0030567,508,119,87,3,2.727272727272727,3.4482758620689653,0.010045780860805086,"4128, 4129, 1644"
C0030567,508,436,2,1,0.9090909090909091,50.0,0.010179699139730386,6147
C0030567,508,114,3,1,0.9090909090909091,33.33333333333333,0.015230974161517887,6202
C0030567,508,47,39,2,1.8181818181818181,5.128205128205128,0.016908012778610197,"3481, 3077"
C0030567,508,65,4,1,0.9090909090909091,25.0,0.02025670455226824,6128
C0030567,508,334,48,2,1.8181818181818181,4.166666666666666,0.02498708618518333,"11315, 10743"
C0030567,508,253,61,2,1.8181818181818181,3.278688524590164,0.03884668453142972,"2643, 10295"
C0030567,508,141,147,3,2.727272727272727,2.0408163265306123,0.03952671079034829,"3761, 1740, 7473"
C0030567,508,213,8,1,0.9090909090909091,12.5,0.04010673032476536,56922
C0030567,508,140,10,1,0.9090909090909091,10.0,0.04988177342891492,9045
C0014170,509,136,29,3,5.88235294117647,10.344827586206897,4.364581529827049e-05,"6405, 7422, 7869"
C0014170,509,265,19,2,3.9215686274509802,10.526315789473683,0.0009145264473888374,"23512, 2146"
C0014170,509,110,26,2,3.9215686274509802,7.6923076923076925,0.0017198365719313896,"5241, 8405"
C0014170,509,296,41,2,3.9215686274509802,4.878048780487805,0.004242144576116008,"8644, 1645"
C0014170,509,129,59,2,3.9215686274509802,3.389830508474576,0.008614973992913293,"57016, 231"
C0014170,509,347,66,2,3.9215686274509802,3.0303030303030303,0.010687205148014743,"6716, 3294"
C0014170,509,487,68,2,3.9215686274509802,2.941176470588235,0.011315835640258547,"2100, 55294"
C0014170,509,373,9,1,1.9607843137254901,11.11111111111111,0.021095877847072377,10772
C0014170,509,285,96,2,3.9215686274509802,2.083333333333333,0.021721372708156033,"3576, 6347"
C0014170,509,381,11,1,1.9607843137254901,9.090909090909092,0.025724259651865984,2099
C0014170,509,302,12,1,1.9607843137254901,8.333333333333332,0.02803039827424391,27030
C0014170,509,328,14,1,1.9607843137254901,7.142857142857142,0.03262663195726731,64061
C0014170,509,37,20,1,1.9607843137254901,5.0,0.04628785752033694,5728
C0014170,509,254,21,1,1.9607843137254901,4.761904761904762,0.0485462648782077,2033
C0243026,510,13,92,2,9.523809523809524,2.1739130434782608,0.00358885952869434,"5594, 5595"
C0243026,510,372,176,2,9.523809523809524,1.1363636363636365,0.012570329779483816,"5624, 4318"
C0243026,510,167,20,1,4.761904761904762,5.0,0.019312405446266917,4049
C0243026,510,276,21,1,4.761904761904762,4.761904761904762,0.02026864073835164,3929
C0243026,510,471,22,1,4.761904761904762,4.545454545454546,0.021223987996175475,3586
C0243026,510,338,24,1,4.761904761904762,4.166666666666666,0.023132021542381715,3440
C0243026,510,362,30,1,4.761904761904762,3.3333333333333335,0.0288348907078533,1440
C0243026,510,345,31,1,4.761904761904762,3.225806451612903,0.029782280836302903,4282
C0243026,510,401,33,1,4.761904761904762,3.0303030303030303,0.03167442118413478,3458
C0243026,510,135,36,1,4.761904761904762,2.7777777777777777,0.0345060435780664,4846
C0243026,510,16,41,1,4.761904761904762,2.4390243902439024,0.03920789752975901,3146
C0243026,510,468,41,1,4.761904761904762,2.4390243902439024,0.03920789752975901,284
C0014175,511,347,66,10,6.211180124223603,15.151515151515152,6.001931282891047e-11,"5732, 3620, 5737, 5743, 3292, 1588, 1528, 6715, 6716, 3294"
C0014175,511,487,68,7,4.3478260869565215,10.294117647058822,7.521733592807012e-07,"9440, 9282, 10025, 2100, 29079, 7067, 5469"
C0014175,511,240,120,8,4.968944099378882,6.666666666666667,3.364347317167944e-06,"8648, 9611, 2063, 6096, 7026, 4306, 2516, 5915"
C0014175,511,334,48,4,2.484472049689441,8.333333333333332,0.0004515334631418832,"9112, 9219, 7181, 7182"
C0014175,511,149,56,4,2.484472049689441,7.142857142857142,0.0008137702081834666,"3912, 3371, 3688, 1839"
C0014175,511,47,39,3,1.8633540372670807,7.6923076923076925,0.0030679907824899943,"3489, 3484, 3479"
C0014175,511,206,82,4,2.484472049689441,4.878048780487805,0.003336030159271278,"92304, 3845, 54206, 9687"
C0014175,511,296,41,3,1.8633540372670807,7.317073170731707,0.003539841119969712,"8644, 1645, 1646"
C0014175,511,254,21,2,1.2422360248447204,9.523809523809524,0.010605850828816911,"51621, 6414"
C0014175,511,81,63,3,1.8633540372670807,4.761904761904762,0.011704288073307091,"54361, 25890, 22943"
C0014175,511,110,26,2,1.2422360248447204,7.6923076923076925,0.01601908349583827,"5241, 687"
C0014175,511,465,30,2,1.2422360248447204,6.666666666666667,0.021028541920238012,"5617, 374"
C0014175,511,317,3,1,0.6211180124223602,33.33333333333333,0.022239816967603448,1655
C0014175,511,259,94,3,1.8633540372670807,3.1914893617021276,0.033451752536039096,"387496, 1994, 116039"
C0014175,511,266,6,1,0.6211180124223602,16.666666666666664,0.04398802856416098,51191
C0014175,511,238,46,2,1.2422360248447204,4.3478260869565215,0.0463159100599737,"5320, 27063"
C0014859,512,430,39,4,5.714285714285714,10.256410256410255,7.694803316782851e-06,"27113, 597, 596, 581"
C0014859,512,347,66,3,4.285714285714286,4.545454545454546,0.001296031399023423,"1588, 5742, 5743"
C0014859,512,119,87,3,4.285714285714286,3.4482758620689653,0.0028596864878576897,"217, 131, 125"
C0014859,512,423,99,3,4.285714285714286,3.0303030303030303,0.004116093817477234,"841, 331, 8797"
C0014859,512,460,31,2,2.857142857142857,6.451612903225806,0.004547922090014583,"7168, 7171"
C0014859,512,412,2,1,1.4285714285714286,50.0,0.006484015978800432,7284
C0014859,512,255,58,2,2.857142857142857,3.4482758620689653,0.015282213016359224,"6648, 7001"
C0014859,512,448,10,1,1.4285714285714286,10.0,0.03200822587526001,1956
C0014859,512,302,12,1,1.4285714285714286,8.333333333333332,0.03828760825660259,27030
C0014859,512,285,96,2,2.857142857142857,2.083333333333333,0.03897088636316262,"2920, 4323"
C0014859,512,393,14,1,1.4285714285714286,7.142857142857142,0.04452683435464987,5245
C0341106,513,285,96,2,10.0,2.083333333333333,0.003539124417261799,"10344, 7077"
C0341106,513,452,7,1,5.0,14.285714285714285,0.0064772610418548935,23076
C0341106,513,191,22,1,5.0,4.545454545454546,0.02022314801178857,11077
C0341106,513,50,25,1,5.0,4.0,0.02295055718935007,9127
C0341106,513,406,27,1,5.0,3.7037037037037033,0.02476482125190343,8613
C0341106,513,333,33,1,5.0,3.0303030303030303,0.030188430480036728,6778
C0005684,514,206,82,3,18.75,3.6585365853658534,2.8664532592034137e-05,"2261, 3845, 4046"
C0005684,514,437,1,1,6.25,100.0,0.000742218304958946,6563
C0005684,514,347,66,2,12.5,3.0303030303030303,0.0010775853368227702,"54576, 54575"
C0005684,514,229,14,1,6.25,7.142857142857142,0.01034417835907923,10460
C0005684,514,469,19,1,6.25,5.263157894736842,0.014014153736146635,342184
C0005684,514,39,31,1,6.25,3.225806451612903,0.022770105094862464,55892
C0005684,514,120,34,1,6.25,2.941176470588235,0.024947674276936744,1198
C0005684,514,426,36,1,6.25,2.7777777777777777,0.026396858927968225,54901
C0005684,514,97,43,1,6.25,2.3255813953488373,0.03145311933941605,5925
C0752347,515,427,27,2,10.526315789473683,7.4074074074074066,0.00025495803205775815,"4915, 4803"
C0752347,515,155,7,1,5.263157894736842,14.285714285714285,0.006154254252913043,4914
C0752347,515,384,15,1,5.263157894736842,6.666666666666667,0.013143748538032372,2670
C0752347,515,274,211,2,10.526315789473683,0.9478672985781991,0.014613812050209373,"3480, 3643"
C0752347,515,361,29,1,5.263157894736842,3.4482758620689653,0.025263443315985724,177
C0752347,515,310,31,1,5.263157894736842,3.225806451612903,0.026983273466922527,199
C0752347,515,135,36,1,5.263157894736842,2.7777777777777777,0.03127028049560966,348
C0752347,515,47,39,1,5.263157894736842,2.564102564102564,0.033833889085084334,3481
C0752347,515,492,39,1,5.263157894736842,2.564102564102564,0.033833889085084334,3630
C0752347,515,294,48,1,5.263157894736842,2.083333333333333,0.041486207331206504,8678
C0752347,515,424,49,1,5.263157894736842,2.0408163265306123,0.042332911597360565,2629
C0752347,515,252,52,1,5.263157894736842,1.9230769230769231,0.04486877500572012,1906
C0752347,515,255,58,1,5.263157894736842,1.7241379310344827,0.04992142989256558,6648
C3160718,516,238,46,2,9.523809523809524,4.3478260869565215,0.0009116119141760823,"7345, 4287"
C3160718,516,499,105,2,9.523809523809524,1.9047619047619049,0.004645621066430168,"4729, 4535"
C3160718,516,225,11,1,4.761904761904762,9.090909090909092,0.010666196673580784,5071
C3160718,516,9,16,1,4.761904761904762,6.25,0.015478568242388472,9627
C3160718,516,517,16,1,4.761904761904762,6.25,0.015478568242388472,2747
C3160718,516,215,25,1,4.761904761904762,4.0,0.024084709395797873,6311
C3160718,516,303,29,1,4.761904761904762,3.4482758620689653,0.02788661957310021,4137
C3160718,516,438,32,1,4.761904761904762,3.125,0.03072879073607239,23317
C3160718,516,424,49,1,4.761904761904762,2.0408163265306123,0.04668553441844935,2629
C0311375,517,285,96,6,10.0,6.25,2.74607625762529e-07,"3553, 2920, 2921, 414062, 6351, 7130"
C0311375,517,301,70,4,6.666666666666667,5.714285714285714,4.333583791675301e-05,"3552, 57162, 6364, 3557"
C0311375,517,374,28,2,3.3333333333333335,7.142857142857142,0.0027486099336399127,"2072, 8554"
C0311375,517,205,73,2,3.3333333333333335,2.73972602739726,0.0176393385109872,"6314, 2067"
C0311375,517,188,8,1,1.6666666666666667,12.5,0.022054386443039822,8975
C0311375,517,287,11,1,1.6666666666666667,9.090909090909092,0.03020087395130456,2803
C0311375,517,145,16,1,1.6666666666666667,6.25,0.043630307329407016,6421
C0311375,517,249,16,1,1.6666666666666667,6.25,0.043630307329407016,1401
C0311375,517,222,17,1,1.6666666666666667,5.88235294117647,0.046294166089921186,5209
C0007621,518,296,41,3,2.8301886792452833,7.317073170731707,0.0010753574464216385,"8644, 1645, 1646"
C0007621,518,150,54,3,2.8301886792452833,5.555555555555555,0.0023890867033430135,"3852, 3861, 1879"
C0007621,518,255,58,3,2.8301886792452833,5.172413793103448,0.0029300904514124684,"6648, 6647, 847"
C0007621,518,235,76,3,2.8301886792452833,3.9473684210526314,0.006263313460342825,"6615, 9839, 6935"
C0007621,518,450,32,2,1.8867924528301887,6.25,0.010791233733619501,"100506658, 9076"
C0007621,518,274,211,4,3.7735849056603774,1.8957345971563981,0.020428337054884643,"3480, 3667, 7852, 238"
C0007621,518,226,58,2,1.8867924528301887,3.4482758620689653,0.033118046397006926,"5970, 4790"
C0007621,518,262,10,1,0.9433962264150944,10.0,0.048107882844479574,4193
